path	doc_type	category	axis	status	title
/Users/jasonlee/Developer/source/docs/advanced-cicd/branch-pipeline/ADR-0055-branch-pipeline.md	adr	explanation	decision/ADR	likely-stale	ADR-DRAFT: Four-Layer Branch Pipeline with Reviewer-Agent-Gated Auto-Promotion (Supersedes
/Users/jasonlee/Developer/source/docs/advanced-cicd/branch-pipeline/agent-roles-spec.md	spec	reference	operations/runbook	likely-stale	Agent Roles — Branch-Pipeline Promotion Workers
/Users/jasonlee/Developer/source/docs/advanced-cicd/branch-pipeline/branch-pipeline-architecture.md	architecture	explanation	architecture	likely-stale	Branch Pipeline Architecture — Four-Layer Auto-Promotion
/Users/jasonlee/Developer/source/docs/advanced-cicd/branch-pipeline/branch-protection-rules.md	spec	reference	operations/runbook	likely-stale	Branch Protection Rules
/Users/jasonlee/Developer/source/docs/advanced-cicd/branch-pipeline/ci-policy-per-branch.md	spec	reference	operations/runbook	likely-stale	CI Policy Per Branch / Per Layer
/Users/jasonlee/Developer/source/docs/advanced-cicd/branch-pipeline/fitness-lanes-for-branch-pipeline.md	spec	reference	operations/runbook	likely-stale	Fitness Lanes for the Branch Pipeline
/Users/jasonlee/Developer/source/docs/advanced-cicd/branch-pipeline/foundry-pipeline-mirror.md	spec	reference	operations/runbook	likely-stale	Foundry Pipeline Mirror — Capability Stages in Lockstep with Branch Layers
/Users/jasonlee/Developer/source/docs/advanced-cicd/branch-pipeline/INDEX.md	index	reference	operations/runbook	likely-stale	Branch Pipeline Composer — INDEX
/Users/jasonlee/Developer/source/docs/advanced-cicd/branch-pipeline/playbooks-by-axis-stage.md	runbook	how-to	operations/runbook	likely-stale	Playbooks By Axis × Stage
/Users/jasonlee/Developer/source/docs/advanced-cicd/branch-pipeline/rollback-mechanics-per-stage.md	spec	reference	operations/runbook	likely-stale	Rollback Mechanics Per Stage
/Users/jasonlee/Developer/source/docs/advanced-cicd/branch-pipeline/velocity-without-stability-loss.md	other	reference	operations/runbook	likely-stale	Velocity Without Stability Loss — The Trade-Off Doc
/Users/jasonlee/Developer/source/docs/advanced-cicd/progressive-delivery/blue-green-spec.md	spec	reference	operations/runbook	likely-stale	Blue/Green Specification
/Users/jasonlee/Developer/source/docs/advanced-cicd/progressive-delivery/canary-rail-spec.md	spec	reference	operations/runbook	likely-stale	Canary Rail Specification
/Users/jasonlee/Developer/source/docs/advanced-cicd/progressive-delivery/dark-launch-spec.md	spec	reference	operations/runbook	likely-stale	Dark-Launch Specification
/Users/jasonlee/Developer/source/docs/advanced-cicd/progressive-delivery/enforcement-lanes.md	governance	explanation	operations/runbook	likely-stale	Enforcement Lanes — Progressive Delivery
/Users/jasonlee/Developer/source/docs/advanced-cicd/progressive-delivery/feature-flag-architecture.md	other	reference	operations/runbook	likely-stale	Feature-Flag Architecture — Oyatie
/Users/jasonlee/Developer/source/docs/advanced-cicd/progressive-delivery/INDEX.md	index	reference	operations/runbook	likely-stale	Progressive-Delivery + SLO-Burn-Rate-Rollback Architecture — Index
/Users/jasonlee/Developer/source/docs/advanced-cicd/progressive-delivery/playbook-ads.md	runbook	how-to	operations/runbook	current	Playbook: Ads / Analytics Rollout
/Users/jasonlee/Developer/source/docs/advanced-cicd/progressive-delivery/playbook-cloud.md	runbook	how-to	operations/runbook	current	Playbook: Cloud-Axis Rollout
/Users/jasonlee/Developer/source/docs/advanced-cicd/progressive-delivery/playbook-cross-axis-contract.md	runbook	how-to	operations/runbook	likely-stale	Playbook: Cross-Axis Contract Change
/Users/jasonlee/Developer/source/docs/advanced-cicd/progressive-delivery/playbook-foundry.md	runbook	how-to	operations/runbook	likely-stale	Playbook: Foundry Capability Rollout
/Users/jasonlee/Developer/source/docs/advanced-cicd/progressive-delivery/playbook-saas.md	runbook	how-to	operations/runbook	current	Playbook: SaaS Surface Rollout
/Users/jasonlee/Developer/source/docs/advanced-cicd/progressive-delivery/playbook-search.md	runbook	how-to	operations/runbook	likely-stale	Playbook: Search Rollout
/Users/jasonlee/Developer/source/docs/advanced-cicd/progressive-delivery/playbook-vertical-pack.md	runbook	how-to	operations/runbook	current	Playbook: Vertical-Pack Update
/Users/jasonlee/Developer/source/docs/advanced-cicd/progressive-delivery/playbook-workspace.md	runbook	how-to	operations/runbook	current	Playbook: Workspace Surface Rollout
/Users/jasonlee/Developer/source/docs/advanced-cicd/progressive-delivery/progressive-delivery-strategy.md	other	reference	operations/runbook	likely-stale	Progressive-Delivery Strategy — Oyatie
/Users/jasonlee/Developer/source/docs/advanced-cicd/progressive-delivery/slo-burn-rate-rollback-spec.md	spec	reference	operations/runbook	likely-stale	SLO Burn-Rate Rollback Specification
/Users/jasonlee/Developer/source/docs/advanced-cicd/progressive-delivery/stable-cohort-spec.md	spec	reference	operations/runbook	likely-stale	Stable Cohort Specification
/Users/jasonlee/Developer/source/docs/advanced-cicd/progressive-delivery/traffic-mirror-spec.md	spec	reference	operations/runbook	likely-stale	Traffic-Mirror Specification
/Users/jasonlee/Developer/source/docs/advanced-cicd/release-versioning/api-versioning-spec.md	spec	reference	operations/runbook	likely-stale	External API Versioning Spec — oyatie
/Users/jasonlee/Developer/source/docs/advanced-cicd/release-versioning/breaking-change-process.md	governance	explanation	operations/runbook	likely-stale	Breaking Change Process — oyatie
/Users/jasonlee/Developer/source/docs/advanced-cicd/release-versioning/crate-versioning-spec.md	spec	reference	operations/runbook	likely-stale	Crate Versioning Spec — oyatie
/Users/jasonlee/Developer/source/docs/advanced-cicd/release-versioning/enforcement-lanes.md	governance	explanation	operations/runbook	likely-stale	Enforcement Lanes — Release Versioning
/Users/jasonlee/Developer/source/docs/advanced-cicd/release-versioning/INDEX.md	index	reference	operations/runbook	likely-stale	Release-Versioning Policy — Index
/Users/jasonlee/Developer/source/docs/advanced-cicd/release-versioning/release-branch-cut-spec.md	spec	reference	operations/runbook	likely-stale	Release Branch Cut Spec — oyatie
/Users/jasonlee/Developer/source/docs/advanced-cicd/release-versioning/release-cherry-pick-agent-spec.md	governance	explanation	operations/runbook	likely-stale	Release Cherry-Pick Agent Spec — oyatie
/Users/jasonlee/Developer/source/docs/advanced-cicd/release-versioning/release-versioning-strategy.md	other	reference	operations/runbook	likely-stale	Release Versioning Strategy — oyatie
/Users/jasonlee/Developer/source/docs/advanced-cicd/release-versioning/version-eol-policy.md	governance	explanation	operations/runbook	likely-stale	Version EOL Policy — oyatie
/Users/jasonlee/Developer/source/docs/advanced-cicd/release-versioning/versioning-comparison-matrix.md	reference	reference	operations/runbook	likely-stale	Versioning Comparison Matrix — oyatie
/Users/jasonlee/Developer/source/docs/AGENT-INSTRUCTION-SOURCES.md	index	reference	index/meta	likely-stale	Agent Instruction Sources
/Users/jasonlee/Developer/source/docs/AGENTS-OPERATING-CONTRACT.md	governance	explanation	governance/compliance	likely-stale	Agents Operating Contract Doctrine References
/Users/jasonlee/Developer/source/docs/AGENTS.md	governance	explanation	governance/compliance	likely-stale	Oyatie Agent Operating Contract
/Users/jasonlee/Developer/source/docs/agents/AGENT-CHEAT-SHEET.md	governance	explanation	governance/compliance	current	Agent Cheat Sheet
/Users/jasonlee/Developer/source/docs/agents/AGENT-COMPLETION-PROTOCOL.md	governance	explanation	governance/compliance	current	Agent Completion Protocol
/Users/jasonlee/Developer/source/docs/agents/AGENT-DECISION-TREE.md	governance	explanation	governance/compliance	current	Agent Decision Tree
/Users/jasonlee/Developer/source/docs/agents/AGENT-ENTRY-POINT.md	governance	explanation	governance/compliance	current	Oyatie Agent Entry Point
/Users/jasonlee/Developer/source/docs/agents/AGENT-FAILURE-RECOVERY.md	governance	explanation	governance/compliance	current	Agent Failure Recovery
/Users/jasonlee/Developer/source/docs/agents/AGENT-ICM-TOPIC-CONVENTIONS.md	governance	explanation	governance/compliance	likely-stale	doc_class: AgentIcmTopicConventions
/Users/jasonlee/Developer/source/docs/agents/AGENT-TOOL-PROTOCOL.md	governance	explanation	governance/compliance	current	Agent Tool Protocol
/Users/jasonlee/Developer/source/docs/agents/CROSS-REFERENCE-INDEX.md	reference	reference	governance/compliance	likely-stale	Cross-Reference Index
/Users/jasonlee/Developer/source/docs/agents/ESCALATION-MATRIX.md	runbook	how-to	operations/runbook	current	Escalation Matrix
/Users/jasonlee/Developer/source/docs/agents/HUMAN-OPERATOR-GUIDE.md	guide	how-to	governance/compliance	likely-stale	Human Operator Guide
/Users/jasonlee/Developer/source/docs/agents/INDEX.md	index	reference	governance/compliance	current	Agent Kickoff INDEX
/Users/jasonlee/Developer/source/docs/api/audit-chain-api-reference.md	reference	reference	spec/contract	current	audit-chain API Reference
/Users/jasonlee/Developer/source/docs/api/drive-api-reference.md	reference	reference	spec/contract	current	drive API Reference
/Users/jasonlee/Developer/source/docs/api/governance-api-reference.md	reference	reference	spec/contract	current	governance API Reference
/Users/jasonlee/Developer/source/docs/api/intelligence-api-reference.md	reference	reference	spec/contract	current	intelligence API Reference
/Users/jasonlee/Developer/source/docs/api/messenger-api-reference.md	reference	reference	spec/contract	current	messenger API Reference
/Users/jasonlee/Developer/source/docs/api/ontology-api-reference.md	reference	reference	spec/contract	current	ontology API Reference
/Users/jasonlee/Developer/source/docs/api/payments-api-reference.md	reference	reference	spec/contract	current	payments API Reference
/Users/jasonlee/Developer/source/docs/api/workflow-studio-api-reference.md	reference	reference	spec/contract	current	workflow-studio API Reference
/Users/jasonlee/Developer/source/docs/automation/adr-index-pipeline.md	adr	explanation	decision/ADR	likely-stale	Pipeline: ADR-INDEX auto-generation
/Users/jasonlee/Developer/source/docs/automation/architecture-map-kernel-spec.md	spec	reference	operations/runbook	likely-stale	Visualization spec: `oya-intelligence-architecture-map-kernel`
/Users/jasonlee/Developer/source/docs/automation/audit-chain-map-spec.md	spec	reference	operations/runbook	likely-stale	Visualization spec: audit-chain map
/Users/jasonlee/Developer/source/docs/automation/changelog-pipeline.md	spec	reference	operations/runbook	likely-stale	Pipeline: CHANGELOG row auto-emission
/Users/jasonlee/Developer/source/docs/automation/cross-reference-index-spec.md	spec	reference	operations/runbook	likely-stale	Discipline: cross-reference index
/Users/jasonlee/Developer/source/docs/automation/dependency-graph-spec.md	spec	reference	operations/runbook	likely-stale	Visualization spec: dependency graph (plan-DAG)
/Users/jasonlee/Developer/source/docs/automation/doc-freshness-discipline.md	spec	reference	operations/runbook	likely-stale	Discipline: doc freshness
/Users/jasonlee/Developer/source/docs/automation/fitness-lane-reports-pipeline.md	spec	reference	operations/runbook	likely-stale	Pipeline: fitness-lane report rollup
/Users/jasonlee/Developer/source/docs/automation/glossary-pipeline.md	spec	reference	operations/runbook	likely-stale	Pipeline: GLOSSARY.md auto-derivation
/Users/jasonlee/Developer/source/docs/automation/INDEX.md	index	reference	operations/runbook	likely-stale	Oyatie Automation Pipeline Catalogue
/Users/jasonlee/Developer/source/docs/automation/openapi-pipeline.md	spec	reference	operations/runbook	likely-stale	Pipeline: OpenAPI auto-publish
/Users/jasonlee/Developer/source/docs/automation/orphan-detection-discipline.md	spec	reference	operations/runbook	likely-stale	Discipline: orphan detection
/Users/jasonlee/Developer/source/docs/automation/product-map-spec.md	spec	reference	operations/runbook	likely-stale	Visualization spec: product map
/Users/jasonlee/Developer/source/docs/automation/roadmap-visualization-spec.md	spec	reference	operations/runbook	likely-stale	Visualization spec: roadmap (Mermaid Gantt)
/Users/jasonlee/Developer/source/docs/automation/runbook-freshness-pipeline.md	spec	reference	operations/runbook	likely-stale	Pipeline: runbook freshness + auto-refresh-PR
/Users/jasonlee/Developer/source/docs/automation/rustdoc-pipeline.md	spec	reference	operations/runbook	likely-stale	Pipeline: rustdoc auto-publish
/Users/jasonlee/Developer/source/docs/automation/schema-doc-pipeline.md	spec	reference	operations/runbook	likely-stale	Pipeline: schema-doc / data-class catalogue auto-generation
/Users/jasonlee/Developer/source/docs/automation/service-map-spec.md	spec	reference	operations/runbook	likely-stale	Visualization spec: service map
/Users/jasonlee/Developer/source/docs/automation/tech-stack-map-spec.md	spec	reference	operations/runbook	likely-stale	Visualization spec: tech-stack map
/Users/jasonlee/Developer/source/docs/bootstrap.md	guide	how-to	governance/compliance	current	Contributor Bootstrap
/Users/jasonlee/Developer/source/docs/buck2-native-ffi-investigation.md	research	explanation	research	current	Buck2 Native-FFI Investigation Notes
/Users/jasonlee/Developer/source/docs/CHANGELOG.md	changelog	reference	index/meta	likely-stale	Oyatie — Canonical Docs Changelog
/Users/jasonlee/Developer/source/templates/checklists/adr-promotion.md	adr	explanation	decision/ADR	current	Oyatie Checklist — Adr Promotion
/Users/jasonlee/Developer/source/templates/checklists/agent-completion-checklist.md	reference	reference	governance/compliance	likely-stale	Agent Completion Checklist
/Users/jasonlee/Developer/source/templates/checklists/agent-kickoff-checklist.md	reference	reference	governance/compliance	likely-stale	Agent Kickoff Checklist
/Users/jasonlee/Developer/source/templates/checklists/audit-readiness.md	reference	reference	governance/compliance	likely-stale	Checklist: Audit Readiness
/Users/jasonlee/Developer/source/templates/checklists/brand-rename-batch.md	reference	reference	governance/compliance	current	Oyatie Checklist — Brand Rename Batch
/Users/jasonlee/Developer/source/templates/checklists/build-vs-buy.md	reference	reference	governance/compliance	current	Checklist: Build-vs-Buy Decision
/Users/jasonlee/Developer/source/templates/checklists/cross-axis-contract-change-checklist.md	reference	reference	governance/compliance	likely-stale	Cross-Axis Contract Change Checklist
/Users/jasonlee/Developer/source/templates/checklists/cross-axis-contract-change.md	reference	reference	governance/compliance	current	Oyatie Checklist — Cross Axis Contract Change
/Users/jasonlee/Developer/source/templates/checklists/doc-freshness-checklist.md	reference	reference	governance/compliance	likely-stale	Doc Freshness Checklist
/Users/jasonlee/Developer/source/templates/checklists/done-definition-checklist.md	reference	reference	governance/compliance	likely-stale	Done-Definition Checklist
/Users/jasonlee/Developer/source/templates/checklists/dsr-cascade.md	reference	reference	governance/compliance	likely-stale	Checklist: DSR Cascade Execution
/Users/jasonlee/Developer/source/templates/checklists/escalation-checklist.md	reference	reference	governance/compliance	likely-stale	Escalation Checklist (BLOCKED_ON_HUMAN_ORCHESTRATOR)
/Users/jasonlee/Developer/source/templates/checklists/foundation-bypass-renewal.md	reference	reference	governance/compliance	current	Oyatie Checklist — Foundation Bypass Renewal
/Users/jasonlee/Developer/source/templates/checklists/foundry-capability-publishing.md	reference	reference	governance/compliance	likely-stale	Checklist: Foundry capability publishing
/Users/jasonlee/Developer/source/templates/checklists/incident-response.md	reference	reference	governance/compliance	current	Checklist: Incident Response
/Users/jasonlee/Developer/source/templates/checklists/inventory-update-checklist.md	reference	reference	governance/compliance	likely-stale	Inventory Update Checklist
/Users/jasonlee/Developer/source/templates/checklists/legacy-adr-deletion.md	reference	reference	governance/compliance	current	Checklist: Legacy ADR Deletion (one-time, 2026-05-09)
/Users/jasonlee/Developer/source/templates/checklists/license-tier-review.md	reference	reference	governance/compliance	current	Oyatie Checklist — License Tier Review
/Users/jasonlee/Developer/source/templates/checklists/new-team-onboarding.md	reference	reference	governance/compliance	current	Oyatie Checklist — New Team Onboarding
/Users/jasonlee/Developer/source/templates/checklists/per-implementation-plan-checklist.md	reference	reference	governance/compliance	current	Per-IP Completion Checklist
/Users/jasonlee/Developer/source/templates/checklists/per-phase-completion-checklist.md	reference	reference	governance/compliance	current	Per-Phase Completion Checklist
/Users/jasonlee/Developer/source/templates/checklists/pr-review-checklist.md	reference	reference	governance/compliance	likely-stale	PR Review Checklist
/Users/jasonlee/Developer/source/templates/checklists/pre-flight-checklist.md	reference	reference	governance/compliance	current	Pre-flight Checklist
/Users/jasonlee/Developer/source/templates/checklists/pre-merge.md	reference	reference	governance/compliance	likely-stale	Checklist: Pre-merge
/Users/jasonlee/Developer/source/templates/checklists/pre-push.md	reference	reference	governance/compliance	likely-stale	Checklist: Pre-push
/Users/jasonlee/Developer/source/templates/checklists/regional-pack-onboarding.md	reference	reference	governance/compliance	likely-stale	Checklist: Regional Pack Onboarding
/Users/jasonlee/Developer/source/templates/checklists/release-readiness-checklist.md	reference	reference	governance/compliance	likely-stale	Release Readiness Checklist (wave-gate)
/Users/jasonlee/Developer/source/templates/checklists/tenant-onboarding.md	reference	reference	governance/compliance	current	Oyatie Checklist — Tenant Onboarding
/Users/jasonlee/Developer/source/templates/checklists/trust-portal-publish.md	reference	reference	governance/compliance	current	Oyatie Checklist — Trust Portal Publish
/Users/jasonlee/Developer/source/templates/checklists/vertical-onboarding.md	reference	reference	governance/compliance	likely-stale	Checklist: Vertical Onboarding
/Users/jasonlee/Developer/source/templates/checklists/wave-gate.md	reference	reference	governance/compliance	likely-stale	Checklist: Wave-gate passing
/Users/jasonlee/Developer/source/docs/ci/forge-of-record.md	spec	reference	spec/contract	likely-stale	Forge of Record — CI Gating (ADR-0363)
/Users/jasonlee/Developer/source/docs/COMPETITIVE-GAP-ANALYSIS.md	governance	explanation	product	likely-stale	Oyatie — Competitive Gap Analysis
/Users/jasonlee/Developer/source/docs/COMPLIANCE-MATRIX.md	governance	explanation	governance/compliance	likely-stale	Oyatie — Compliance Matrix
/Users/jasonlee/Developer/source/docs/CONTRADICTION-LEDGER.md	governance	explanation	governance/compliance	likely-stale	Oyatie — Contradiction Ledger
/Users/jasonlee/Developer/source/docs/customer-success/demo-scripts/agentic-workflow-studio-demo.md	guide	tutorial	product	current	Agentic Workflow Studio Demo
/Users/jasonlee/Developer/source/docs/customer-success/demo-scripts/compliance-pack-activation-demo.md	guide	tutorial	product	current	Compliance Pack Activation Demo
/Users/jasonlee/Developer/source/docs/customer-success/demo-scripts/conglomerate-tenant-demo.md	guide	tutorial	product	current	Conglomerate Tenant Demo
/Users/jasonlee/Developer/source/docs/customer-success/demo-scripts/financial-services-vertical-demo.md	guide	tutorial	product	current	Financial Services Vertical Demo
/Users/jasonlee/Developer/source/docs/customer-success/demo-scripts/fortune-500-erp-replacement-demo.md	guide	tutorial	product	current	Fortune 500 ERP Replacement Demo
/Users/jasonlee/Developer/source/docs/customer-success/demo-scripts/healthcare-system-demo.md	guide	tutorial	product	current	Healthcare System Demo
/Users/jasonlee/Developer/source/docs/customer-success/demo-scripts/mid-market-crm-replacement-demo.md	guide	tutorial	product	current	Mid-Market CRM Replacement Demo
/Users/jasonlee/Developer/source/docs/customer-success/demo-scripts/unified-ecosystem-thesis-demo.md	guide	tutorial	product	current	Unified Ecosystem Thesis Demo
/Users/jasonlee/Developer/source/docs/DESIGN.md	architecture	explanation	architecture	likely-stale	Oyatie — Architecture & Design Document (DESIGN)
/Users/jasonlee/Developer/source/docs/DOC-CATALOG.md	index	reference	index/meta	likely-stale	Doc Catalog & Update Protocol
/Users/jasonlee/Developer/source/docs/DOC-COVERAGE.md	index	reference	index/meta	likely-stale	Documentation Set Coverage Matrix
/Users/jasonlee/Developer/source/docs/DOC-UPDATE-PROTOCOL.md	governance	explanation	index/meta	likely-stale	Oyatie — Doc Update Protocol
/Users/jasonlee/Developer/source/docs/DOCUMENTATION.md	governance	explanation	index/meta	likely-stale	Oyatie — Documentation System
/Users/jasonlee/Developer/source/docs/FINOPS-PLAN.md	governance	explanation	product	likely-stale	Oyatie — FinOps Plan
/Users/jasonlee/Developer/source/docs/foundry/foundry-pipeline-substrate-checkpoint-2026-05-20.md	spec	reference	cloud-substrate	likely-stale	Foundry Pipeline Substrate Documentation Checkpoint
/Users/jasonlee/Developer/source/docs/foundry/supervisor/architecture.md	architecture	explanation	architecture	likely-stale	Foundry Supervisor Architecture
/Users/jasonlee/Developer/source/docs/foundry/supervisor/operations.md	runbook	how-to	operations/runbook	likely-stale	Foundry Supervisor Operations
/Users/jasonlee/Developer/source/docs/foundry/supervisor/README.md	index	reference	cloud-substrate	likely-stale	Foundry Supervisor
/Users/jasonlee/Developer/source/docs/foundry/supervisor/sample-payloads.md	reference	reference	cloud-substrate	likely-stale	Foundry Supervisor Sample Payloads
/Users/jasonlee/Developer/source/docs/foundry/supervisor/security.md	reference	reference	cloud-substrate	likely-stale	Foundry Supervisor Security
/Users/jasonlee/Developer/source/docs/GLOSSARY.md	reference	reference	index/meta	likely-stale	Oyatie — Glossary, Vocabulary, Conventions
/Users/jasonlee/Developer/source/docs/GTM-PLAN.md	governance	explanation	product	likely-stale	Oyatie — Go-to-Market Plan
/Users/jasonlee/Developer/source/docs/gtm/customer-success-quarterly-business-review-template.md	runbook	how-to	operations/runbook	likely-stale	Customer Success Quarterly Business Review Template
/Users/jasonlee/Developer/source/docs/gtm/expansion-and-upsell-playbook.md	runbook	how-to	operations/runbook	likely-stale	Expansion and Upsell Playbook
/Users/jasonlee/Developer/source/docs/gtm/migration-from-incumbent-playbook.md	runbook	how-to	operations/runbook	current	Migration From Incumbent Playbook
/Users/jasonlee/Developer/source/docs/gtm/solutions-engineering-runbook.md	runbook	how-to	operations/runbook	likely-stale	Solutions Engineering Runbook
/Users/jasonlee/Developer/source/docs/gtm/tenant-onboarding-90-day-program.md	runbook	how-to	operations/runbook	likely-stale	Tenant Onboarding 90-Day Program
/Users/jasonlee/Developer/source/docs/gtm/tenant-prospect-to-active-stages.md	runbook	how-to	operations/runbook	likely-stale	Tenant Prospect-to-Active Stages
/Users/jasonlee/Developer/source/docs/harness/feature-currency-2026-05.md	reference	reference	operations/runbook	current	Agent-harness feature currency — 2026-05
/Users/jasonlee/Developer/source/docs/HIRING-CAPACITY-PLAN.md	governance	explanation	product	likely-stale	Oyatie — Hiring + Capacity Plan
/Users/jasonlee/Developer/source/docs/ideas/affected-gated-migration-engine.md	research	explanation	research	likely-stale	Affected-Gated Migration Engine ("Sweep")
/Users/jasonlee/Developer/source/docs/ideas/agent-execution-controller.md	research	explanation	research	likely-stale	Agent-Execution Controller (pod-runner + work-item + evidence-bundle)
/Users/jasonlee/Developer/source/docs/ideas/agentic-slo-gated-promotion.md	research	explanation	research	likely-stale	Agentic SLO-Gated Promotion (dev → staging → production)
/Users/jasonlee/Developer/source/docs/ideas/archive/cloud-intelligence-bedrock-on-talos-2026-05-28.md	research	explanation	research	likely-stale	cloud-intelligence: Bedrock-on-Talos pattern as a cloud primitive
/Users/jasonlee/Developer/source/docs/ideas/archive/cloud-intelligence-v1-pipeline-2026-05-28.md	research	explanation	research	likely-stale	cloud-intelligence v1 — the request pipeline
/Users/jasonlee/Developer/source/docs/ideas/archive/n-lane-parallel-safety-and-unified-devops-console-2026-05-28.md	research	explanation	research	likely-stale	N-lane parallel safety proof and unified DevOps console
/Users/jasonlee/Developer/source/docs/ideas/buck2-native-ci-gate.md	research	explanation	research	likely-stale	Buck2-Native CI Gate (Hyperscaler Structure)
/Users/jasonlee/Developer/source/docs/ideas/build-ci-pipeline-review.md	research	explanation	research	likely-stale	Build + Gate + CI/CD Pipeline — Refined Target Architecture (idea-refine)
/Users/jasonlee/Developer/source/docs/ideas/cicd-pipeline-revamp.md	research	explanation	research	likely-stale	CI/CD Pipeline Revamp — Jenkins-native, license-clean, hyperscaler-grade
/Users/jasonlee/Developer/source/docs/ideas/cloud-intelligence-best-of-both.md	research	explanation	research	current	Agent-dispatch cloud-intelligence gateway — best-of-both design (gpt-load + one-api)
/Users/jasonlee/Developer/source/docs/ideas/cloud-intelligence-oauth-subscription-pool.md	research	explanation	research	likely-stale	cloud-intelligence OAuth subscription-pool — idea-refine one-pager
/Users/jasonlee/Developer/source/docs/ideas/hyperscaler-gap-closure-plan.md	research	explanation	research	current	Hyperscaler Gap-Closure Plan (M01-observability + repo-restructure)
/Users/jasonlee/Developer/source/docs/ideas/hyperscaler-practices-to-adopt.md	research	explanation	research	likely-stale	Hyperscaler practices to adopt — backlog (2026-05-26 research)
/Users/jasonlee/Developer/source/docs/ideas/nativelink-remote-cache-first.md	research	explanation	research	current	NativeLink Remote-Cache-First on Talos
/Users/jasonlee/Developer/source/docs/ideas/oya-ci-bespoke-prow.md	research	explanation	research	likely-stale	oya-ci — Bespoke-Rust Prow (GitHub-native CI/CD platform)
/Users/jasonlee/Developer/source/docs/ideas/pipeline-optimization.md	research	explanation	research	likely-stale	Pipeline Optimization — sharper, cheaper, higher-confidence CI/CD
/Users/jasonlee/Developer/source/docs/ideas/planning-ssot-consolidation.md	research	explanation	research	current	Planning SSOT Consolidation (Task #50 — the last cutover step)
/Users/jasonlee/Developer/source/docs/ideas/planning-ssot-drift-prevention.md	research	explanation	research	current	Planning SSOT — Drift Prevention
/Users/jasonlee/Developer/source/docs/ideas/post-cutover-program.md	research	explanation	research	likely-stale	Post-Cutover Program: Substrate → Colocation → First Real Service
/Users/jasonlee/Developer/source/docs/ideas/single-bootstrap-omni-talos.md	research	explanation	research	likely-stale	Single-Bootstrap Omni-Managed Talos Platform
/Users/jasonlee/Developer/source/docs/implementation-plans/IP-INTEL-MIGRATE-CANONICAL.md	other	explanation	research	likely-stale	IP-INTEL-MIGRATE-CANONICAL — Migrate `microservices/intelligence/` to hyperscaler single-c
/Users/jasonlee/Developer/source/docs/INCIDENT-MANAGEMENT.md	governance	explanation	governance/compliance	likely-stale	Oyatie — Incident Management
/Users/jasonlee/Developer/source/docs/INTERNATIONALIZATION.md	governance	explanation	governance/compliance	current	Oyatie — Internationalization (i18n)
/Users/jasonlee/Developer/source/docs/investor/ask-and-use-of-funds.md	other	reference	product	current	Ask and Use of Funds
/Users/jasonlee/Developer/source/docs/investor/company-overview-deck.md	other	reference	product	likely-stale	Oyatie Company Overview Deck
/Users/jasonlee/Developer/source/docs/investor/competitive-landscape-and-positioning.md	other	reference	product	likely-stale	Competitive Landscape and Positioning
/Users/jasonlee/Developer/source/docs/investor/market-sizing-tam-sam-som.md	other	reference	product	likely-stale	Market Sizing: TAM, SAM, SOM
/Users/jasonlee/Developer/source/docs/investor/moat-and-defensibility.md	other	reference	product	likely-stale	Moat and Defensibility
/Users/jasonlee/Developer/source/docs/investor/unit-economics-and-pricing-model.md	other	reference	product	current	Unit Economics and Pricing Model
/Users/jasonlee/Developer/source/docs/LEGAL-IP-LEDGER.md	governance	explanation	governance/compliance	current	Oyatie — Legal + IP Ledger
/Users/jasonlee/Developer/source/docs/localization-packs/INDEX.md	index	reference	product	current	Localization Pack Catalog
/Users/jasonlee/Developer/source/docs/localization-packs/kr.md	reference	reference	product	likely-stale	Korea Localization Pack (`kr`) — Pack #1 (planning-closed, foundational)
/Users/jasonlee/Developer/source/docs/localization-packs/kr/evidence/application.md	reference	reference	product	current	KR FD-001 Evidence — Application shell and Enterprise/SMB KR entry flows
/Users/jasonlee/Developer/source/docs/localization-packs/kr/evidence/cloud-iac.md	reference	reference	product	current	KR FD-001 Evidence — Cloud IaC KR residency and portable deployment hooks
/Users/jasonlee/Developer/source/docs/localization-packs/kr/evidence/cloud-k8s.md	reference	reference	product	current	KR FD-001 Evidence — Cloud Kubernetes KR operational flow hooks
/Users/jasonlee/Developer/source/docs/localization-packs/kr/evidence/cloud-secrets.md	reference	reference	product	current	KR FD-001 Evidence — Cloud Secrets KR privacy and key-management hooks
/Users/jasonlee/Developer/source/docs/localization-packs/kr/evidence/community.md	reference	reference	product	current	KR FD-001 Evidence — Community KR localization and public trust handoffs
/Users/jasonlee/Developer/source/docs/localization-packs/kr/evidence/foundry.md	reference	reference	product	likely-stale	KR FD-001 Evidence — Foundry KR evidence automation and audit-pack hooks
/Users/jasonlee/Developer/source/docs/localization-packs/kr/evidence/mail.md	reference	reference	product	current	KR FD-001 Evidence — Mail KR communication retention and document handoff hooks
/Users/jasonlee/Developer/source/docs/localization-packs/kr/evidence/messenger.md	reference	reference	product	current	KR FD-001 Evidence — Messenger KR communication retention and localization hooks
/Users/jasonlee/Developer/source/docs/localization-packs/kr/evidence/ontology.md	reference	reference	product	current	KR FD-001 Evidence — Ontology KR semantic adapter boundaries
/Users/jasonlee/Developer/source/docs/localization-packs/kr/evidence/ops-dashboard-control-center.md	reference	reference	product	current	KR FD-001 Evidence — Ops Dashboard and Control Center KR escalation evidence
/Users/jasonlee/Developer/source/docs/localization-packs/kr/evidence/workflow-engine.md	reference	reference	product	current	KR FD-001 Evidence — Workflow Engine KR template execution boundaries
/Users/jasonlee/Developer/source/docs/localization-packs/kr/evidence/workflow-studio.md	reference	reference	product	current	KR FD-001 Evidence — Workflow Studio KR template authoring boundaries
/Users/jasonlee/Developer/source/docs/MASTERPLAN.md	index	reference	index/meta	likely-stale	Oyatie Master Plan
/Users/jasonlee/Developer/source/docs/MISTAKES-LEDGER.md	governance	explanation	governance/compliance	likely-stale	Oyatie — Mistakes-and-Fixes Ledger
/Users/jasonlee/Developer/source/docs/onboarding/ai-platform-engineer-month-one.md	guide	tutorial	governance/compliance	likely-stale	AI Platform Engineer Month-One Onboarding
/Users/jasonlee/Developer/source/docs/onboarding/compliance-officer-quarter-one.md	guide	tutorial	governance/compliance	current	Compliance Officer Quarter-One Onboarding
/Users/jasonlee/Developer/source/docs/onboarding/customer-success-quarter-one.md	guide	tutorial	governance/compliance	current	Customer Success Quarter-One Onboarding
/Users/jasonlee/Developer/source/docs/onboarding/doctrine-bootcamp-2026-05-21.md	guide	tutorial	governance/compliance	likely-stale	Doctrine Bootcamp 2026-05-21
/Users/jasonlee/Developer/source/docs/onboarding/frontend-engineer-week-one.md	guide	tutorial	governance/compliance	current	Frontend Engineer Week-One Onboarding
/Users/jasonlee/Developer/source/docs/onboarding/intern-day-one.md	guide	tutorial	governance/compliance	likely-stale	Intern Day-One Runbook
/Users/jasonlee/Developer/source/docs/onboarding/intern-month-one.md	guide	tutorial	governance/compliance	likely-stale	Intern Month-One Onboarding
/Users/jasonlee/Developer/source/docs/onboarding/intern-week-one.md	guide	tutorial	governance/compliance	likely-stale	Intern Week-One Onboarding
/Users/jasonlee/Developer/source/docs/onboarding/product-manager-month-one.md	guide	tutorial	governance/compliance	current	Product Manager Month-One Onboarding
/Users/jasonlee/Developer/source/docs/onboarding/security-engineer-month-one.md	guide	tutorial	governance/compliance	current	Security Engineer Month-One Onboarding
/Users/jasonlee/Developer/source/docs/onboarding/sre-on-call-week-one.md	guide	tutorial	governance/compliance	current	SRE On-Call Week-One Onboarding
/Users/jasonlee/Developer/source/docs/onboarding/swe-platform-engineer-month-one.md	guide	tutorial	governance/compliance	likely-stale	SWE Platform Engineer Month-One Onboarding
/Users/jasonlee/Developer/source/docs/operators/ADR-0145-runtime-impact-changelog.md	adr	explanation	decision/ADR	likely-stale	ADR-0145 runtime-impact changelog (for operators)
/Users/jasonlee/Developer/source/docs/operators/microservice-migration-guide-adr-0145.md	runbook	how-to	operations/runbook	likely-stale	Microservice migration guide — ADR-0145 adoption (6-step)
/Users/jasonlee/Developer/source/docs/performance-budgets/cedar-hot-path-1ms-p99.md	reference	reference	spec/contract	likely-stale	Cedar Hot-Path 1ms p99 — Engineered Budget Decomposition
/Users/jasonlee/Developer/source/docs/performance-budgets/cedar-hot-reload-propagation-dual-path.md	reference	reference	spec/contract	likely-stale	Cedar Fragment Hot-Reload Propagation — Dual-Path Reconciliation
/Users/jasonlee/Developer/source/docs/performance-budgets/deployment-model-slo-budgets.md	reference	reference	spec/contract	likely-stale	Deployment Model SLO Budgets — Modeled Latency and Availability
/Users/jasonlee/Developer/source/docs/performance-budgets/edge-first-byte-50ms-p99.md	reference	reference	spec/contract	current	Edge First-Byte 50ms p99 — Per-Stage Budget Decomposition
/Users/jasonlee/Developer/source/docs/performance-budgets/README.md	index	reference	spec/contract	current	Performance Budgets — Modeling Notes Index
/Users/jasonlee/Developer/source/docs/performance-budgets/truetime-hlc-uncertainty-budget.md	reference	reference	spec/contract	current	TrueTime / HLC Uncertainty Budget — Modeled Latency and Clock Assumptions
/Users/jasonlee/Developer/source/docs/personas/accountant-ravi-iyer.md	reference	reference	product	likely-stale	Persona Dossier — Accountant Ravi Iyer
/Users/jasonlee/Developer/source/docs/personas/ahmad-hassan.md	reference	reference	product	likely-stale	Persona Dossier — Ahmad Hassan
/Users/jasonlee/Developer/source/docs/personas/aiyana-singh.md	reference	reference	product	likely-stale	Persona Dossier — Aiyana Singh
/Users/jasonlee/Developer/source/docs/personas/anya-mironova.md	reference	reference	product	likely-stale	Persona Dossier — Anya Mironova
/Users/jasonlee/Developer/source/docs/personas/apprentice-jakob-bauer.md	reference	reference	product	likely-stale	Persona Dossier — Apprentice Jakob Bauer
/Users/jasonlee/Developer/source/docs/personas/auditor-it-specialist-jakub-nowak.md	reference	reference	product	likely-stale	Persona Dossier — Auditor IT-Specialist Jakub Nowak
/Users/jasonlee/Developer/source/docs/personas/av-coordinator-jordan-park.md	reference	reference	product	likely-stale	Persona Dossier — AV Coordinator Jordan Park
/Users/jasonlee/Developer/source/docs/personas/bank-compliance-officer-rishi-bhattacharya.md	reference	reference	product	likely-stale	Persona Dossier — Bank Compliance Officer Rishi Bhattacharya
/Users/jasonlee/Developer/source/docs/personas/bank-ops-officer-olamide-adebanjo.md	reference	reference	product	likely-stale	Persona Dossier — Bank Ops Officer Olamide Adebanjo
/Users/jasonlee/Developer/source/docs/personas/bank-risk-manager-anders-pedersen.md	reference	reference	product	likely-stale	Persona Dossier — Bank Risk Manager Anders Pedersen
/Users/jasonlee/Developer/source/docs/personas/banker-external-hideki-watanabe.md	reference	reference	product	likely-stale	Persona Dossier — Banker external Hideki Watanabe
/Users/jasonlee/Developer/source/docs/personas/benefits-specialist-aoife-murphy.md	reference	reference	product	likely-stale	Persona Dossier — Benefits Specialist Aoife Murphy
/Users/jasonlee/Developer/source/docs/personas/board-director-patrick-oreilly.md	reference	reference	product	likely-stale	Persona Dossier — Board director Patrick O'Reilly
/Users/jasonlee/Developer/source/docs/personas/board-secretary-florence-akinsanya.md	reference	reference	product	likely-stale	Persona Dossier — Board Secretary Florence Akinsanya
/Users/jasonlee/Developer/source/docs/personas/business-analyst-aditya-verma.md	reference	reference	product	likely-stale	Persona Dossier — Business Analyst Aditya Verma
/Users/jasonlee/Developer/source/docs/personas/cafeteria-manager-soyeon-kim.md	reference	reference	product	likely-stale	Persona Dossier — Cafeteria Manager Soyeon Kim
/Users/jasonlee/Developer/source/docs/personas/captain-chen-pilot.md	reference	reference	product	likely-stale	Persona Dossier — Captain Chen
/Users/jasonlee/Developer/source/docs/personas/captain-olufemi.md	reference	reference	product	likely-stale	Persona Dossier — Captain Olufemi
/Users/jasonlee/Developer/source/docs/personas/carlos-martinez-forklift.md	reference	reference	product	likely-stale	Persona Dossier — Carlos Martinez
/Users/jasonlee/Developer/source/docs/personas/cco-naveen-iyer.md	reference	reference	product	likely-stale	Persona Dossier — CCO Naveen Iyer
/Users/jasonlee/Developer/source/docs/personas/ceo-aoki-tanaka.md	reference	reference	product	likely-stale	Persona Dossier — CEO Aoki Tanaka
/Users/jasonlee/Developer/source/docs/personas/cfo-helena-brandt.md	reference	reference	product	likely-stale	Persona Dossier — CFO Helena Brandt
/Users/jasonlee/Developer/source/docs/personas/channel-partner-tomas-pieter.md	reference	reference	product	likely-stale	Persona Dossier — Channel Partner Tomas Pieter
/Users/jasonlee/Developer/source/docs/personas/chris-volkov.md	reference	reference	product	likely-stale	Persona Dossier — Chris Volkov
/Users/jasonlee/Developer/source/docs/personas/chro-linda-foster.md	reference	reference	product	likely-stale	Persona Dossier — CHRO Linda Foster
/Users/jasonlee/Developer/source/docs/personas/ciso-yuki-park.md	reference	reference	product	likely-stale	Persona Dossier — CISO Yuki Park
/Users/jasonlee/Developer/source/docs/personas/cleaning-supervisor-tomas-horak.md	reference	reference	product	likely-stale	Persona Dossier — Cleaning Supervisor Tomáš Horák
/Users/jasonlee/Developer/source/docs/personas/cmo-felix-ng.md	reference	reference	product	likely-stale	Persona Dossier — CMO Felix Ng
/Users/jasonlee/Developer/source/docs/personas/co-op-student-liam-murphy.md	reference	reference	product	likely-stale	Persona Dossier — Co-op Student Liam Murphy
/Users/jasonlee/Developer/source/docs/personas/coach-park.md	reference	reference	product	likely-stale	Persona Dossier — Coach Park
/Users/jasonlee/Developer/source/docs/personas/commercial-banker-frederik-hartmann.md	reference	reference	product	likely-stale	Persona Dossier — Commercial Banker Frederik Hartmann
/Users/jasonlee/Developer/source/docs/personas/communications-specialist-charlotte-dubois.md	reference	reference	product	likely-stale	Persona Dossier — Communications Specialist Charlotte Dubois
/Users/jasonlee/Developer/source/docs/personas/compliance-analyst-yui-hayashi.md	reference	reference	product	likely-stale	Persona Dossier — Compliance Analyst Yui Hayashi
/Users/jasonlee/Developer/source/docs/personas/compliance-officer-tunde-bello.md	reference	reference	product	likely-stale	Persona Dossier — Compliance Officer Tunde Bello
/Users/jasonlee/Developer/source/docs/personas/consultant-adekunle-adebayo.md	reference	reference	product	likely-stale	Persona Dossier — Consultant Adekunle Adebayo
/Users/jasonlee/Developer/source/docs/personas/coo-akira-watanabe.md	reference	reference	product	likely-stale	Persona Dossier — COO Akira Watanabe
/Users/jasonlee/Developer/source/docs/personas/corp-dev-senior-analyst-saanvi-mehta.md	reference	reference	product	likely-stale	Persona Dossier — Corp Dev Senior Analyst Saanvi Mehta
/Users/jasonlee/Developer/source/docs/personas/corporate-relations-director-soo-yeon-han.md	reference	reference	product	likely-stale	Persona Dossier — Corporate Relations Director Soo-Yeon Han
/Users/jasonlee/Developer/source/docs/personas/credit-analyst-hina-mori.md	reference	reference	product	likely-stale	Persona Dossier — Credit Analyst Hina Mori
/Users/jasonlee/Developer/source/docs/personas/cs-ic-lin-chen.md	reference	reference	product	likely-stale	Persona Dossier — CS-IC Lin Chen
/Users/jasonlee/Developer/source/docs/personas/cso-mira-goldberg.md	reference	reference	product	likely-stale	Persona Dossier — CSO Mira Goldberg
/Users/jasonlee/Developer/source/docs/personas/cto-diego-vargas.md	reference	reference	product	likely-stale	Persona Dossier — CTO Diego Vargas
/Users/jasonlee/Developer/source/docs/personas/customer-champion-akemi-sato.md	reference	reference	product	likely-stale	Persona Dossier — Customer Champion Akemi Sato
/Users/jasonlee/Developer/source/docs/personas/customer-success-manager-sofia-rezende.md	reference	reference	product	likely-stale	Persona Dossier — Customer Success Manager Sofia Rezende
/Users/jasonlee/Developer/source/docs/personas/d-and-i-director-maya-okoroafor.md	reference	reference	product	likely-stale	Persona Dossier — D&I Director Maya Okoroafor
/Users/jasonlee/Developer/source/docs/personas/data-analyst-felipe-andrade.md	reference	reference	product	likely-stale	Persona Dossier — Data Analyst Felipe Andrade
/Users/jasonlee/Developer/source/docs/personas/data-scientist-yu-chen.md	reference	reference	product	likely-stale	Persona Dossier — Data Scientist Yu Chen
/Users/jasonlee/Developer/source/docs/personas/devon-williams.md	reference	reference	product	likely-stale	Persona Dossier — Devon Williams
/Users/jasonlee/Developer/source/docs/personas/devops-engineer-olukayode-adejumo.md	reference	reference	product	likely-stale	Persona Dossier — DevOps Engineer Olukayode Adejumo
/Users/jasonlee/Developer/source/docs/personas/devops-manager-pavel-korsak.md	reference	reference	product	likely-stale	Persona Dossier — DevOps Manager Pavel Korsak
/Users/jasonlee/Developer/source/docs/personas/diana-reyes.md	reference	reference	product	likely-stale	Persona Dossier — Diana Reyes
/Users/jasonlee/Developer/source/docs/personas/dr-tanaka-surgeon.md	reference	reference	product	likely-stale	Persona Dossier — Dr. Tanaka
/Users/jasonlee/Developer/source/docs/personas/engineering-manager-aisha-ali.md	reference	reference	product	likely-stale	Persona Dossier — Engineering Manager Aisha Ali
/Users/jasonlee/Developer/source/docs/personas/executive-assistant-olivia-reyes.md	reference	reference	product	likely-stale	Persona Dossier — Executive Assistant Olivia Reyes
/Users/jasonlee/Developer/source/docs/personas/external-auditor-dimitri-volkov.md	reference	reference	product	likely-stale	Persona Dossier — External Auditor Dimitri Volkov
/Users/jasonlee/Developer/source/docs/personas/external-auditor-hyo-jin-lee.md	reference	reference	product	likely-stale	Persona Dossier — External Auditor Hyo-Jin Lee
/Users/jasonlee/Developer/source/docs/personas/father-lopez-priest.md	reference	reference	product	likely-stale	Persona Dossier — Father Lopez
/Users/jasonlee/Developer/source/docs/personas/fellow-dr-tobias-klein.md	reference	reference	product	likely-stale	Persona Dossier — Fellow Dr. Tobias Klein
/Users/jasonlee/Developer/source/docs/personas/finance-director-mei-ling-wu.md	reference	reference	product	likely-stale	Persona Dossier — Finance Director Mei-Ling Wu
/Users/jasonlee/Developer/source/docs/personas/financial-analyst-wendy-lee.md	reference	reference	product	likely-stale	Persona Dossier — Financial Analyst Wendy Lee
/Users/jasonlee/Developer/source/docs/personas/hiroshi-tanaka.md	reference	reference	product	likely-stale	Persona Dossier — Hiroshi Tanaka
/Users/jasonlee/Developer/source/docs/personas/hr-specialist-aoife-murphy.md	reference	reference	product	likely-stale	Persona Dossier — HR Specialist Aoife Murphy
/Users/jasonlee/Developer/source/docs/personas/hrbp-jamal-carter.md	reference	reference	product	likely-stale	Persona Dossier — HRBP Jamal Carter
/Users/jasonlee/Developer/source/docs/personas/intern-manager-felicia-adamou.md	reference	reference	product	likely-stale	Persona Dossier — Intern Manager Felicia Adamou
/Users/jasonlee/Developer/source/docs/personas/internal-comms-lead-ji-ho-yoon.md	reference	reference	product	likely-stale	Persona Dossier — Internal Comms Lead Ji-Ho Yoon
/Users/jasonlee/Developer/source/docs/personas/investment-banker-yuna-ahn.md	reference	reference	product	likely-stale	Persona Dossier — Investment Banker Yuna Ahn
/Users/jasonlee/Developer/source/docs/personas/investor-lp-aanya-kapoor.md	reference	reference	product	likely-stale	Persona Dossier — Investor / LP Aanya Kapoor
/Users/jasonlee/Developer/source/docs/personas/ir-manager-lev-kahn.md	reference	reference	product	likely-stale	Persona Dossier — IR Manager Lev Kahn
/Users/jasonlee/Developer/source/docs/personas/ir-specialist-unnamed.md	reference	reference	product	likely-stale	Persona Dossier — IR Specialist unnamed
/Users/jasonlee/Developer/source/docs/personas/it-manager-jamie-o-connor.md	reference	reference	product	likely-stale	Persona Dossier — IT Manager Jamie O'Connor
/Users/jasonlee/Developer/source/docs/personas/jordan-lee.md	reference	reference	product	likely-stale	Persona Dossier — Jordan Lee
/Users/jasonlee/Developer/source/docs/personas/leave-specialist-margarethe-reinhart.md	reference	reference	product	likely-stale	Persona Dossier — Leave Specialist Margarethe Reinhart
/Users/jasonlee/Developer/source/docs/personas/legal-counsel-anika-mehta.md	reference	reference	product	likely-stale	Persona Dossier — Legal Counsel Anika Mehta
/Users/jasonlee/Developer/source/docs/personas/legal-operations-stephen-park.md	reference	reference	product	likely-stale	Persona Dossier — Legal Operations Stephen Park
/Users/jasonlee/Developer/source/docs/personas/mailroom-hae-won-kim.md	reference	reference	product	likely-stale	Persona Dossier — Mailroom Hae-Won Kim
/Users/jasonlee/Developer/source/docs/personas/maintenance-tech-carlos-reyes-ii.md	reference	reference	product	likely-stale	Persona Dossier — Maintenance Tech Carlos Reyes II
/Users/jasonlee/Developer/source/docs/personas/marcus-chen.md	reference	reference	product	likely-stale	Persona Dossier — Marcus Chen
/Users/jasonlee/Developer/source/docs/personas/maria-santos.md	reference	reference	product	likely-stale	Persona Dossier — Maria Santos
/Users/jasonlee/Developer/source/docs/personas/marketing-manager-olu-adeyemi.md	reference	reference	product	likely-stale	Persona Dossier — Marketing Manager Olu Adeyemi
/Users/jasonlee/Developer/source/docs/personas/marketing-specialist-riya-sharma.md	reference	reference	product	likely-stale	Persona Dossier — Marketing Specialist Riya Sharma
/Users/jasonlee/Developer/source/docs/personas/MASTER-ROSTER-2026-05-21.md	reference	reference	product	likely-stale	Persona Master Roster — 2026-05-21
/Users/jasonlee/Developer/source/docs/personas/medical-resident-dr-sun-mi-kim.md	reference	reference	product	likely-stale	Persona Dossier — Medical Resident Dr. Sun-Mi Kim
/Users/jasonlee/Developer/source/docs/personas/ms-patel-teacher.md	reference	reference	product	likely-stale	Persona Dossier — Ms. Patel
/Users/jasonlee/Developer/source/docs/personas/office-coordinator-phoebe-lin.md	reference	reference	product	likely-stale	Persona Dossier — Office Coordinator Phoebe Lin
/Users/jasonlee/Developer/source/docs/personas/office-manager-priya-ramanathan.md	reference	reference	product	likely-stale	Persona Dossier — Office Manager Priya Ramanathan
/Users/jasonlee/Developer/source/docs/personas/officer-rodriguez-police.md	reference	reference	product	likely-stale	Persona Dossier — Officer Rodriguez
/Users/jasonlee/Developer/source/docs/personas/ombudsperson-felix-tan.md	reference	reference	product	likely-stale	Persona Dossier — Ombudsperson Felix Tan
/Users/jasonlee/Developer/source/docs/personas/outside-counsel-wei-yi-chen.md	reference	reference	product	likely-stale	Persona Dossier — Outside Counsel Wei-Yi Chen
/Users/jasonlee/Developer/source/docs/personas/paralegal-tomas-novak.md	reference	reference	product	likely-stale	Persona Dossier — Paralegal Tomáš Novák
/Users/jasonlee/Developer/source/docs/personas/pr-firm-beatriz-fernandez.md	reference	reference	product	likely-stale	Persona Dossier — PR Firm Beatriz Fernandez
/Users/jasonlee/Developer/source/docs/personas/pr-manager-helena-sato.md	reference	reference	product	likely-stale	Persona Dossier — PR Manager Helena Sato
/Users/jasonlee/Developer/source/docs/personas/print-operator-diana-lazar.md	reference	reference	product	likely-stale	Persona Dossier — Print Operator Diana Lazăr
/Users/jasonlee/Developer/source/docs/personas/priya-krishnan.md	reference	reference	product	likely-stale	Persona Dossier — Priya Krishnan
/Users/jasonlee/Developer/source/docs/personas/procurement-manager-wei-liu.md	reference	reference	product	likely-stale	Persona Dossier — Procurement Manager Wei Liu
/Users/jasonlee/Developer/source/docs/personas/procurement-specialist-beata-kowalski.md	reference	reference	product	likely-stale	Persona Dossier — Procurement Specialist Beata Kowalski
/Users/jasonlee/Developer/source/docs/personas/product-designer-akihiro-sato.md	reference	reference	product	likely-stale	Persona Dossier — Product Designer Akihiro Sato
/Users/jasonlee/Developer/source/docs/personas/product-manager-lily-chang.md	reference	reference	product	likely-stale	Persona Dossier — Product Manager Lily Chang
/Users/jasonlee/Developer/source/docs/personas/project-manager-soo-jin-park.md	reference	reference	product	likely-stale	Persona Dossier — Project Manager Soo-Jin Park
/Users/jasonlee/Developer/source/docs/personas/public-affairs-director-carlos-mendez.md	reference	reference	product	likely-stale	Persona Dossier — Public Affairs Director Carlos Mendez
/Users/jasonlee/Developer/source/docs/personas/README.md	reference	reference	product	current	Personas Guide
/Users/jasonlee/Developer/source/docs/personas/receptionist-daria-volkova.md	reference	reference	product	likely-stale	Persona Dossier — Receptionist Daria Volkova
/Users/jasonlee/Developer/source/docs/personas/recruiter-marcus-iv.md	reference	reference	product	likely-stale	Persona Dossier — Recruiter Marcus IV
/Users/jasonlee/Developer/source/docs/personas/recruiting-manager-hina-suzuki.md	reference	reference	product	likely-stale	Persona Dossier — Recruiting Manager Hina Suzuki
/Users/jasonlee/Developer/source/docs/personas/regulator-inspector-sergei-petrov.md	reference	reference	product	likely-stale	Persona Dossier — Regulator Inspector Sergei Petrov
/Users/jasonlee/Developer/source/docs/personas/retail-banker-sebastian-vega.md	reference	reference	product	likely-stale	Persona Dossier — Retail Banker Sebastián Vega
/Users/jasonlee/Developer/source/docs/personas/retirement-plan-admin-bryce-williams.md	reference	reference	product	likely-stale	Persona Dossier — Retirement Plan Admin Bryce Williams
/Users/jasonlee/Developer/source/docs/personas/returning-intern-jia-han.md	reference	reference	product	likely-stale	Persona Dossier — Returning Intern Jia Han
/Users/jasonlee/Developer/source/docs/personas/sales-ae-maya-lindqvist.md	reference	reference	product	likely-stale	Persona Dossier — Sales AE Maya Lindqvist
/Users/jasonlee/Developer/source/docs/personas/sales-manager-anthony-costa.md	reference	reference	product	likely-stale	Persona Dossier — Sales Manager Anthony Costa
/Users/jasonlee/Developer/source/docs/personas/sam-okafor.md	reference	reference	product	likely-stale	Persona Dossier — Sam Okafor
/Users/jasonlee/Developer/source/docs/personas/sarah-kim-delivery.md	reference	reference	product	likely-stale	Persona Dossier — Sarah Kim
/Users/jasonlee/Developer/source/docs/personas/sdr-kofi-asante.md	reference	reference	product	likely-stale	Persona Dossier — SDR Kofi Asante
/Users/jasonlee/Developer/source/docs/personas/security-analyst-anna-petrova.md	reference	reference	product	likely-stale	Persona Dossier — Security Analyst Anna Petrova
/Users/jasonlee/Developer/source/docs/personas/security-guard-stefan-kovacs.md	reference	reference	product	likely-stale	Persona Dossier — Security Guard Stefan Kovács
/Users/jasonlee/Developer/source/docs/personas/software-engineer-hugo-tanaka.md	reference	reference	product	likely-stale	Persona Dossier — Software Engineer Hugo Tanaka
/Users/jasonlee/Developer/source/docs/personas/strategic-advisor-rita-almeida.md	reference	reference	product	likely-stale	Persona Dossier — Strategic Advisor Rita Almeida
/Users/jasonlee/Developer/source/docs/personas/summer-intern-priscilla-sharma.md	reference	reference	product	likely-stale	Persona Dossier — Summer Intern Priscilla Sharma
/Users/jasonlee/Developer/source/docs/personas/support-rep-nadia-hassani.md	reference	reference	product	likely-stale	Persona Dossier — Support Rep Nadia Hassani
/Users/jasonlee/Developer/source/docs/personas/sustainability-officer-aiko-brown.md	reference	reference	product	likely-stale	Persona Dossier — Sustainability Officer Aiko Brown
/Users/jasonlee/Developer/source/docs/personas/tax-analyst-ji-sung-park.md	reference	reference	product	likely-stale	Persona Dossier — Tax Analyst Ji-Sung Park
/Users/jasonlee/Developer/source/docs/personas/tomas-garcia-jr-farmer.md	reference	reference	product	likely-stale	Persona Dossier — Tomás García Jr.
/Users/jasonlee/Developer/source/docs/personas/tomas-garcia.md	reference	reference	product	likely-stale	Persona Dossier — Tomás García
/Users/jasonlee/Developer/source/docs/personas/total-rewards-manager-nilufer-demir.md	reference	reference	product	likely-stale	Persona Dossier — Total Rewards Manager Nilufer Demir
/Users/jasonlee/Developer/source/docs/personas/trader-mei-lin.md	reference	reference	product	likely-stale	Persona Dossier — Trader Mei Lin
/Users/jasonlee/Developer/source/docs/personas/training-specialist-mehmet-yilmaz.md	reference	reference	product	likely-stale	Persona Dossier — Training Specialist Mehmet Yilmaz
/Users/jasonlee/Developer/source/docs/personas/treasury-ops-sven-eriksson.md	reference	reference	product	likely-stale	Persona Dossier — Treasury Ops Sven Eriksson
/Users/jasonlee/Developer/source/docs/personas/ux-researcher-adaeze-nwosu.md	reference	reference	product	likely-stale	Persona Dossier — UX Researcher Adaeze Nwosu
/Users/jasonlee/Developer/source/docs/personas/venture-partner-lucas-muller.md	reference	reference	product	likely-stale	Persona Dossier — Venture Partner Lucas Müller
/Users/jasonlee/Developer/source/docs/personas/wealth-manager-aamir-khan.md	reference	reference	product	likely-stale	Persona Dossier — Wealth Manager Aamir Khan
/Users/jasonlee/Developer/source/docs/personas/wellness-program-manager-akira-sato.md	reference	reference	product	likely-stale	Persona Dossier — Wellness Program Manager Akira Sato
/Users/jasonlee/Developer/source/docs/personas/yejin-park.md	reference	reference	product	likely-stale	Persona Dossier — Yejin Park
/Users/jasonlee/Developer/source/docs/plans/cutover-cross-cutting-amendments-2026-05-12.md	other	explanation	research	likely-stale	Cutover cross-cutting amendments — 2026-05-12
/Users/jasonlee/Developer/source/docs/plans/M01-foundation-cc-01-cutover/architect-review-iter-1.md	other	explanation	research	likely-stale	Architect Review — ralplan-oyatie-sst-consolidation (Iteration 1)
/Users/jasonlee/Developer/source/docs/plans/M01-foundation-cc-01-cutover/architect-review-iter-2.md	other	explanation	research	likely-stale	Architect Review — ralplan-oyatie-sst-consolidation (Iteration 2)
/Users/jasonlee/Developer/source/docs/plans/M01-foundation-cc-01-cutover/critic-review-iter-2.md	other	explanation	research	likely-stale	Critic Evaluation — ralplan-oyatie-sst-consolidation (Iteration 2 final)
/Users/jasonlee/Developer/source/docs/plans/M01-foundation-cc-01-cutover/cross-cutting-amendments.md	other	explanation	research	likely-stale	Cutover cross-cutting amendments — 2026-05-12
/Users/jasonlee/Developer/source/docs/plans/M01-foundation-cc-01-cutover/INDEX.md	other	explanation	research	likely-stale	doc_status: published
/Users/jasonlee/Developer/source/docs/plans/M01-foundation-cc-01-cutover/open-questions-resolutions.md	other	explanation	research	current	Open-questions resolutions — ralplan-oyatie-sst-consolidation
/Users/jasonlee/Developer/source/docs/plans/M01-foundation-cc-01-cutover/orchestrator-existence-findings.md	other	explanation	research	likely-stale	Orchestrator existence findings — ralplan iter-1 → iter-2 transition
/Users/jasonlee/Developer/source/docs/plans/M01-foundation-cc-01-cutover/pre-cutover-drafts.md	other	explanation	research	likely-stale	Terminal 1 (agent-A)
/Users/jasonlee/Developer/source/docs/plans/rename-plan-2026-05-12.md	guide	how-to	research	likely-stale	Rename Plan — 2026-05-12 *(SUPERSEDED — see banner above)*
/Users/jasonlee/Developer/source/docs/plans/rename-plan-v4-clean-arch-2026-05-13.md	guide	how-to	research	likely-stale	Rename Plan v4.1 — Clean Architecture / Flat Catalog BNF (2026-05-13, Hybrid C: Shard 0 +
/Users/jasonlee/Developer/source/docs/PRD-OYATIE-FROM-SCRATCH-CANONICAL.md	product-prd	explanation	product	likely-stale	Oyatie From-Scratch Canonical PRD
/Users/jasonlee/Developer/source/docs/PRD.md	product-prd	explanation	product	likely-stale	Oyatie — Product Requirements Document (PRD)
/Users/jasonlee/Developer/source/docs/prds/accounting.md	product-prd	explanation	product	current	PRD-accounting: Accounting µservice
/Users/jasonlee/Developer/source/docs/prds/application.md	product-prd	explanation	product	current	PRD-application: Application µservice (B2B unified shell)
/Users/jasonlee/Developer/source/docs/prds/communications.md	product-prd	explanation	product	likely-stale	Communications services redirect
/Users/jasonlee/Developer/source/docs/prds/foundry.md	product-prd	explanation	product	likely-stale	`oya-foundry-*` — Internal Engineering Engine PRD
/Users/jasonlee/Developer/source/docs/prds/hr.md	product-prd	explanation	product	current	PRD-hr: HR µservice
/Users/jasonlee/Developer/source/docs/prds/INDEX.md	index	reference	product	current	PRD Index
/Users/jasonlee/Developer/source/docs/prds/ontology.md	product-prd	explanation	product	likely-stale	PRD-ontology: Ontology shared substrate
/Users/jasonlee/Developer/source/docs/prds/payroll.md	product-prd	explanation	product	current	PRD-payroll: Payroll µservice
/Users/jasonlee/Developer/source/docs/prds/tenancy.md	product-prd	explanation	product	current	PRD-tenancy: Tenancy shared substrate
/Users/jasonlee/Developer/source/docs/prds/workflow.md	product-prd	explanation	product	likely-stale	PRD-workflow: Workflow Studio (Shared Substrate + Hero Product)
/Users/jasonlee/Developer/source/docs/PRIVACY-PROGRAM.md	governance	explanation	governance/compliance	likely-stale	Oyatie — Privacy Program
/Users/jasonlee/Developer/source/docs/products/_TEMPLATE.md	product-prd	explanation	product	likely-stale	Oyatie — Product PRD Template
/Users/jasonlee/Developer/source/docs/products/cloud/PRD.md	product-prd	explanation	product	likely-stale	Oyatie — Product PRD: Cloud Provider (AWS-class)
/Users/jasonlee/Developer/source/docs/products/erp-coverage/PRD.md	product-prd	explanation	product	likely-stale	PRD: ERP Coverage - SAP-Parity Composition
/Users/jasonlee/Developer/source/docs/products/foundry/PHASE-00-SPEC.md	spec	reference	product	likely-stale	Foundry Phase 00 Specification — Account-Auth Bootstrap
/Users/jasonlee/Developer/source/docs/products/foundry/PRD.md	product-prd	explanation	product	likely-stale	Oyatie — Product PRD: Foundry — AI Agent Runtime + Foundry engineering platform (UNIFIED)
/Users/jasonlee/Developer/source/docs/products/foundry/supervisor/jsonl-supervisor-adapter/ARCHITECTURE.md	reference	reference	product	likely-stale	JSONL Adapter — Architecture
/Users/jasonlee/Developer/source/docs/products/foundry/supervisor/jsonl-supervisor-adapter/BENCHMARKS.md	reference	reference	product	likely-stale	JSONL Adapter — Benchmarks
/Users/jasonlee/Developer/source/docs/products/foundry/supervisor/jsonl-supervisor-adapter/OPERATIONS.md	runbook	how-to	operations/runbook	likely-stale	JSONL Adapter — Operations
/Users/jasonlee/Developer/source/docs/products/foundry/supervisor/jsonl-supervisor-adapter/README.md	reference	reference	product	likely-stale	JSONL Supervisor Adapter — README
/Users/jasonlee/Developer/source/docs/products/foundry/supervisor/jsonl-supervisor-adapter/SECURITY.md	reference	reference	product	likely-stale	JSONL Adapter — Security
/Users/jasonlee/Developer/source/docs/products/foundry/supervisor/README.md	reference	reference	product	likely-stale	Foundry Supervisor — Lane Overview
/Users/jasonlee/Developer/source/docs/products/foundry/supervisor/settings-template-adapter/ARCHITECTURE.md	reference	reference	product	likely-stale	Settings-Template Adapter — Architecture
/Users/jasonlee/Developer/source/docs/products/foundry/supervisor/settings-template-adapter/BENCHMARKS.md	reference	reference	product	likely-stale	Settings-Template Adapter — Benchmarks
/Users/jasonlee/Developer/source/docs/products/foundry/supervisor/settings-template-adapter/OPERATIONS.md	runbook	how-to	operations/runbook	likely-stale	Settings-Template Adapter — Operations
/Users/jasonlee/Developer/source/docs/products/foundry/supervisor/settings-template-adapter/README.md	reference	reference	product	likely-stale	Settings-Template Adapter — README
/Users/jasonlee/Developer/source/docs/products/foundry/supervisor/settings-template-adapter/SECURITY.md	reference	reference	product	likely-stale	Settings-Template Adapter — Security
/Users/jasonlee/Developer/source/docs/products/foundry/supervisor/settings-template-kernel/ARCHITECTURE.md	reference	reference	product	likely-stale	Settings-Template Kernel — Architecture
/Users/jasonlee/Developer/source/docs/products/foundry/supervisor/settings-template-kernel/BENCHMARKS.md	reference	reference	product	likely-stale	Settings-Template Kernel — Benchmarks
/Users/jasonlee/Developer/source/docs/products/foundry/supervisor/settings-template-kernel/OPERATIONS.md	runbook	how-to	operations/runbook	likely-stale	Settings-Template Kernel — Operations
/Users/jasonlee/Developer/source/docs/products/foundry/supervisor/settings-template-kernel/README.md	reference	reference	product	likely-stale	Settings-Template Kernel — README
/Users/jasonlee/Developer/source/docs/products/foundry/supervisor/settings-template-kernel/SECURITY.md	reference	reference	product	likely-stale	Settings-Template Kernel — Security
/Users/jasonlee/Developer/source/docs/products/foundry/supervisor/supervisor-app/ARCHITECTURE.md	reference	reference	product	likely-stale	Supervisor App — Architecture
/Users/jasonlee/Developer/source/docs/products/foundry/supervisor/supervisor-app/BENCHMARKS.md	reference	reference	product	likely-stale	Supervisor App — Benchmarks
/Users/jasonlee/Developer/source/docs/products/foundry/supervisor/supervisor-app/OPERATIONS.md	runbook	how-to	operations/runbook	likely-stale	Supervisor App — Operations
/Users/jasonlee/Developer/source/docs/products/foundry/supervisor/supervisor-app/README.md	reference	reference	product	likely-stale	Foundry Supervisor App — README
/Users/jasonlee/Developer/source/docs/products/foundry/supervisor/supervisor-app/SECURITY.md	reference	reference	product	likely-stale	Supervisor App — Security
/Users/jasonlee/Developer/source/docs/products/foundry/supervisor/supervisor-kernel/ARCHITECTURE.md	reference	reference	product	likely-stale	Supervisor Kernel — Architecture
/Users/jasonlee/Developer/source/docs/products/foundry/supervisor/supervisor-kernel/BENCHMARKS.md	reference	reference	product	likely-stale	Supervisor Kernel — Benchmarks
/Users/jasonlee/Developer/source/docs/products/foundry/supervisor/supervisor-kernel/OPERATIONS.md	runbook	how-to	operations/runbook	likely-stale	Supervisor Kernel — Operations
/Users/jasonlee/Developer/source/docs/products/foundry/supervisor/supervisor-kernel/README.md	reference	reference	product	likely-stale	Foundry Supervisor Kernel — README
/Users/jasonlee/Developer/source/docs/products/foundry/supervisor/supervisor-kernel/SECURITY.md	reference	reference	product	likely-stale	Supervisor Kernel — Security
/Users/jasonlee/Developer/source/docs/products/product-docs-w1-2026-05-20-checkpoint.md	spec	reference	product	likely-stale	Product Docs W1 Checkpoint - 2026-05-20
/Users/jasonlee/Developer/source/docs/products/README.md	index	reference	product	likely-stale	Oyatie — Per-Product PRD Index
/Users/jasonlee/Developer/source/docs/products/workplace-integration/PRD.md	product-prd	explanation	product	likely-stale	PRD: Workplace Integration — Cross-Cutting Product Layer
/Users/jasonlee/Developer/source/docs/QA-TEST-STRATEGY.md	governance	explanation	governance/compliance	likely-stale	Oyatie — QA + Test Strategy
/Users/jasonlee/Developer/source/docs/quality/ai-slop-defense/additional-tooling-recommendations.md	reference	reference	governance/compliance	likely-stale	Additional Tooling Recommendations
/Users/jasonlee/Developer/source/docs/quality/ai-slop-defense/ai-slop-failure-mode-catalogue.md	governance	explanation	governance/compliance	likely-stale	AI-Slop Failure Mode Catalogue
/Users/jasonlee/Developer/source/docs/quality/ai-slop-defense/defense-in-depth-architecture.md	architecture	explanation	architecture	likely-stale	Defense-in-Depth Architecture — 9 Layers
/Users/jasonlee/Developer/source/docs/quality/ai-slop-defense/gap-analysis-ai-vs-production.md	index	reference	governance/compliance	likely-stale	Gap Analysis — AI-Slop vs Production Quality
/Users/jasonlee/Developer/source/docs/quality/ai-slop-defense/impossible-to-fail-environment-spec.md	governance	explanation	governance/compliance	likely-stale	Impossible-to-Fail Environment — Master Spec
/Users/jasonlee/Developer/source/docs/quality/ai-slop-defense/INDEX.md	index	reference	governance/compliance	likely-stale	AI-Slop Defense — INDEX
/Users/jasonlee/Developer/source/docs/quality/ai-slop-defense/production-quality-bar.md	governance	explanation	governance/compliance	current	Production Quality Bar — 38 Dimensions
/Users/jasonlee/Developer/source/docs/RACI-OWNERSHIP.md	governance	explanation	governance/compliance	likely-stale	Oyatie — RACI + Ownership Matrix
/Users/jasonlee/Developer/source/docs/README.md	index	reference	index/meta	likely-stale	Oyatie Docs Hub
/Users/jasonlee/Developer/source/docs/regional-packs/_TEMPLATE.md	reference	reference	product	current	Regional Pack: oya-pack-<region>
/Users/jasonlee/Developer/source/docs/regional-packs/oya-pack-kr/PACK.md	reference	reference	product	current	Regional Pack: oya-pack-kr (South Korea)
/Users/jasonlee/Developer/source/docs/regional-packs/README.md	reference	reference	product	likely-stale	Oyatie — Regional Packs
/Users/jasonlee/Developer/source/docs/RELEASE-MANAGEMENT.md	governance	explanation	governance/compliance	likely-stale	Oyatie — Release Management
/Users/jasonlee/Developer/source/docs/release/branch-pipeline/agent-roles-spec.md	spec	reference	operations/runbook	duplicate	Agent Roles — Branch-Pipeline Promotion Workers
/Users/jasonlee/Developer/source/docs/release/branch-pipeline/branch-pipeline-architecture.md	architecture	explanation	architecture	duplicate	Branch Pipeline Architecture — Four-Layer Auto-Promotion
/Users/jasonlee/Developer/source/docs/release/branch-pipeline/branch-protection-rules.md	spec	reference	operations/runbook	duplicate	Branch Protection Rules
/Users/jasonlee/Developer/source/docs/release/branch-pipeline/ci-policy-per-branch.md	spec	reference	operations/runbook	duplicate	CI Policy Per Branch / Per Layer
/Users/jasonlee/Developer/source/docs/release/branch-pipeline/fitness-lanes-for-branch-pipeline.md	spec	reference	operations/runbook	duplicate	Fitness Lanes for the Branch Pipeline
/Users/jasonlee/Developer/source/docs/release/branch-pipeline/foundry-pipeline-mirror.md	spec	reference	operations/runbook	duplicate	Foundry Pipeline Mirror — Capability Stages in Lockstep with Branch Layers
/Users/jasonlee/Developer/source/docs/release/branch-pipeline/INDEX.md	index	reference	operations/runbook	duplicate	Branch Pipeline Composer — INDEX
/Users/jasonlee/Developer/source/docs/release/branch-pipeline/playbooks-by-axis-stage.md	runbook	how-to	operations/runbook	duplicate	Playbooks By Axis × Stage
/Users/jasonlee/Developer/source/docs/release/branch-pipeline/rollback-mechanics-per-stage.md	spec	reference	operations/runbook	duplicate	Rollback Mechanics Per Stage
/Users/jasonlee/Developer/source/docs/release/branch-pipeline/velocity-without-stability-loss.md	other	reference	operations/runbook	duplicate	Velocity Without Stability Loss — The Trade-Off Doc
/Users/jasonlee/Developer/source/docs/release/progressive-delivery/blue-green-spec.md	spec	reference	operations/runbook	duplicate	Blue/Green Specification
/Users/jasonlee/Developer/source/docs/release/progressive-delivery/canary-rail-spec.md	spec	reference	operations/runbook	duplicate	Canary Rail Specification
/Users/jasonlee/Developer/source/docs/release/progressive-delivery/dark-launch-spec.md	spec	reference	operations/runbook	duplicate	Dark-Launch Specification
/Users/jasonlee/Developer/source/docs/release/progressive-delivery/enforcement-lanes.md	governance	explanation	operations/runbook	duplicate	Enforcement Lanes — Progressive Delivery
/Users/jasonlee/Developer/source/docs/release/progressive-delivery/feature-flag-architecture.md	other	reference	operations/runbook	duplicate	Feature-Flag Architecture — Oyatie
/Users/jasonlee/Developer/source/docs/release/progressive-delivery/INDEX.md	index	reference	operations/runbook	duplicate	Progressive-Delivery + SLO-Burn-Rate-Rollback Architecture — Index
/Users/jasonlee/Developer/source/docs/release/progressive-delivery/playbook-ads.md	runbook	how-to	operations/runbook	duplicate	Playbook: Ads / Analytics Rollout
/Users/jasonlee/Developer/source/docs/release/progressive-delivery/playbook-cloud.md	runbook	how-to	operations/runbook	duplicate	Playbook: Cloud-Axis Rollout
/Users/jasonlee/Developer/source/docs/release/progressive-delivery/playbook-cross-axis-contract.md	runbook	how-to	operations/runbook	duplicate	Playbook: Cross-Axis Contract Change
/Users/jasonlee/Developer/source/docs/release/progressive-delivery/playbook-foundry.md	runbook	how-to	operations/runbook	duplicate	Playbook: Foundry Capability Rollout
/Users/jasonlee/Developer/source/docs/release/progressive-delivery/playbook-saas.md	runbook	how-to	operations/runbook	duplicate	Playbook: SaaS Surface Rollout
/Users/jasonlee/Developer/source/docs/release/progressive-delivery/playbook-search.md	runbook	how-to	operations/runbook	duplicate	Playbook: Search Rollout
/Users/jasonlee/Developer/source/docs/release/progressive-delivery/playbook-vertical-pack.md	runbook	how-to	operations/runbook	duplicate	Playbook: Vertical-Pack Update
/Users/jasonlee/Developer/source/docs/release/progressive-delivery/playbook-workspace.md	runbook	how-to	operations/runbook	duplicate	Playbook: Workspace Surface Rollout
/Users/jasonlee/Developer/source/docs/release/progressive-delivery/progressive-delivery-strategy.md	other	reference	operations/runbook	duplicate	Progressive-Delivery Strategy — Oyatie
/Users/jasonlee/Developer/source/docs/release/progressive-delivery/slo-burn-rate-rollback-spec.md	spec	reference	operations/runbook	duplicate	SLO Burn-Rate Rollback Specification
/Users/jasonlee/Developer/source/docs/release/progressive-delivery/stable-cohort-spec.md	spec	reference	operations/runbook	duplicate	Stable Cohort Specification
/Users/jasonlee/Developer/source/docs/release/progressive-delivery/traffic-mirror-spec.md	spec	reference	operations/runbook	duplicate	Traffic-Mirror Specification
/Users/jasonlee/Developer/source/docs/RISK-REGISTER.md	governance	explanation	governance/compliance	likely-stale	Oyatie — Risk Register
/Users/jasonlee/Developer/source/docs/ROADMAP.md	index	reference	index/meta	likely-stale	Oyatie — Roadmap
/Users/jasonlee/Developer/source/docs/RUNBOOKS-INDEX.md	index	reference	index/meta	likely-stale	Oyatie — Runbooks Index
/Users/jasonlee/Developer/source/docs/runbooks/ad-auction-latency-incident.md	runbook	how-to	operations/runbook	likely-stale	Oyatie Runbook — Ad Auction Latency Incident
/Users/jasonlee/Developer/source/docs/runbooks/adr-promotion-triage.md	adr	explanation	decision/ADR	likely-stale	Oyatie Runbook — Adr Promotion Triage
/Users/jasonlee/Developer/source/docs/runbooks/adr-supersession-graph-update.md	adr	explanation	decision/ADR	likely-stale	Oyatie Runbook — Adr Supersession Graph Update
/Users/jasonlee/Developer/source/docs/runbooks/ads/auction-engine-overload.md	runbook	how-to	operations/runbook	likely-stale	Oyatie Runbook — Auction Engine Overload
/Users/jasonlee/Developer/source/docs/runbooks/ads/click-fraud-spike.md	runbook	how-to	operations/runbook	likely-stale	Oyatie Runbook — Click Fraud Spike
/Users/jasonlee/Developer/source/docs/runbooks/ads/data-use-boundary-violation.md	runbook	how-to	operations/runbook	likely-stale	Oyatie Runbook — Ads Data Use Boundary Violation
/Users/jasonlee/Developer/source/docs/runbooks/agent-authoring-evidence-attach.md	runbook	how-to	operations/runbook	likely-stale	Oyatie Runbook — Agent Authoring Evidence Attach
/Users/jasonlee/Developer/source/docs/runbooks/alias-sunset-promotion.md	runbook	how-to	operations/runbook	likely-stale	Oyatie Runbook — Alias Sunset Promotion
/Users/jasonlee/Developer/source/docs/runbooks/aml-alert-escalation.md	runbook	how-to	operations/runbook	likely-stale	Oyatie Runbook — Aml Alert Escalation
/Users/jasonlee/Developer/source/docs/runbooks/analytics-warehouse-reconciliation.md	runbook	how-to	operations/runbook	likely-stale	Oyatie Runbook — Analytics Warehouse Reconciliation
/Users/jasonlee/Developer/source/docs/runbooks/analytics/dp-budget-exhausted.md	runbook	how-to	operations/runbook	likely-stale	Oyatie Runbook — DP Budget Exhausted
/Users/jasonlee/Developer/source/docs/runbooks/api-gateway-rate-limit-incident.md	runbook	how-to	operations/runbook	likely-stale	Oyatie Runbook — Api Gateway Rate Limit Incident
/Users/jasonlee/Developer/source/docs/runbooks/attribution-pipeline-lag.md	runbook	how-to	operations/runbook	likely-stale	Oyatie Runbook — Attribution Pipeline Lag
/Users/jasonlee/Developer/source/docs/runbooks/audit-chain-integrity-check.md	runbook	how-to	operations/runbook	likely-stale	Oyatie Runbook — Audit Chain Integrity Check
/Users/jasonlee/Developer/source/docs/runbooks/audit-chain-integrity-recovery.md	runbook	how-to	operations/runbook	likely-stale	Oyatie Runbook — Audit Chain Integrity Recovery
/Users/jasonlee/Developer/source/docs/runbooks/autonomy-ceiling-breach-response.md	runbook	how-to	operations/runbook	likely-stale	Oyatie Runbook — Autonomy Ceiling Breach Response
/Users/jasonlee/Developer/source/docs/runbooks/autonomy-tier-uplift.md	runbook	how-to	operations/runbook	likely-stale	Oyatie Runbook — Autonomy Tier Uplift
/Users/jasonlee/Developer/source/docs/runbooks/axis-admission-proposal.md	runbook	how-to	operations/runbook	likely-stale	Oyatie Runbook — Axis Admission Proposal
/Users/jasonlee/Developer/source/docs/runbooks/axis-retire-consolidate.md	runbook	how-to	operations/runbook	likely-stale	Oyatie Runbook — Axis Retire Consolidate
/Users/jasonlee/Developer/source/docs/runbooks/bootstrap-ci-compromise.md	runbook	how-to	operations/runbook	likely-stale	Oyatie Runbook — Stage-1 Bootstrap CI Runner Compromise
/Users/jasonlee/Developer/source/docs/runbooks/brand-rename-batch-execute.md	runbook	how-to	operations/runbook	likely-stale	Oyatie Runbook — Brand Rename Batch Execute
/Users/jasonlee/Developer/source/docs/runbooks/brand-rename-rollback.md	runbook	how-to	operations/runbook	likely-stale	Oyatie Runbook — Brand Rename Rollback
/Users/jasonlee/Developer/source/docs/runbooks/breach-notification-council-escalation.md	runbook	how-to	operations/runbook	likely-stale	Oyatie Runbook — Breach Notification Council Escalation
/Users/jasonlee/Developer/source/docs/runbooks/breach-notification.md	runbook	how-to	operations/runbook	likely-stale	Oyatie Runbook — Breach Notification
/Users/jasonlee/Developer/source/docs/runbooks/break-glass-with-evidence.md	runbook	how-to	operations/runbook	likely-stale	Oyatie Runbook — Break Glass With Evidence
/Users/jasonlee/Developer/source/docs/runbooks/byok-rotation-encryption-tenant-duress.md	runbook	how-to	operations/runbook	current	Oyatie Runbook — encryption-BYOK (KMS Root / HSM Partition) Rotation Under Tenant Duress
/Users/jasonlee/Developer/source/docs/runbooks/byok-rotation-provider-tenant-duress.md	runbook	how-to	operations/runbook	current	Oyatie Runbook — provider-BYOK Credential Rotation Under Tenant Duress
/Users/jasonlee/Developer/source/docs/runbooks/capability-rollback.md	runbook	how-to	operations/runbook	likely-stale	Oyatie Runbook — Capability Rollback
/Users/jasonlee/Developer/source/docs/runbooks/capacity-scaling-emergency.md	runbook	how-to	operations/runbook	likely-stale	Oyatie Runbook — Capacity Scaling Emergency
/Users/jasonlee/Developer/source/docs/runbooks/cedar-fragment-emergency-rollback.md	runbook	how-to	operations/runbook	current	Oyatie Runbook — Cedar Fragment Emergency Rollback
/Users/jasonlee/Developer/source/docs/runbooks/cedar-policy-breach.md	runbook	how-to	operations/runbook	likely-stale	Oyatie Runbook — Cedar Policy Breach
/Users/jasonlee/Developer/source/docs/runbooks/cedar-policy-rollback.md	runbook	how-to	operations/runbook	likely-stale	Oyatie Runbook — Cedar Policy Rollback
/Users/jasonlee/Developer/source/docs/runbooks/cell-evacuation.md	runbook	how-to	operations/runbook	current	Oyatie Runbook — Tier 3 Cell Evacuation
/Users/jasonlee/Developer/source/docs/runbooks/cell-failover-intra-region.md	runbook	how-to	operations/runbook	likely-stale	Oyatie Runbook — Cell Failover Intra Region
/Users/jasonlee/Developer/source/docs/runbooks/cell-isolation-breach.md	runbook	how-to	operations/runbook	likely-stale	Oyatie Runbook — Cell Isolation Breach
/Users/jasonlee/Developer/source/docs/runbooks/cell-isolation-evidence-quarterly.md	runbook	how-to	operations/runbook	likely-stale	Oyatie Runbook — Cell Isolation Evidence Quarterly
/Users/jasonlee/Developer/source/docs/runbooks/cell-provision.md	runbook	how-to	operations/runbook	likely-stale	Oyatie Runbook — Cell Provision
/Users/jasonlee/Developer/source/docs/runbooks/cell-tier-promotion.md	runbook	how-to	operations/runbook	likely-stale	Oyatie Runbook — Cell Tier Promotion
/Users/jasonlee/Developer/source/docs/runbooks/claim-ceiling-bypass-expiry.md	runbook	how-to	operations/runbook	likely-stale	Oyatie Runbook — Claim Ceiling Bypass Expiry
/Users/jasonlee/Developer/source/docs/runbooks/clinical-audit-replay.md	runbook	how-to	operations/runbook	likely-stale	Oyatie Runbook — Clinical Audit Replay
/Users/jasonlee/Developer/source/docs/runbooks/cloud/billing-event-stream-stuck.md	runbook	how-to	operations/runbook	likely-stale	Oyatie Runbook — Cloud Billing Event Stream Stuck
/Users/jasonlee/Developer/source/docs/runbooks/cloud/cell-isolation-breach.md	runbook	how-to	operations/runbook	likely-stale	Oyatie Runbook — Cell-Isolation Breach
/Users/jasonlee/Developer/source/docs/runbooks/cloud/dcops-cooling-failure.md	runbook	how-to	operations/runbook	likely-stale	Oyatie Runbook — Datacenter Cooling Failure (post W-DC-Operations)
/Users/jasonlee/Developer/source/docs/runbooks/cloud/dcops-power-event.md	runbook	how-to	operations/runbook	likely-stale	Oyatie Runbook — Datacenter Power Event (post W-DC-Operations)
/Users/jasonlee/Developer/source/docs/runbooks/cloud/iam-key-rotation.md	runbook	how-to	operations/runbook	likely-stale	Oyatie Runbook — Cloud IAM Key Rotation
/Users/jasonlee/Developer/source/docs/runbooks/cloud/kms-emergency-rotation.md	runbook	how-to	operations/runbook	likely-stale	Oyatie Runbook — KMS Emergency Rotation
/Users/jasonlee/Developer/source/docs/runbooks/cloud/region-failover.md	runbook	how-to	operations/runbook	likely-stale	Oyatie Runbook — Cloud Region Failover
/Users/jasonlee/Developer/source/docs/runbooks/cold-chain-breach-alert.md	runbook	how-to	operations/runbook	likely-stale	Oyatie Runbook — Cold Chain Breach Alert
/Users/jasonlee/Developer/source/docs/runbooks/compliance-pack-emergency-suspension.md	runbook	how-to	operations/runbook	likely-stale	Oyatie Runbook — Compliance Pack Emergency Suspension
/Users/jasonlee/Developer/source/docs/runbooks/compliance-pack-revocation.md	runbook	how-to	operations/runbook	likely-stale	Oyatie Runbook — Compliance Pack Emergency Revocation
/Users/jasonlee/Developer/source/docs/runbooks/consent-withdrawal-cascade.md	runbook	how-to	operations/runbook	likely-stale	Oyatie Runbook — Consent Withdrawal Cascade
/Users/jasonlee/Developer/source/docs/runbooks/contract-breaking-change.md	runbook	how-to	operations/runbook	likely-stale	Oyatie Runbook — Contract Breaking Change
/Users/jasonlee/Developer/source/docs/runbooks/contract-introduction.md	runbook	how-to	operations/runbook	likely-stale	Oyatie Runbook — Contract Introduction
/Users/jasonlee/Developer/source/docs/runbooks/cost-anomaly-response.md	runbook	how-to	operations/runbook	likely-stale	Oyatie Runbook — Cost Anomaly Response
/Users/jasonlee/Developer/source/docs/runbooks/crawler-politeness-incident.md	runbook	how-to	operations/runbook	likely-stale	Oyatie Runbook — Crawler Politeness Incident
/Users/jasonlee/Developer/source/docs/runbooks/cross-axis-contradiction-audit.md	runbook	how-to	operations/runbook	likely-stale	Oyatie Runbook — Cross Axis Contradiction Audit
/Users/jasonlee/Developer/source/docs/runbooks/cross-axis/audit-chain-integrity-failure.md	runbook	how-to	operations/runbook	current	Oyatie Runbook — Audit-Chain Integrity Failure
/Users/jasonlee/Developer/source/docs/runbooks/cross-axis/cohesion-fitness-violation.md	runbook	how-to	operations/runbook	likely-stale	Oyatie Runbook — Cohesion Fitness Violation
/Users/jasonlee/Developer/source/docs/runbooks/cross-axis/cross-tenant-access-detected.md	runbook	how-to	operations/runbook	likely-stale	Oyatie Runbook — Cross-Tenant Access Detected
/Users/jasonlee/Developer/source/docs/runbooks/cross-axis/data-class-violation-detected.md	runbook	how-to	operations/runbook	likely-stale	Oyatie Runbook — Data-Class Violation Detected
/Users/jasonlee/Developer/source/docs/runbooks/cross-axis/dsr-cascade-stuck.md	runbook	how-to	operations/runbook	likely-stale	Oyatie Runbook — DSR Cascade Stuck
/Users/jasonlee/Developer/source/docs/runbooks/cross-axis/foundation-bypass-expired.md	runbook	how-to	operations/runbook	likely-stale	Oyatie Runbook — Foundation Bypass Expired
/Users/jasonlee/Developer/source/docs/runbooks/cross-axis/regional-pack-regulator-update.md	runbook	how-to	operations/runbook	likely-stale	Oyatie Runbook — Regional Pack Regulator Update
/Users/jasonlee/Developer/source/docs/runbooks/cross-doc-impact-analysis.md	runbook	how-to	operations/runbook	likely-stale	Oyatie Runbook — Cross Doc Impact Analysis
/Users/jasonlee/Developer/source/docs/runbooks/cross-pack-tenant-residency.md	runbook	how-to	operations/runbook	likely-stale	Oyatie Runbook — Cross Pack Tenant Residency
/Users/jasonlee/Developer/source/docs/runbooks/cross-plane-call-introduction.md	runbook	how-to	operations/runbook	likely-stale	Oyatie Runbook — Cross Plane Call Introduction
/Users/jasonlee/Developer/source/docs/runbooks/cve-critical-patch.md	runbook	how-to	operations/runbook	likely-stale	Oyatie Runbook — Cve Critical Patch
/Users/jasonlee/Developer/source/docs/runbooks/data-class-transition-approval.md	runbook	how-to	operations/runbook	likely-stale	Oyatie Runbook — Data Class Transition Approval
/Users/jasonlee/Developer/source/docs/runbooks/demo-environment-reset.md	runbook	how-to	operations/runbook	likely-stale	Oyatie Runbook — Demo Environment Reset
/Users/jasonlee/Developer/source/docs/runbooks/dep-replacement-execution.md	runbook	how-to	operations/runbook	likely-stale	Oyatie Runbook — Dep Replacement Execution
/Users/jasonlee/Developer/source/docs/runbooks/design-partner-feedback-session.md	runbook	how-to	operations/runbook	likely-stale	Oyatie Runbook — Design Partner Feedback Session
/Users/jasonlee/Developer/source/docs/runbooks/design-partner-onboarding.md	runbook	how-to	operations/runbook	likely-stale	Oyatie Runbook — Design Partner Onboarding
/Users/jasonlee/Developer/source/docs/runbooks/doc-update-pr.md	runbook	how-to	operations/runbook	likely-stale	Oyatie Runbook — Doc Update Pr
/Users/jasonlee/Developer/source/docs/runbooks/dr-drill-playbook.md	runbook	how-to	operations/runbook	likely-stale	Oyatie Runbook — Dr Drill Playbook
/Users/jasonlee/Developer/source/docs/runbooks/dsr-cascade-orchestration.md	runbook	how-to	operations/runbook	likely-stale	Oyatie Runbook — Dsr Cascade Orchestration
/Users/jasonlee/Developer/source/docs/runbooks/dsr-cascade-proof-of-erasure.md	runbook	how-to	operations/runbook	likely-stale	Oyatie Runbook — Dsr Cascade Proof Of Erasure
/Users/jasonlee/Developer/source/docs/runbooks/dsr-cascade-with-evidence.md	runbook	how-to	operations/runbook	likely-stale	Oyatie Runbook — Dsr Cascade With Evidence
/Users/jasonlee/Developer/source/docs/runbooks/dsr-compliance-report.md	runbook	how-to	operations/runbook	likely-stale	Oyatie Runbook — Dsr Compliance Report
/Users/jasonlee/Developer/source/docs/runbooks/employee-dsr-cascade.md	runbook	how-to	operations/runbook	likely-stale	Oyatie Runbook — Employee Dsr Cascade
/Users/jasonlee/Developer/source/docs/runbooks/error-budget-exhaustion.md	runbook	how-to	operations/runbook	likely-stale	Oyatie Runbook — Error Budget Exhaustion
/Users/jasonlee/Developer/source/docs/runbooks/esign-failure.md	runbook	how-to	operations/runbook	likely-stale	Oyatie Runbook — Esign Failure
/Users/jasonlee/Developer/source/docs/runbooks/evidence-pack-generation.md	runbook	how-to	operations/runbook	likely-stale	Oyatie Runbook — Evidence Pack Generation
/Users/jasonlee/Developer/source/docs/runbooks/external-dep-onboarding.md	runbook	how-to	operations/runbook	likely-stale	Oyatie Runbook — External Dep Onboarding
/Users/jasonlee/Developer/source/docs/runbooks/fhir-resource-dsr.md	runbook	how-to	operations/runbook	likely-stale	Oyatie Runbook — Fhir Resource Dsr
/Users/jasonlee/Developer/source/docs/runbooks/finops-monthly-close.md	runbook	how-to	operations/runbook	likely-stale	Oyatie Runbook — Finops Monthly Close
/Users/jasonlee/Developer/source/docs/runbooks/fintech-payment-failure.md	runbook	how-to	operations/runbook	likely-stale	Oyatie Runbook — Fintech Payment Failure
/Users/jasonlee/Developer/source/docs/runbooks/flat-crates-move-pr.md	runbook	how-to	operations/runbook	current	Oyatie Runbook — Flat Crates Move PR
/Users/jasonlee/Developer/source/docs/runbooks/forbidden-license-rollback.md	runbook	how-to	operations/runbook	likely-stale	Oyatie Runbook — Forbidden License Rollback
/Users/jasonlee/Developer/source/docs/runbooks/forgejo-agent-board-workflow.md	runbook	how-to	operations/runbook	misplaced	Oyatie Runbook — GitHub Agent-Board Operating Workflow
/Users/jasonlee/Developer/source/docs/runbooks/forgejo-board-verification-checklist.md	runbook	how-to	operations/runbook	misplaced	Oyatie Runbook — GitHub Board Verification Checklist
/Users/jasonlee/Developer/source/docs/runbooks/forgejo-board-webhook-projection.md	runbook	how-to	operations/runbook	misplaced	Runbook: GitHub Board Webhook Projection
/Users/jasonlee/Developer/source/docs/runbooks/forgejo-claim-ref-cas.md	runbook	how-to	operations/runbook	misplaced	Oyatie Runbook — GitHub Claim-Ref CAS Contract
/Users/jasonlee/Developer/source/docs/runbooks/foundry-agent-daemon.md	runbook	how-to	operations/runbook	likely-stale	Oyatie Runbook — Foundry Agent Daemon
/Users/jasonlee/Developer/source/docs/runbooks/foundry-autonomy-break-glass.md	runbook	how-to	operations/runbook	likely-stale	Oyatie Runbook — Foundry Autonomy Break Glass
/Users/jasonlee/Developer/source/docs/runbooks/foundry-autonomy-policy-rollback.md	runbook	how-to	operations/runbook	likely-stale	Oyatie Runbook — Foundry Autonomy Policy Rollback
/Users/jasonlee/Developer/source/docs/runbooks/foundry-bypass-expiry-monitor.md	runbook	how-to	operations/runbook	likely-stale	Oyatie Runbook — Foundry Bypass Expiry Monitor
/Users/jasonlee/Developer/source/docs/runbooks/foundry-capability-publish.md	runbook	how-to	operations/runbook	likely-stale	Oyatie Runbook — Foundry Capability Publish
/Users/jasonlee/Developer/source/docs/runbooks/foundry-fitness-rollback.md	runbook	how-to	operations/runbook	likely-stale	Oyatie Runbook — Foundry Fitness Rollback
/Users/jasonlee/Developer/source/docs/runbooks/foundry-mcp-gateway-incident.md	runbook	how-to	operations/runbook	likely-stale	Oyatie Runbook — Foundry Mcp Gateway Incident
/Users/jasonlee/Developer/source/docs/runbooks/foundry-model-cutover.md	runbook	how-to	operations/runbook	likely-stale	Oyatie Runbook — Foundry Model Cutover
/Users/jasonlee/Developer/source/docs/runbooks/foundry-model-lora-adapter-rollback.md	runbook	how-to	operations/runbook	likely-stale	Oyatie Runbook — Foundry Model Lora Adapter Rollback
/Users/jasonlee/Developer/source/docs/runbooks/foundry-model-training-incident.md	runbook	how-to	operations/runbook	likely-stale	Oyatie Runbook — Foundry Model Training Incident
/Users/jasonlee/Developer/source/docs/runbooks/foundry-platform-incident.md	runbook	how-to	operations/runbook	likely-stale	Oyatie Runbook — Foundry Platform Incident
/Users/jasonlee/Developer/source/docs/runbooks/foundry-robotics-anti-scope-review.md	runbook	how-to	operations/runbook	likely-stale	Oyatie Runbook — Foundry Robotics Anti Scope Review
/Users/jasonlee/Developer/source/docs/runbooks/foundry-robotics-safe-stop.md	runbook	how-to	operations/runbook	likely-stale	Oyatie Runbook — Foundry Robotics Safe Stop
/Users/jasonlee/Developer/source/docs/runbooks/foundry-sandbox-escape.md	runbook	how-to	operations/runbook	likely-stale	Oyatie Runbook — Foundry Sandbox Escape
/Users/jasonlee/Developer/source/docs/runbooks/foundry-sandbox-warm-pool.md	runbook	how-to	operations/runbook	likely-stale	Oyatie Runbook — Foundry Sandbox Warm Pool
/Users/jasonlee/Developer/source/docs/runbooks/foundry-vision-lawful-basis-incident.md	runbook	how-to	operations/runbook	likely-stale	Oyatie Runbook — Foundry Vision Lawful Basis Incident
/Users/jasonlee/Developer/source/docs/runbooks/foundry/autonomy-ceiling-breach-attempt.md	runbook	how-to	operations/runbook	likely-stale	Oyatie Runbook — Autonomy Ceiling Breach Attempt
/Users/jasonlee/Developer/source/docs/runbooks/foundry/capability-eval-regression.md	runbook	how-to	operations/runbook	likely-stale	Oyatie Runbook — Capability Eval Regression
/Users/jasonlee/Developer/source/docs/runbooks/foundry/cost-ceiling-exceeded.md	runbook	how-to	operations/runbook	likely-stale	Oyatie Runbook — Cost Ceiling Exceeded
/Users/jasonlee/Developer/source/docs/runbooks/foundry/prompt-injection-fired.md	runbook	how-to	operations/runbook	likely-stale	Oyatie Runbook — Prompt Injection Fired
/Users/jasonlee/Developer/source/docs/runbooks/foundry/provider-quota-exhausted.md	runbook	how-to	operations/runbook	likely-stale	Oyatie Runbook — Foundry Provider Quota Exhausted
/Users/jasonlee/Developer/source/docs/runbooks/foundry/sandbox-escape-detected.md	runbook	how-to	operations/runbook	likely-stale	Oyatie Runbook — Foundry Sandbox Escape Detected
/Users/jasonlee/Developer/source/docs/runbooks/foundry/subscription-token-expired.md	runbook	how-to	operations/runbook	likely-stale	Oyatie Runbook — Subscription Token Expired (Provider Subscription Auth)
/Users/jasonlee/Developer/source/docs/runbooks/foundry/supervisor/lifecycle.md	runbook	how-to	operations/runbook	likely-stale	RB-SUPERVISOR-001: Foundry Supervisor Lifecycle Management
/Users/jasonlee/Developer/source/docs/runbooks/gl-reconciliation.md	runbook	how-to	operations/runbook	likely-stale	Oyatie Runbook — Gl Reconciliation
/Users/jasonlee/Developer/source/docs/runbooks/glossary-amendment-pr.md	runbook	how-to	operations/runbook	likely-stale	Oyatie Runbook — Glossary Amendment Pr
/Users/jasonlee/Developer/source/docs/runbooks/healthcare-break-glass.md	runbook	how-to	operations/runbook	likely-stale	Oyatie Runbook — Healthcare Break Glass
/Users/jasonlee/Developer/source/docs/runbooks/iam-key-rotation.md	runbook	how-to	operations/runbook	likely-stale	Oyatie Runbook — Iam Key Rotation
/Users/jasonlee/Developer/source/docs/runbooks/identity-provider-federation.md	runbook	how-to	operations/runbook	likely-stale	Oyatie Runbook — Identity Provider Federation
/Users/jasonlee/Developer/source/docs/runbooks/in-house-replacement-trigger.md	runbook	how-to	operations/runbook	likely-stale	Oyatie Runbook — In House Replacement Trigger
/Users/jasonlee/Developer/source/docs/runbooks/industrial-ot-write-emergency-stop.md	runbook	how-to	operations/runbook	likely-stale	Oyatie Runbook — Industrial Ot Write Emergency Stop
/Users/jasonlee/Developer/source/docs/runbooks/kafka-topic-provisioning.md	runbook	how-to	operations/runbook	likely-stale	Oyatie Runbook — Kafka Topic Provisioning
/Users/jasonlee/Developer/source/docs/runbooks/kcmvp-hsm-incident.md	runbook	how-to	operations/runbook	likely-stale	Oyatie Runbook — Kcmvp Hsm Incident
/Users/jasonlee/Developer/source/docs/runbooks/kyc-review-queue.md	runbook	how-to	operations/runbook	likely-stale	Oyatie Runbook — Kyc Review Queue
/Users/jasonlee/Developer/source/docs/runbooks/legal-corpus-update.md	runbook	how-to	operations/runbook	likely-stale	Oyatie Runbook — Legal Corpus Update
/Users/jasonlee/Developer/source/docs/runbooks/license-tier-3-review.md	runbook	how-to	operations/runbook	likely-stale	Oyatie Runbook — License Tier 3 Review
/Users/jasonlee/Developer/source/docs/runbooks/logistics-edi-failure.md	runbook	how-to	operations/runbook	likely-stale	Oyatie Runbook — Logistics Edi Failure
/Users/jasonlee/Developer/source/docs/runbooks/machine-readable-mirror-regenerate.md	runbook	how-to	operations/runbook	likely-stale	Oyatie Runbook — Machine Readable Mirror Regenerate
/Users/jasonlee/Developer/source/docs/runbooks/marketplace-listing-takedown.md	runbook	how-to	operations/runbook	likely-stale	Oyatie Runbook — Marketplace Listing Takedown
/Users/jasonlee/Developer/source/docs/runbooks/meta-trust-root-recovery.md	runbook	how-to	operations/runbook	likely-stale	Oyatie Runbook — Meta-Trust-Root Key Loss or Compromise Recovery
/Users/jasonlee/Developer/source/docs/runbooks/og-ciphertext-key-shred.md	runbook	how-to	operations/runbook	likely-stale	Oyatie Runbook — Og Ciphertext Key Shred
/Users/jasonlee/Developer/source/docs/runbooks/og-property-tier-migration.md	runbook	how-to	operations/runbook	likely-stale	Oyatie Runbook — Og Property Tier Migration
/Users/jasonlee/Developer/source/docs/runbooks/og-rls-policy-regenerate.md	runbook	how-to	operations/runbook	likely-stale	Oyatie Runbook — Og Rls Policy Regenerate
/Users/jasonlee/Developer/source/docs/runbooks/og-schema-rollback.md	runbook	how-to	operations/runbook	likely-stale	Oyatie Runbook — Og Schema Rollback
/Users/jasonlee/Developer/source/docs/runbooks/on-call-handover.md	runbook	how-to	operations/runbook	likely-stale	Oyatie Runbook — On Call Handover
/Users/jasonlee/Developer/source/docs/runbooks/opcua-adapter-disconnect.md	runbook	how-to	operations/runbook	likely-stale	Oyatie Runbook — Opcua Adapter Disconnect
/Users/jasonlee/Developer/source/docs/runbooks/ops/dr-drill-runbook.md	runbook	how-to	operations/runbook	likely-stale	Oyatie Runbook — Disaster Recovery Drill
/Users/jasonlee/Developer/source/docs/runbooks/ops/game-day-procedure.md	runbook	how-to	operations/runbook	likely-stale	Oyatie Runbook — Game Day Procedure
/Users/jasonlee/Developer/source/docs/runbooks/ops/regulator-notification-procedure.md	runbook	how-to	operations/runbook	likely-stale	Oyatie Runbook — Regulator Notification Procedure
/Users/jasonlee/Developer/source/docs/runbooks/ops/sev-1-bridge-procedure.md	runbook	how-to	operations/runbook	likely-stale	Oyatie Runbook — Sev-1 Incident Bridge Procedure
/Users/jasonlee/Developer/source/docs/runbooks/ops/trust-portal-publish-procedure.md	runbook	how-to	operations/runbook	likely-stale	Oyatie Runbook — Trust Portal Publish Procedure
/Users/jasonlee/Developer/source/docs/runbooks/outbox-poller-recovery.md	runbook	how-to	operations/runbook	likely-stale	Oyatie Runbook — Outbox Poller Recovery
/Users/jasonlee/Developer/source/docs/runbooks/outbox-relay-lag.md	runbook	how-to	operations/runbook	likely-stale	Oyatie Runbook — Outbox Relay Lag
/Users/jasonlee/Developer/source/docs/runbooks/pack-onboarding.md	runbook	how-to	operations/runbook	likely-stale	Oyatie Runbook — Pack Onboarding
/Users/jasonlee/Developer/source/docs/runbooks/pack-version-upgrade.md	runbook	how-to	operations/runbook	likely-stale	Oyatie Runbook — Pack Version Upgrade
/Users/jasonlee/Developer/source/docs/runbooks/partner-contract-renewal.md	runbook	how-to	operations/runbook	likely-stale	Oyatie Runbook — Partner Contract Renewal
/Users/jasonlee/Developer/source/docs/runbooks/payroll-run-failure.md	runbook	how-to	operations/runbook	likely-stale	Oyatie Runbook — Payroll Run Failure
/Users/jasonlee/Developer/source/docs/runbooks/per-cell-broker-failover.md	runbook	how-to	operations/runbook	likely-stale	Oyatie Runbook — Per Cell Broker Failover
/Users/jasonlee/Developer/source/docs/runbooks/per-cell-hsm-rotation.md	runbook	how-to	operations/runbook	likely-stale	Oyatie Runbook — Per Cell Hsm Rotation
/Users/jasonlee/Developer/source/docs/runbooks/per-context-flatten-phase.md	runbook	how-to	operations/runbook	current	Oyatie Runbook — Per-Context Flatten Phase
/Users/jasonlee/Developer/source/docs/runbooks/plane-class-correction.md	runbook	how-to	operations/runbook	likely-stale	Oyatie Runbook — Plane Class Correction
/Users/jasonlee/Developer/source/docs/runbooks/plugin-sandbox-escape.md	runbook	how-to	operations/runbook	likely-stale	Oyatie Runbook — Plugin Sandbox Escape
/Users/jasonlee/Developer/source/docs/runbooks/preview-to-stable-promotion.md	runbook	how-to	operations/runbook	likely-stale	Oyatie Runbook — Preview To Stable Promotion
/Users/jasonlee/Developer/source/docs/runbooks/privacy-council-data-class-review.md	runbook	how-to	operations/runbook	likely-stale	Oyatie Runbook — Privacy Council Data Class Review
/Users/jasonlee/Developer/source/docs/runbooks/provider-credential-leak-response.md	runbook	how-to	operations/runbook	likely-stale	Oyatie Runbook — Leaked Platform-Default Provider Credentials Response
/Users/jasonlee/Developer/source/docs/runbooks/region-failover.md	runbook	how-to	operations/runbook	likely-stale	Oyatie Runbook — Region Failover
/Users/jasonlee/Developer/source/docs/runbooks/regulator-evidence-pack-regen.md	runbook	how-to	operations/runbook	likely-stale	Oyatie Runbook — Regulator Evidence Pack Regen
/Users/jasonlee/Developer/source/docs/runbooks/regulator-publication-feed-health.md	runbook	how-to	operations/runbook	likely-stale	Oyatie Runbook — Regulator Publication Feed Health
/Users/jasonlee/Developer/source/docs/runbooks/regulatory-change-response.md	runbook	how-to	operations/runbook	likely-stale	Oyatie Runbook — Regulatory Change Response
/Users/jasonlee/Developer/source/docs/runbooks/regulatory-relationship-escalation.md	runbook	how-to	operations/runbook	likely-stale	Oyatie Runbook — Regulatory Relationship Escalation
/Users/jasonlee/Developer/source/docs/runbooks/regulatory-replay.md	runbook	how-to	operations/runbook	likely-stale	Oyatie Runbook — Regulatory Replay
/Users/jasonlee/Developer/source/docs/runbooks/release-rollback.md	runbook	how-to	operations/runbook	likely-stale	Oyatie Runbook — Release Rollback
/Users/jasonlee/Developer/source/docs/runbooks/saas/marketplace-listing-takedown.md	runbook	how-to	operations/runbook	likely-stale	Oyatie Runbook — Marketplace Listing Takedown
/Users/jasonlee/Developer/source/docs/runbooks/saas/plugin-runtime-sandbox-escape.md	runbook	how-to	operations/runbook	likely-stale	Oyatie Runbook — Plugin Runtime Sandbox Escape
/Users/jasonlee/Developer/source/docs/runbooks/saas/workflow-engine-deadlock.md	runbook	how-to	operations/runbook	likely-stale	Oyatie Runbook — Workflow Engine Deadlock
/Users/jasonlee/Developer/source/docs/runbooks/sanctioned-primitives/preflight.md	runbook	how-to	operations/runbook	likely-stale	Foundry pipeline preflight
/Users/jasonlee/Developer/source/docs/runbooks/sbom-regenerate.md	runbook	how-to	operations/runbook	likely-stale	Oyatie Runbook — Sbom Regenerate
/Users/jasonlee/Developer/source/docs/runbooks/sdk-regen-failure.md	runbook	how-to	operations/runbook	likely-stale	Oyatie Runbook — Sdk Regen Failure
/Users/jasonlee/Developer/source/docs/runbooks/sdk-release.md	runbook	how-to	operations/runbook	likely-stale	Oyatie Runbook — Sdk Release
/Users/jasonlee/Developer/source/docs/runbooks/search-index-dsr-cascade.md	runbook	how-to	operations/runbook	likely-stale	Oyatie Runbook — Search Index Dsr Cascade
/Users/jasonlee/Developer/source/docs/runbooks/search/crawler-blocked-by-host.md	runbook	how-to	operations/runbook	likely-stale	Oyatie Runbook — Search Crawler Blocked by Host
/Users/jasonlee/Developer/source/docs/runbooks/search/index-corruption.md	runbook	how-to	operations/runbook	likely-stale	Oyatie Runbook — Search Index Corruption
/Users/jasonlee/Developer/source/docs/runbooks/search/rtbf-cascade.md	runbook	how-to	operations/runbook	likely-stale	Oyatie Runbook — RTBF Cascade
/Users/jasonlee/Developer/source/docs/runbooks/search/serp-quality-regression.md	runbook	how-to	operations/runbook	likely-stale	Oyatie Runbook — SERP Quality Regression
/Users/jasonlee/Developer/source/docs/runbooks/security-incident-response.md	runbook	how-to	operations/runbook	likely-stale	Oyatie Runbook — Security Incident Response
/Users/jasonlee/Developer/source/docs/runbooks/self-modification-rollback.md	runbook	how-to	operations/runbook	likely-stale	Oyatie Runbook — Self-Modification Rollback
/Users/jasonlee/Developer/source/docs/runbooks/serp-sponsored-slot-failure.md	runbook	how-to	operations/runbook	likely-stale	Oyatie Runbook — Serp Sponsored Slot Failure
/Users/jasonlee/Developer/source/docs/runbooks/sev1-incident-response.md	runbook	how-to	operations/runbook	likely-stale	Oyatie Runbook — Sev1 Incident Response
/Users/jasonlee/Developer/source/docs/runbooks/shamir-share-loss-or-coercion.md	runbook	how-to	operations/runbook	current	Oyatie Runbook — Shamir Share Loss or Holder Coercion
/Users/jasonlee/Developer/source/docs/runbooks/sub-axis-promotion.md	runbook	how-to	operations/runbook	likely-stale	Oyatie Runbook — Sub Axis Promotion
/Users/jasonlee/Developer/source/docs/runbooks/supply-chain-compromise.md	runbook	how-to	operations/runbook	likely-stale	Oyatie Runbook — Supply Chain Compromise
/Users/jasonlee/Developer/source/docs/runbooks/supply-chain-trivy-alert.md	runbook	how-to	operations/runbook	likely-stale	Oyatie Runbook — Supply Chain Trivy Alert
/Users/jasonlee/Developer/source/docs/runbooks/tenant-data-residency-violation.md	runbook	how-to	operations/runbook	likely-stale	Oyatie Runbook — Tenant Data Residency Violation Detection and Remediation
/Users/jasonlee/Developer/source/docs/runbooks/tenant-escalation-management.md	runbook	how-to	operations/runbook	likely-stale	Oyatie Runbook — Tenant Escalation Management
/Users/jasonlee/Developer/source/docs/runbooks/tenant-onboarding.md	runbook	how-to	operations/runbook	likely-stale	Oyatie Runbook — Tenant Onboarding
/Users/jasonlee/Developer/source/docs/runbooks/term-deprecation-protocol.md	runbook	how-to	operations/runbook	likely-stale	Oyatie Runbook — Term Deprecation Protocol
/Users/jasonlee/Developer/source/docs/runbooks/topic-schema-rollback.md	runbook	how-to	operations/runbook	likely-stale	Oyatie Runbook — Topic Schema Rollback
/Users/jasonlee/Developer/source/docs/runbooks/vertical-fintech/aml-rule-fired.md	runbook	how-to	operations/runbook	likely-stale	Oyatie Runbook — AML Rule Fired
/Users/jasonlee/Developer/source/docs/runbooks/vertical-fintech/cde-isolation-breach.md	runbook	how-to	operations/runbook	likely-stale	Oyatie Runbook — CDE Isolation Breach
/Users/jasonlee/Developer/source/docs/runbooks/vertical-fintech/pci-incident-suspected.md	runbook	how-to	operations/runbook	likely-stale	Oyatie Runbook — PCI Incident Suspected
/Users/jasonlee/Developer/source/docs/runbooks/vertical-healthcare/clinical-safety-anomaly.md	runbook	how-to	operations/runbook	likely-stale	Oyatie Runbook — Clinical Safety Anomaly
/Users/jasonlee/Developer/source/docs/runbooks/vertical-healthcare/phi-leak-suspected.md	runbook	how-to	operations/runbook	likely-stale	Oyatie Runbook — PHI Leak Suspected
/Users/jasonlee/Developer/source/docs/runbooks/vertical-industrial/ot-safety-anomaly.md	runbook	how-to	operations/runbook	likely-stale	Oyatie Runbook — OT Safety Anomaly
/Users/jasonlee/Developer/source/docs/runbooks/vertical-logistics/edi-counterparty-down.md	runbook	how-to	operations/runbook	likely-stale	Oyatie Runbook — EDI Counterparty Down
/Users/jasonlee/Developer/source/docs/runbooks/vertical-pilot-wave-gate-readiness.md	runbook	how-to	operations/runbook	likely-stale	Oyatie Runbook — Vertical Pilot Wave Gate Readiness
/Users/jasonlee/Developer/source/docs/runbooks/wave-gate-evaluation.md	runbook	how-to	operations/runbook	likely-stale	Oyatie Runbook — Wave Gate Evaluation
/Users/jasonlee/Developer/source/docs/runbooks/wave-gate-readiness-check.md	runbook	how-to	operations/runbook	likely-stale	Oyatie Runbook — Wave Gate Readiness Check
/Users/jasonlee/Developer/source/docs/runbooks/webhook-delivery-failure.md	runbook	how-to	operations/runbook	likely-stale	Oyatie Runbook — Webhook Delivery Failure
/Users/jasonlee/Developer/source/docs/runbooks/workflow-engine-restart.md	runbook	how-to	operations/runbook	likely-stale	Oyatie Runbook — Workflow Engine Restart
/Users/jasonlee/Developer/source/docs/runbooks/workspace-members-merge-queue.md	runbook	how-to	operations/runbook	current	Oyatie Runbook — Workspace Members Merge Queue
/Users/jasonlee/Developer/source/docs/runbooks/workspace/doc-crdt-divergence.md	runbook	how-to	operations/runbook	likely-stale	Oyatie Runbook — Doc CRDT Divergence
/Users/jasonlee/Developer/source/docs/runbooks/workspace/drive-permission-escalation.md	runbook	how-to	operations/runbook	likely-stale	Oyatie Runbook — Drive Permission Escalation
/Users/jasonlee/Developer/source/docs/runbooks/workspace/mail-deliverability-collapse.md	runbook	how-to	operations/runbook	likely-stale	Oyatie Runbook — Workspace Mail Deliverability Collapse
/Users/jasonlee/Developer/source/docs/runbooks/workspace/meet-sfu-failover.md	runbook	how-to	operations/runbook	likely-stale	Oyatie Runbook — Meet SFU Failover
/Users/jasonlee/Developer/source/docs/runbooks/workspace/recording-archiver-stuck.md	runbook	how-to	operations/runbook	likely-stale	Oyatie Runbook — Recording Archiver Stuck
/Users/jasonlee/Developer/source/docs/SECURITY-PROGRAM.md	governance	explanation	governance/compliance	likely-stale	Oyatie — Security Program
/Users/jasonlee/Developer/source/docs/security.md	governance	explanation	governance/compliance	current	Agent Security Model
/Users/jasonlee/Developer/source/docs/site/src/admin/tenant-admin-guide.md	other	reference	index/meta	current	Tenant administration guide
/Users/jasonlee/Developer/source/docs/site/src/concepts/cohesion-thesis.md	other	reference	index/meta	current	Cohesion thesis
/Users/jasonlee/Developer/source/docs/site/src/guides/operate-a-tenant.md	other	reference	index/meta	current	Operate a tenant
/Users/jasonlee/Developer/source/docs/site/src/introduction.md	other	reference	index/meta	current	Welcome
/Users/jasonlee/Developer/source/docs/site/src/plugins/plugin-authoring-guide.md	other	reference	index/meta	current	Plugin authoring guide
/Users/jasonlee/Developer/source/docs/site/src/studio/workflow-studio-guide.md	other	reference	index/meta	current	Workflow Studio guide
/Users/jasonlee/Developer/source/docs/site/src/SUMMARY.md	other	reference	index/meta	current	Summary
/Users/jasonlee/Developer/source/docs/site/src/tutorials/first-capability.md	other	reference	index/meta	current	First capability tutorial
/Users/jasonlee/Developer/source/docs/SLO-CATALOG.md	governance	explanation	governance/compliance	likely-stale	Oyatie — SLO Catalog
/Users/jasonlee/Developer/source/docs/SPEC.md	spec	reference	architecture	likely-stale	Oyatie — System Specification (SPEC)
/Users/jasonlee/Developer/source/docs/specs/deep-dive-oyatie-sst-consolidation.md	spec	reference	spec/contract	likely-stale	status: Accepted
/Users/jasonlee/Developer/source/docs/specs/deep-dive-trace-oyatie-sst-consolidation.md	spec	reference	spec/contract	likely-stale	Deep Dive Trace: oyatie-sst-consolidation
/Users/jasonlee/Developer/source/docs/specs/slice-ci-webhook-replay-guard-research.md	spec	reference	spec/contract	likely-stale	Research: ci-webhook-replay-guard — Canonical Rules, Sources, and Slice Constraints
/Users/jasonlee/Developer/source/docs/specs/slice-ci-webhook-replay-guard.md	spec	reference	spec/contract	likely-stale	Slice: ci-webhook-replay-guard
/Users/jasonlee/Developer/source/docs/specs/slice-id-workload-grpc-surface-research.md	spec	reference	spec/contract	current	Research: workload-identity gRPC surface (slice-id-workload-grpc-surface)
/Users/jasonlee/Developer/source/docs/specs/slice-id-workload-grpc-surface.md	spec	reference	spec/contract	current	Spec: workload-identity gRPC surface (slice-id-workload-grpc-surface)
/Users/jasonlee/Developer/source/docs/specs/task-b2b-hr-onboarding-readiness-gate.md	spec	reference	spec/contract	current	Spec: b2b-hr-onboarding-readiness-gate
/Users/jasonlee/Developer/source/docs/specs/task-b2b-payroll-group-gl-posting-dispatch.md	spec	reference	spec/contract	current	Spec: b2b-payroll-group-gl-posting-dispatch
/Users/jasonlee/Developer/source/docs/specs/task-billing-kernel-invoice-total-tax-aggregator.md	spec	reference	spec/contract	current	Spec: billing-kernel-invoice-total-tax-aggregator
/Users/jasonlee/Developer/source/docs/specs/task-capacity-reservation-commitment-expiry-cancel-transitions.md	spec	reference	spec/contract	current	Spec: capacity-reservation-commitment-expiry-cancel-transitions
/Users/jasonlee/Developer/source/docs/specs/task-cedar-domain-obligations-and-decision-annotations.md	spec	reference	spec/contract	current	Spec: cedar-domain-obligations-and-decision-annotations
/Users/jasonlee/Developer/source/docs/specs/task-cedar-policy-authoring-lint.md	spec	reference	spec/contract	current	Spec: cedar-policy-authoring-lint
/Users/jasonlee/Developer/source/docs/specs/task-cedar-policy-publish-rest-edge.md	spec	reference	spec/contract	current	Spec: cedar-policy-publish-rest-edge
/Users/jasonlee/Developer/source/docs/specs/task-cedar-policy-version-diff-impact-report.md	spec	reference	spec/contract	current	Spec: cedar-policy-version-diff-impact-report
/Users/jasonlee/Developer/source/docs/specs/task-cloud-billing-invoice-lifecycle-transitions.md	spec	reference	spec/contract	current	Spec: Cloud Billing Invoice Lifecycle Transitions
/Users/jasonlee/Developer/source/docs/specs/task-cloud-capacity-committed-use-amortization.md	spec	reference	spec/contract	current	Spec: cloud-capacity-committed-use-amortization
/Users/jasonlee/Developer/source/docs/specs/task-cloud-finops-savings-portfolio-rollup.md	spec	reference	spec/contract	current	Spec: Savings Portfolio Rollup
/Users/jasonlee/Developer/source/docs/specs/task-cloud-iac-gitops-drift-reconcile-domain.md	spec	reference	spec/contract	current	Spec: GitOps Drift-Detection Reconciliation — cloud-iac domain
/Users/jasonlee/Developer/source/docs/specs/task-cloud-iac-opentofu-plan-changeset-model.md	spec	reference	spec/contract	current	Spec: OpenTofu Plan-Changeset Domain Model
/Users/jasonlee/Developer/source/docs/specs/task-cloud-iac-plan-diff-domain.md	spec	reference	spec/contract	current	Spec: IaC Plan-Diff Domain Model
/Users/jasonlee/Developer/source/docs/specs/task-cloud-k8s-cluster-delete-api-boundary.md	spec	reference	spec/contract	current	Spec: Cloud Compute K8s Cluster Delete API Boundary
/Users/jasonlee/Developer/source/docs/specs/task-cloud-kms-api-version-negotiation.md	spec	reference	spec/contract	current	Spec: Cloud KMS API Version Negotiation
/Users/jasonlee/Developer/source/docs/specs/task-cloud-network-security-rule-evaluation.md	spec	reference	spec/contract	current	Spec: cloud-network-security-rule-evaluation
/Users/jasonlee/Developer/source/docs/specs/task-cloud-obs-cardinality-budget-rollup.md	spec	reference	spec/contract	current	Spec: cloud-obs-cardinality-budget-rollup
/Users/jasonlee/Developer/source/docs/specs/task-cloud-resource-domain-transition-graph-introspection.md	spec	reference	spec/contract	current	Spec: cloud-resource-domain-transition-graph-introspection
/Users/jasonlee/Developer/source/docs/specs/task-cloud-storage-object-idempotency-replay-surface.md	spec	reference	spec/contract	current	Spec: PUT Idempotency Replay Surface — oya-cloud-storage-object-api
/Users/jasonlee/Developer/source/docs/specs/task-comms-email-bounce-dsn-classification.md	spec	reference	spec/contract	likely-stale	Spec: comms-email-bounce-dsn-classification
/Users/jasonlee/Developer/source/docs/specs/task-comms-kernel-rate-ceiling-idempotency-preflight.md	spec	reference	spec/contract	current	Spec: comms-kernel-rate-ceiling-idempotency-preflight
/Users/jasonlee/Developer/source/docs/specs/task-community-moderation-queue-triage.md	spec	reference	spec/contract	current	Spec: community-moderation-queue-triage
/Users/jasonlee/Developer/source/docs/specs/task-community-vote-ledger-hot-controversy-ranking.md	spec	reference	spec/contract	current	Spec: community-vote-ledger-hot-controversy-ranking
/Users/jasonlee/Developer/source/docs/specs/task-community-vote-tally-retraction.md	spec	reference	spec/contract	current	Spec: community-vote-tally-retraction
/Users/jasonlee/Developer/source/docs/specs/task-control-plane-drain-failure-taxonomy.md	spec	reference	spec/contract	current	Spec: Control-Plane Drain Failure Taxonomy
/Users/jasonlee/Developer/source/docs/specs/task-cursor-pagination-inmemory-reference-impl.md	spec	reference	spec/contract	current	Spec: cursor-pagination-inmemory-reference-impl
/Users/jasonlee/Developer/source/docs/specs/task-email-comms-kernel-inbound-dmarc-alignment-disposition.md	spec	reference	spec/contract	current	Spec: Inbound DMARC Alignment + Disposition Evaluator
/Users/jasonlee/Developer/source/docs/specs/task-engine-exec-domain-sla-deadline-eval.md	spec	reference	spec/contract	current	Spec: engine-exec-domain-sla-deadline-eval
/Users/jasonlee/Developer/source/docs/specs/task-finops-anomaly-to-recommendation-derivation.md	spec	reference	spec/contract	current	Spec: finops-anomaly-to-recommendation-derivation
/Users/jasonlee/Developer/source/docs/specs/task-gate-catalog-lane-input-paths.md	spec	reference	spec/contract	current	Spec: gate-catalog lane input path-globs (task-gate-catalog-lane-input-paths)
/Users/jasonlee/Developer/source/docs/specs/task-gate-run-all-affected-scope.md	spec	reference	spec/contract	likely-stale	Spec: gate run-all --affected [--base <ref>]
/Users/jasonlee/Developer/source/docs/specs/task-hr-leave-balance-accrual-ledger.md	spec	reference	spec/contract	likely-stale	Spec: HR Leave Balance Accrual Ledger
/Users/jasonlee/Developer/source/docs/specs/task-hr-leave-carryover-forfeiture-kernel.md	spec	reference	spec/contract	current	Spec: hr-leave-carryover-forfeiture-kernel
/Users/jasonlee/Developer/source/docs/specs/task-iac-domain-changeset-apply-approval-gate.md	spec	reference	spec/contract	current	Spec: iac-domain-changeset-apply-approval-gate
/Users/jasonlee/Developer/source/docs/specs/task-identity-token-issue-otel-and-error-taxonomy.md	spec	reference	spec/contract	current	Spec: identity-token-issue-otel-and-error-taxonomy
/Users/jasonlee/Developer/source/docs/specs/task-intel-api-semver-sunset-date-validation.md	spec	reference	spec/contract	current	Spec: intel-api-semver-sunset-date-validation
/Users/jasonlee/Developer/source/docs/specs/task-intel-archmap-reachability-cycles.md	spec	reference	spec/contract	current	Spec: intel-archmap-reachability-cycles
/Users/jasonlee/Developer/source/docs/specs/task-intel-attribution-claim-fanout-cap.md	spec	reference	spec/contract	current	Spec: intel-attribution-claim-fanout-cap
/Users/jasonlee/Developer/source/docs/specs/task-intel-autonomy-ceiling-tenant-tier-policy.md	spec	reference	spec/contract	likely-stale	Spec: intel-autonomy-ceiling-tenant-tier-policy
/Users/jasonlee/Developer/source/docs/specs/task-intel-capability-registry-affected-target-index.md	spec	reference	spec/contract	current	Spec: intel-capability-registry-affected-target-index
/Users/jasonlee/Developer/source/docs/specs/task-intel-capability-status-lifecycle-guard.md	spec	reference	spec/contract	current	Spec: intel-capability-status-lifecycle-guard
/Users/jasonlee/Developer/source/docs/specs/task-intel-guardrails-shadow-mode-fp-budget-kernel.md	spec	reference	spec/contract	current	Spec: intel-guardrails-shadow-mode-fp-budget-kernel
/Users/jasonlee/Developer/source/docs/specs/task-intel-provider-pool-cooldown-rotation.md	spec	reference	spec/contract	current	Spec: intel-provider-pool-cooldown-rotation
/Users/jasonlee/Developer/source/docs/specs/task-intelligence-autonomy-ceiling-batch-most-restrictive-resolve.md	spec	reference	spec/contract	current	Spec: intelligence-autonomy-ceiling-batch-most-restrictive-resolve
/Users/jasonlee/Developer/source/docs/specs/task-intelligence-guardrails-fp-budget-headroom-weighted-aggregate.md	spec	reference	spec/contract	current	Spec: intelligence-guardrails-fp-budget-headroom-weighted-aggregate
/Users/jasonlee/Developer/source/docs/specs/task-mail-domain-dmarc-alignment-verdict.md	spec	reference	spec/contract	current	Spec: DMARC Identifier-Alignment Verdict
/Users/jasonlee/Developer/source/docs/specs/task-mail-domain-thread-conversation-grouping-kernel.md	spec	reference	spec/contract	current	Spec: Thread/Conversation Grouping Kernel
/Users/jasonlee/Developer/source/docs/specs/task-mail-spf-dkim-signing-input-domain.md	spec	reference	spec/contract	current	Spec: SPF Alignment + DKIM Signing-Input Domain Layer
/Users/jasonlee/Developer/source/docs/specs/task-managed-k8s-cluster-lifecycle-provisioning-state-machine.md	spec	reference	spec/contract	current	Spec: managed-k8s-cluster-lifecycle-provisioning-state-machine
/Users/jasonlee/Developer/source/docs/specs/task-managed-k8s-nodepool-drain-lifecycle-kernel.md	spec	reference	spec/contract	current	Spec: Managed-K8s Node-Pool Drain Lifecycle Kernel
/Users/jasonlee/Developer/source/docs/specs/task-marketplace-entitlement-suspend-reinstate-transitions.md	spec	reference	spec/contract	current	Spec: marketplace-entitlement-suspend-reinstate-transitions
/Users/jasonlee/Developer/source/docs/specs/task-messenger-delivery-receipt-state-machine.md	spec	reference	spec/contract	current	Spec: Messenger Delivery-Receipt State Machine
/Users/jasonlee/Developer/source/docs/specs/task-messenger-domain-reaction-kernel.md	spec	reference	spec/contract	current	Spec: messenger-domain-reaction-kernel
/Users/jasonlee/Developer/source/docs/specs/task-messenger-mention-fanout-usecase.md	spec	reference	spec/contract	current	Spec: messenger-mention-fanout-usecase
/Users/jasonlee/Developer/source/docs/specs/task-messenger-reaction-tally-kernel.md	spec	reference	spec/contract	current	Spec: messenger-reaction-tally-kernel
/Users/jasonlee/Developer/source/docs/specs/task-messenger-rest-list-messages-read-path.md	spec	reference	spec/contract	current	Spec: messenger-rest-list-messages-read-path
/Users/jasonlee/Developer/source/docs/specs/task-messenger-thread-lifecycle-kernel.md	spec	reference	spec/contract	current	Spec: messenger-thread-lifecycle-kernel
/Users/jasonlee/Developer/source/docs/specs/task-metering-domain-window-rollup-kernel.md	spec	reference	spec/contract	current	Spec: metering-domain-window-rollup-kernel
/Users/jasonlee/Developer/source/docs/specs/task-model-routing-usecase-fallback-and-receipt-hardening.md	spec	reference	spec/contract	current	Spec: model-routing-usecase-fallback-and-receipt-hardening
/Users/jasonlee/Developer/source/docs/specs/task-network-domain-routetable-longest-prefix-resolve.md	spec	reference	spec/contract	current	Spec: RouteTable Longest-Prefix-Match Resolver
/Users/jasonlee/Developer/source/docs/specs/task-obs-cloud-domain-audit-topic-rollup.md	spec	reference	spec/contract	current	Spec: obs-cloud-domain-audit-topic-rollup
/Users/jasonlee/Developer/source/docs/specs/task-obs-cloud-kernel-signal-headroom-report.md	spec	reference	spec/contract	current	Spec: obs-cloud-kernel-signal-headroom-report
/Users/jasonlee/Developer/source/docs/specs/task-obs-domain-error-budget-window-kernel.md	spec	reference	spec/contract	current	Spec: obs-domain-error-budget-window-kernel
/Users/jasonlee/Developer/source/docs/specs/task-obs-domain-severity-threshold-gate.md	spec	reference	spec/contract	current	Spec: obs-domain-severity-threshold-gate
/Users/jasonlee/Developer/source/docs/specs/task-obs-domain-slo-burn-rate-vocabulary.md	spec	reference	spec/contract	current	Spec: obs-domain-slo-burn-rate-vocabulary
/Users/jasonlee/Developer/source/docs/specs/task-obs-hyperscaler-metrics-multiwindow-burn-rate.md	spec	reference	spec/contract	current	Spec: obs-hyperscaler-metrics-multiwindow-burn-rate
/Users/jasonlee/Developer/source/docs/specs/task-obs-tracing-adapter-slo-breach-span-emit.md	spec	reference	spec/contract	current	Spec: obs-tracing-adapter-slo-breach-span-emit
/Users/jasonlee/Developer/source/docs/specs/task-obs-tracing-client-w3c-traceparent-parser.md	spec	reference	spec/contract	current	Spec: W3C Traceparent Parser for oya-shared-tracing-client-kernel
/Users/jasonlee/Developer/source/docs/specs/task-oidc-issuer-verification-key-grace-selection.md	spec	reference	spec/contract	current	Spec: oidc-issuer-verification-key-grace-selection
/Users/jasonlee/Developer/source/docs/specs/task-oidc-token-introspection-kernel.md	spec	reference	spec/contract	current	Spec: oidc-token-introspection-kernel
/Users/jasonlee/Developer/source/docs/specs/task-ontology-consent-scoped-traversal-propagation.md	spec	reference	spec/contract	current	Spec: ontology-consent-scoped-traversal-propagation
/Users/jasonlee/Developer/source/docs/specs/task-ontology-entity-type-schema-evolution.md	spec	reference	spec/contract	current	Spec: ontology-entity-type-schema-evolution
/Users/jasonlee/Developer/source/docs/specs/task-ontology-kernel-link-action-validation.md	spec	reference	spec/contract	current	Spec: task-ontology-kernel-link-action-validation
/Users/jasonlee/Developer/source/docs/specs/task-ontology-kernel-link-instance-cardinality-enforcement.md	spec	reference	spec/contract	current	Spec: ontology-kernel-link-instance-cardinality-enforcement
/Users/jasonlee/Developer/source/docs/specs/task-ontology-query-engine-domain-reverse-direction-traversal.md	spec	reference	spec/contract	current	Spec: ontology-query-engine-domain-reverse-direction-traversal
/Users/jasonlee/Developer/source/docs/specs/task-ontology-query-engine-domain-traversal-bounds.md	spec	reference	spec/contract	current	Spec: ontology-query-engine-domain — traversal-bounds
/Users/jasonlee/Developer/source/docs/specs/task-payroll-close-variance-anomaly-gate.md	spec	reference	spec/contract	current	Spec: Payroll Pre-Close Variance / Anomaly Gate
/Users/jasonlee/Developer/source/docs/specs/task-payroll-retro-adjustment-net-delta-kernel.md	spec	reference	spec/contract	current	Spec: payroll-retro-adjustment-net-delta-kernel
/Users/jasonlee/Developer/source/docs/specs/task-pooling-429-retry-after-rotation.md	spec	reference	spec/contract	current	Spec: pooling-429-retry-after-rotation
/Users/jasonlee/Developer/source/docs/specs/task-pooling-anthropic-oauth-refresh-runtime.md	spec	reference	spec/contract	current	Spec: pooling-anthropic-oauth-refresh-runtime
/Users/jasonlee/Developer/source/docs/specs/task-pooling-hyper-client-transport.md	spec	reference	spec/contract	current	Spec: task-pooling-hyper-client-transport
/Users/jasonlee/Developer/source/docs/specs/task-pooling-kernel-cooldown-window.md	spec	reference	spec/contract	current	Spec: pooling-kernel-cooldown-window
/Users/jasonlee/Developer/source/docs/specs/task-pooling-openai-apikey-pool.md	spec	reference	spec/contract	current	Spec: task-pooling-openai-apikey-pool
/Users/jasonlee/Developer/source/docs/specs/task-pooling-openbao-secret-fetch.md	spec	reference	spec/contract	current	Spec: pooling-openbao-secret-fetch
/Users/jasonlee/Developer/source/docs/specs/task-pooling-quota-fairness-reserve-reconcile.md	spec	reference	spec/contract	current	Spec: pooling-quota-fairness-reserve-reconcile
/Users/jasonlee/Developer/source/docs/specs/task-pooling-seat-observability-otel.md	spec	reference	spec/contract	current	Spec: pooling-seat-observability-otel
/Users/jasonlee/Developer/source/docs/specs/task-pooling-sse-passthrough-streaming.md	spec	reference	spec/contract	current	Spec: pooling-sse-passthrough-streaming
/Users/jasonlee/Developer/source/docs/specs/task-route-policy-ranked-candidate-slate.md	spec	reference	spec/contract	current	Spec: Route Policy Ranked Candidate Slate
/Users/jasonlee/Developer/source/docs/specs/task-sla-obs-kernel-fleet-rollup-summary.md	spec	reference	spec/contract	current	Spec: sla-obs-kernel-fleet-rollup-summary
/Users/jasonlee/Developer/source/docs/specs/task-social-collab-consent-reconciliation-audit.md	spec	reference	spec/contract	current	Spec: social-collab-consent-reconciliation-audit
/Users/jasonlee/Developer/source/docs/specs/task-social-context-scoped-story-sweep.md	spec	reference	spec/contract	current	Spec: social-context-scoped-story-sweep
/Users/jasonlee/Developer/source/docs/specs/task-social-feed-ranking-score.md	spec	reference	spec/contract	current	Spec: social-feed-ranking-score
/Users/jasonlee/Developer/source/docs/specs/task-studio-dsl-emitter-cycle-reachability-validate.md	spec	reference	spec/contract	current	Spec: studio-dsl-emitter-cycle-reachability-validate
/Users/jasonlee/Developer/source/docs/specs/task-subscription-pool-proxy-sse-openbao-metrics.md	spec	reference	spec/contract	current	Spec: subscription-pool-proxy-sse-openbao-metrics
/Users/jasonlee/Developer/source/docs/specs/task-tenant-quota-inmemory-five-axis-impl.md	spec	reference	spec/contract	current	Spec: tenant-quota-inmemory-five-axis-impl
/Users/jasonlee/Developer/source/docs/specs/task-tenant-quota-kernel-pressure-band-classifier.md	spec	reference	spec/contract	current	Spec: tenant-quota-kernel-pressure-band-classifier
/Users/jasonlee/Developer/source/docs/specs/task-tenant-quota-usage-headroom-projection.md	spec	reference	spec/contract	current	Spec: tenant-quota-usage-headroom-projection
/Users/jasonlee/Developer/source/docs/specs/task-ulid-crockford-timestamp-validation-hardening.md	spec	reference	spec/contract	current	Spec: ulid-crockford-timestamp-validation-hardening
/Users/jasonlee/Developer/source/docs/specs/task-usage-window-burn-rate-forecast.md	spec	reference	spec/contract	current	Spec: usage-window-burn-rate-forecast
/Users/jasonlee/Developer/source/docs/specs/task-webauthn-packtier-attestation-policy-gate.md	spec	reference	spec/contract	current	Spec: webauthn-packtier-attestation-policy-gate
/Users/jasonlee/Developer/source/docs/specs/task-wf-engine-state-machine-domain-ordered-batch-fold.md	spec	reference	spec/contract	current	Spec: wf-engine-state-machine-domain-ordered-batch-fold
/Users/jasonlee/Developer/source/docs/specs/task-wf-studio-dsl-emitter-domain-node-typology-semantics.md	spec	reference	spec/contract	current	Spec: wf-studio-dsl-emitter-domain-node-typology-semantics
/Users/jasonlee/Developer/source/docs/specs/task-wire-quality-lanes-into-aggregator.md	spec	reference	spec/contract	current	Spec: wire-quality-lanes-into-aggregator
/Users/jasonlee/Developer/source/docs/specs/task-workflow-engine-signal-await-durable-wait.md	spec	reference	spec/contract	current	Spec: workflow-engine-signal-await-durable-wait
/Users/jasonlee/Developer/source/docs/specs/task-workflow-exec-sla-escalation-bucket-projection.md	spec	reference	spec/contract	current	Spec: workflow-exec-sla-escalation-bucket-projection
/Users/jasonlee/Developer/source/docs/specs/task-workflow-studio-dsl-structural-validation.md	spec	reference	spec/contract	current	Spec: workflow-studio-dsl-structural-validation
/Users/jasonlee/Developer/source/docs/specs/task-workflow-studio-policy-preview-rationale-rollup.md	spec	reference	spec/contract	current	Spec: workflow-studio-policy-preview-rationale-rollup
/Users/jasonlee/Developer/source/docs/specs/task-workload-identity-decision-precedence-evaluator.md	spec	reference	spec/contract	current	Spec: workload-identity-decision-precedence-evaluator
/Users/jasonlee/Developer/source/docs/specs/task-workload-oidc-eddsa-ed25519-verification.md	spec	reference	spec/contract	current	Spec: workload-oidc-eddsa-ed25519-verification
/Users/jasonlee/Developer/source/docs/STANDARDS-AND-TEMPLATES.md	governance	explanation	governance/compliance	likely-stale	Oyatie — Standards, Templates, Hooks, Skills, Tools, Checklists
/Users/jasonlee/Developer/source/docs/standards/a11y-canonical.md	reference	reference	spec/contract	current	Accessibility (a11y) Canonical Standard
/Users/jasonlee/Developer/source/docs/standards/agent-instructions-discipline.md	reference	reference	spec/contract	likely-stale	Agent Instructions Discipline
/Users/jasonlee/Developer/source/docs/standards/agentic-dev-team-optimization.md	reference	reference	spec/contract	likely-stale	Standard: Agentic Dev-Team Optimisation
/Users/jasonlee/Developer/source/docs/standards/anti-patterns.md	reference	reference	spec/contract	likely-stale	Anti-Pattern Catalogue
/Users/jasonlee/Developer/source/docs/standards/api-design.md	reference	reference	spec/contract	likely-stale	Oyatie — API Design Standard
/Users/jasonlee/Developer/source/docs/standards/api-surface-separation.md	reference	reference	spec/contract	current	Internal vs external API surface separation standards
/Users/jasonlee/Developer/source/docs/standards/asyncapi-3-1-authoring.md	reference	reference	spec/contract	likely-stale	AsyncAPI 3.1 Authoring Standard
/Users/jasonlee/Developer/source/docs/standards/authz-tier-boundaries.md	reference	reference	spec/contract	current	Authz Tier Boundaries — Standard
/Users/jasonlee/Developer/source/docs/standards/autonomy-ceiling.md	reference	reference	spec/contract	likely-stale	Autonomy Ceiling
/Users/jasonlee/Developer/source/docs/standards/backup-canonical.md	reference	reference	spec/contract	current	Backup canonical policy (RPO / RTO + restore drill cadence)
/Users/jasonlee/Developer/source/docs/standards/brand-voice.md	reference	reference	spec/contract	current	Oyatie — Brand Voice Standard
/Users/jasonlee/Developer/source/docs/standards/brief-template.md	reference	reference	spec/contract	likely-stale	Brief Template Standard
/Users/jasonlee/Developer/source/docs/standards/brownout-degradation-signal.md	reference	reference	spec/contract	likely-stale	Brown-out + graceful-degradation signal standards
/Users/jasonlee/Developer/source/docs/standards/cedar-policy-authoring.md	reference	reference	spec/contract	likely-stale	Cedar Policy Authoring Standard
/Users/jasonlee/Developer/source/docs/standards/cedar-policy-discipline.md	reference	reference	spec/contract	current	Cedar policy discipline (canonical)
/Users/jasonlee/Developer/source/docs/standards/ci-lanes.md	reference	reference	spec/contract	likely-stale	Oyatie — CI Lanes Catalog
/Users/jasonlee/Developer/source/docs/standards/claude-code-harness.md	reference	reference	spec/contract	current	Claude Code Harness
/Users/jasonlee/Developer/source/docs/standards/clean-architecture.md	reference	reference	spec/contract	likely-stale	Clean Architecture
/Users/jasonlee/Developer/source/docs/standards/code-review.md	reference	reference	spec/contract	likely-stale	Oyatie — Code Review Standard
/Users/jasonlee/Developer/source/docs/standards/code-style-rust.md	reference	reference	spec/contract	current	Code Style — Rust
/Users/jasonlee/Developer/source/docs/standards/code-style.md	reference	reference	spec/contract	likely-stale	Oyatie — Code Style Standard
/Users/jasonlee/Developer/source/docs/standards/commit-message.md	reference	reference	spec/contract	likely-stale	Oyatie — Commit Message Standard
/Users/jasonlee/Developer/source/docs/standards/compliance-evidence-automation.md	reference	reference	spec/contract	current	Compliance Evidence Automation Standard
/Users/jasonlee/Developer/source/docs/standards/container-image-convention.md	reference	reference	spec/contract	likely-stale	Container image convention (ADR-0146)
/Users/jasonlee/Developer/source/docs/standards/crate-naming-convention.md	reference	reference	spec/contract	likely-stale	Crate Naming Convention
/Users/jasonlee/Developer/source/docs/standards/cross-microservice-latency-budget.md	reference	reference	spec/contract	likely-stale	Cross-microservice latency budget allocation (PERF-143-005)
/Users/jasonlee/Developer/source/docs/standards/cursor-pagination-canonical.md	reference	reference	spec/contract	likely-stale	Cursor Pagination (Canonical)
/Users/jasonlee/Developer/source/docs/standards/data-class.md	reference	reference	spec/contract	likely-stale	Data Class
/Users/jasonlee/Developer/source/docs/standards/dependency-policy.md	reference	reference	spec/contract	likely-stale	Dependency Policy
/Users/jasonlee/Developer/source/docs/standards/design-doc-template.md	reference	reference	spec/contract	current	Design Doc Template
/Users/jasonlee/Developer/source/docs/standards/doc-style.md	reference	reference	spec/contract	current	Doc Style
/Users/jasonlee/Developer/source/docs/standards/documentation-rigor.md	reference	reference	spec/contract	likely-stale	Documentation Rigor — The Intern-Buildability Bar
/Users/jasonlee/Developer/source/docs/standards/dr-business-continuity.md	reference	reference	spec/contract	likely-stale	DR + business-continuity standards
/Users/jasonlee/Developer/source/docs/standards/emoji-sticker-reaction-system.md	reference	reference	spec/contract	likely-stale	Emoji + Sticker + Reaction + GIF System Architecture
/Users/jasonlee/Developer/source/docs/standards/error-handling.md	reference	reference	spec/contract	likely-stale	Error Handling
/Users/jasonlee/Developer/source/docs/standards/event-schema-versioning-canonical.md	reference	reference	spec/contract	likely-stale	Event Schema Versioning (Canonical)
/Users/jasonlee/Developer/source/docs/standards/finops-cost-attribution-canonical.md	reference	reference	spec/contract	likely-stale	FinOps cost attribution canonical (per-tenant labels + OpenCost + FOCUS 1.3)
/Users/jasonlee/Developer/source/docs/standards/finops-cost-attribution.md	reference	reference	spec/contract	likely-stale	FinOps cost-attribution + chargeback canonical policy
/Users/jasonlee/Developer/source/docs/standards/fintech-compliance.md	reference	reference	spec/contract	likely-stale	Oyatie — Fintech Compliance Deep-Dive
/Users/jasonlee/Developer/source/docs/standards/fips-hsm-substrate-root-signing.md	reference	reference	spec/contract	likely-stale	FIPS / HSM Substrate Root-Signing Standard
/Users/jasonlee/Developer/source/docs/standards/git-workflow.md	reference	reference	spec/contract	likely-stale	Git Workflow
/Users/jasonlee/Developer/source/docs/standards/gitops-iac-cluster-tier-boundaries.md	reference	reference	spec/contract	current	Standard — GitOps + IaC + cluster lifecycle: tier boundaries
/Users/jasonlee/Developer/source/docs/standards/graceful-shutdown-canonical.md	reference	reference	spec/contract	current	Graceful Shutdown (Canonical)
/Users/jasonlee/Developer/source/docs/standards/helm-chart-convention.md	reference	reference	spec/contract	likely-stale	Helm chart convention (canonical)
/Users/jasonlee/Developer/source/docs/standards/hyperscaler-best-practices.md	reference	reference	spec/contract	likely-stale	Hyperscaler Best Practices — Research + oyatie Adoption Recommendation (2026-05-12)
/Users/jasonlee/Developer/source/docs/standards/hyperscaler-invariant-conformance.md	reference	reference	spec/contract	current	Hyperscaler-invariant conformance — canonical standard
/Users/jasonlee/Developer/source/docs/standards/i18n-canonical.md	reference	reference	spec/contract	current	i18n Canonical Standard
/Users/jasonlee/Developer/source/docs/standards/idempotency-keys-canonical.md	reference	reference	spec/contract	likely-stale	Idempotency Keys (Canonical)
/Users/jasonlee/Developer/source/docs/standards/identity-vendor-isolation.md	reference	reference	spec/contract	current	Identity Vendor Isolation — Standard
/Users/jasonlee/Developer/source/docs/standards/image-discipline.md	reference	reference	spec/contract	likely-stale	Image Discipline
/Users/jasonlee/Developer/source/docs/standards/image-signing-canonical.md	reference	reference	spec/contract	current	Container Image Signing (Canonical)
/Users/jasonlee/Developer/source/docs/standards/incident-severity.md	reference	reference	spec/contract	current	Oyatie — Incident Severity Standard
/Users/jasonlee/Developer/source/docs/standards/INDEX.md	reference	reference	spec/contract	current	Oyatie Standards Index
/Users/jasonlee/Developer/source/docs/standards/layer-enum-adr-0105.md	adr	explanation	decision/ADR	likely-stale	ADR-0105 Layer Enum Standard
/Users/jasonlee/Developer/source/docs/standards/locale-routing.md	reference	reference	spec/contract	current	Locale Routing Standard
/Users/jasonlee/Developer/source/docs/standards/logging-tracing.md	reference	reference	spec/contract	likely-stale	Oyatie — Logging + Tracing Standard
/Users/jasonlee/Developer/source/docs/standards/lts-versions-verified.md	reference	reference	spec/contract	likely-stale	LTS Versions Verified — 2026-05-12
/Users/jasonlee/Developer/source/docs/standards/m02-exit-gate-validators.md	reference	reference	spec/contract	likely-stale	M02b/P22 Exit-Gate Validators
/Users/jasonlee/Developer/source/docs/standards/messenger-e2e-encryption-mls.md	reference	reference	spec/contract	current	Messenger End-to-End Encryption Design — MLS (RFC 9420)
/Users/jasonlee/Developer/source/docs/standards/migration-playbook.md	reference	reference	spec/contract	likely-stale	Oyatie — Tenant Migration Playbook (from competitor stacks)
/Users/jasonlee/Developer/source/docs/standards/mls-rfc-9420-conformance.md	reference	reference	spec/contract	current	MLS RFC 9420 Conformance Standard
/Users/jasonlee/Developer/source/docs/standards/multi-agent-tool-map.md	reference	reference	spec/contract	current	Multi-Agent Tool Map
/Users/jasonlee/Developer/source/docs/standards/multispectrum-review-v2.4.0-cadence.md	reference	reference	spec/contract	current	Multispectrum Review v2.4.0 — Operative Cadence Standard
/Users/jasonlee/Developer/source/docs/standards/multispectrum-review.md	reference	reference	spec/contract	current	Multispectrum Review — Human Gateway
/Users/jasonlee/Developer/source/docs/standards/naming-convention-bnf-v4.md	reference	reference	spec/contract	likely-stale	Naming Convention BNF v4 Standard
/Users/jasonlee/Developer/source/docs/standards/observability-slo.md	reference	reference	spec/contract	current	Standard: OpenSLO Authoring (cross-cutting)
/Users/jasonlee/Developer/source/docs/standards/observability.md	reference	reference	spec/contract	likely-stale	Observability
/Users/jasonlee/Developer/source/docs/standards/on-call.md	reference	reference	spec/contract	current	On-Call
/Users/jasonlee/Developer/source/docs/standards/ontology-projection-substrate.md	reference	reference	spec/contract	likely-stale	Ontology Projection Substrate Standard
/Users/jasonlee/Developer/source/docs/standards/openapi-3-2-authoring.md	reference	reference	spec/contract	likely-stale	OpenAPI 3.2 Authoring Standard
/Users/jasonlee/Developer/source/docs/standards/openslo-authoring.md	reference	reference	spec/contract	likely-stale	OpenSLO Authoring Standard
/Users/jasonlee/Developer/source/docs/standards/outbox-pattern-canonical.md	reference	reference	spec/contract	likely-stale	Outbox Pattern (Canonical)
/Users/jasonlee/Developer/source/docs/standards/per-tenant-resource-quotas-canonical.md	reference	reference	spec/contract	current	Per-Tenant Resource Quotas (Canonical)
/Users/jasonlee/Developer/source/docs/standards/plugin-authoring.md	reference	reference	spec/contract	likely-stale	Oyatie — Plugin Authoring Standard
/Users/jasonlee/Developer/source/docs/standards/postmortem-template.md	reference	reference	spec/contract	current	Postmortem Template
/Users/jasonlee/Developer/source/docs/standards/prevention-doctrine.md	reference	reference	spec/contract	likely-stale	Oyatie — Prevention Doctrine
/Users/jasonlee/Developer/source/docs/standards/prfaq-template.md	reference	reference	spec/contract	current	PR/FAQ Template
/Users/jasonlee/Developer/source/docs/standards/privacy-review.md	reference	reference	spec/contract	likely-stale	Oyatie — Privacy Review Standard
/Users/jasonlee/Developer/source/docs/standards/proto3-authoring.md	reference	reference	spec/contract	likely-stale	Proto3 Authoring Standard
/Users/jasonlee/Developer/source/docs/standards/realtime-transport-tier.md	reference	reference	spec/contract	current	Realtime Transport Tier Standard
/Users/jasonlee/Developer/source/docs/standards/regulatory-pack-authzpolicy-overlays.md	reference	reference	spec/contract	current	Regulatory-pack AuthorizationPolicy overlays — universal Cilium + Istio Ambient mesh, regu
/Users/jasonlee/Developer/source/docs/standards/release-management.md	reference	reference	spec/contract	current	Release Management
/Users/jasonlee/Developer/source/docs/standards/release.md	reference	reference	spec/contract	likely-stale	Oyatie — Release Standard
/Users/jasonlee/Developer/source/docs/standards/request-id-canonical.md	reference	reference	spec/contract	likely-stale	X-Request-Id Propagation (Canonical)
/Users/jasonlee/Developer/source/docs/standards/rtl-rendering.md	reference	reference	spec/contract	current	RTL Rendering Standard
/Users/jasonlee/Developer/source/docs/standards/saga-compensation-policy.md	reference	reference	spec/contract	likely-stale	Saga + compensating transaction policy
/Users/jasonlee/Developer/source/docs/standards/schema-migration.md	reference	reference	spec/contract	current	Oyatie — Schema Migration Standard
/Users/jasonlee/Developer/source/docs/standards/security-review.md	reference	reference	spec/contract	current	Security Review
/Users/jasonlee/Developer/source/docs/standards/sovereign-cloud-overlay.md	reference	reference	spec/contract	current	Sovereign cloud per regional pack standards
/Users/jasonlee/Developer/source/docs/standards/step-up-auth-classes.md	reference	reference	spec/contract	current	Step-Up Authentication ACR Classes — Standard
/Users/jasonlee/Developer/source/docs/standards/stream-processing-rubric.md	reference	reference	spec/contract	current	Stream-Processing Rubric — When MV Suffices vs When Flink Justified
/Users/jasonlee/Developer/source/docs/standards/tenant-lifecycle.md	reference	reference	spec/contract	current	Tenant lifecycle canonical standards
/Users/jasonlee/Developer/source/docs/standards/testing.md	reference	reference	spec/contract	likely-stale	Testing
/Users/jasonlee/Developer/source/docs/standards/throttling-tiers.md	reference	reference	spec/contract	current	Layered throttling — per-IP / per-API-key / per-user / per-tenant
/Users/jasonlee/Developer/source/docs/standards/timescaledb-adoption.md	reference	reference	spec/contract	current	TimescaleDB Adoption — Per-µService Pattern
/Users/jasonlee/Developer/source/docs/standards/trace-sampling-tier.md	reference	reference	spec/contract	current	Trace Sampling Tier Standard
/Users/jasonlee/Developer/source/docs/standards/twelve-factor-adoption.md	reference	reference	spec/contract	likely-stale	Twelve-Factor Adoption Standard
/Users/jasonlee/Developer/source/docs/standards/ux-best-practices.md	reference	reference	spec/contract	likely-stale	Oyatie UX Best Practices — Platform-Wide Standards
/Users/jasonlee/Developer/source/docs/standards/voice-video-call-architecture.md	reference	reference	spec/contract	likely-stale	Voice / Video Call Architecture
/Users/jasonlee/Developer/source/docs/standards/wasm-runtime-canonical.md	reference	reference	spec/contract	likely-stale	Standard — WASM runtime canonical (Wasmtime)
/Users/jasonlee/Developer/source/docs/standards/wcag-2-2-aa-checklist.md	reference	reference	spec/contract	current	WCAG 2.2 AA Checklist
/Users/jasonlee/Developer/source/docs/standards/workflow-substrate-engine.md	reference	reference	spec/contract	likely-stale	Workflow Substrate Engine Standard
/Users/jasonlee/Developer/source/docs/standards/workflow-vs-direct-grpc-rubric.md	reference	reference	spec/contract	current	Workflow vs direct gRPC — when to use which
/Users/jasonlee/Developer/source/docs/teams/axis-ads-analytics/CHARTER.md	governance	explanation	governance/compliance	likely-stale	Team: Axis — Ads & Analytics
/Users/jasonlee/Developer/source/docs/teams/axis-cloud/CHARTER.md	governance	explanation	governance/compliance	likely-stale	Team: Axis — Cloud Provider
/Users/jasonlee/Developer/source/docs/teams/axis-foundry/CHARTER.md	governance	explanation	governance/compliance	likely-stale	Team: Axis — Foundry (Agent Runtime + Foundry)
/Users/jasonlee/Developer/source/docs/teams/axis-saas/CHARTER.md	governance	explanation	governance/compliance	likely-stale	Team: Axis — SaaS Multi-Tenant Platform
/Users/jasonlee/Developer/source/docs/teams/axis-search/CHARTER.md	governance	explanation	governance/compliance	likely-stale	Team: Axis — Search Engine
/Users/jasonlee/Developer/source/docs/teams/axis-workspace/CHARTER.md	governance	explanation	governance/compliance	likely-stale	Team: axis-workspace
/Users/jasonlee/Developer/source/docs/teams/council-architecture/CHARTER.md	governance	explanation	governance/compliance	likely-stale	Team: Council — Architecture
/Users/jasonlee/Developer/source/docs/teams/council-privacy/CHARTER.md	governance	explanation	governance/compliance	current	Team: Council — Privacy
/Users/jasonlee/Developer/source/docs/teams/crew-adr-promotion/CHARTER.md	governance	explanation	governance/compliance	likely-stale	Team: Crew — ADR Promotion
/Users/jasonlee/Developer/source/docs/teams/gtm-customer-success/CHARTER.md	governance	explanation	governance/compliance	current	Team: GTM — Customer Success
/Users/jasonlee/Developer/source/docs/teams/gtm-marketing/CHARTER.md	governance	explanation	governance/compliance	current	Team: GTM — Marketing
/Users/jasonlee/Developer/source/docs/teams/gtm-partnerships/CHARTER.md	governance	explanation	governance/compliance	current	Team: GTM — Partnerships
/Users/jasonlee/Developer/source/docs/teams/gtm-sales-se/CHARTER.md	governance	explanation	governance/compliance	current	Team: GTM — Sales & Solutions Engineering
/Users/jasonlee/Developer/source/docs/teams/ops-compliance/CHARTER.md	governance	explanation	governance/compliance	current	Team: Ops — Compliance
/Users/jasonlee/Developer/source/docs/teams/ops-dr-capacity/CHARTER.md	governance	explanation	governance/compliance	likely-stale	Team: Ops — DR & Capacity
/Users/jasonlee/Developer/source/docs/teams/ops-finops/CHARTER.md	governance	explanation	governance/compliance	likely-stale	Team: Ops — FinOps
/Users/jasonlee/Developer/source/docs/teams/ops-security/CHARTER.md	governance	explanation	governance/compliance	likely-stale	Team: Ops — Security
/Users/jasonlee/Developer/source/docs/teams/ops-sre-reliability/CHARTER.md	governance	explanation	governance/compliance	likely-stale	Team: Ops — SRE & Reliability
/Users/jasonlee/Developer/source/docs/teams/platform-api-sdk/CHARTER.md	governance	explanation	governance/compliance	likely-stale	Team: Platform — Public API & SDK
/Users/jasonlee/Developer/source/docs/teams/platform-audit-evidence/CHARTER.md	governance	explanation	governance/compliance	likely-stale	Team: Platform — Audit & Evidence
/Users/jasonlee/Developer/source/docs/teams/platform-eventing-og/CHARTER.md	governance	explanation	governance/compliance	likely-stale	Team: Platform — Eventing & Object Graph
/Users/jasonlee/Developer/source/docs/teams/platform-privacy-dub/CHARTER.md	governance	explanation	governance/compliance	likely-stale	Team: Platform — Privacy & Data Use Boundary
/Users/jasonlee/Developer/source/docs/teams/platform-tenancy-identity/CHARTER.md	governance	explanation	governance/compliance	likely-stale	Team: Platform — Tenancy & Identity
/Users/jasonlee/Developer/source/docs/teams/README.md	governance	explanation	governance/compliance	likely-stale	Oyatie Engineering Teams — Team-of-Teams Overview
/Users/jasonlee/Developer/source/docs/teams/regional-packs/CHARTER.md	governance	explanation	governance/compliance	likely-stale	Team: regional-packs
/Users/jasonlee/Developer/source/docs/teams/tactical-first-vertical-pilot/CHARTER.md	governance	explanation	governance/compliance	likely-stale	Team: Tactical — First Vertical Pilot
/Users/jasonlee/Developer/source/docs/teams/vertical-agriculture/CHARTER.md	governance	explanation	governance/compliance	current	Team: Vertical — Agriculture (Traceability)
/Users/jasonlee/Developer/source/docs/teams/vertical-construction/CHARTER.md	governance	explanation	governance/compliance	current	Team: Vertical — Construction (Project Management)
/Users/jasonlee/Developer/source/docs/teams/vertical-corporate/CHARTER.md	governance	explanation	governance/compliance	likely-stale	Team: Vertical — Corporate (HR / Payroll / GL / Mail / Comms)
/Users/jasonlee/Developer/source/docs/teams/vertical-education/CHARTER.md	governance	explanation	governance/compliance	current	Team: Vertical — Education (LMS)
/Users/jasonlee/Developer/source/docs/teams/vertical-fintech/CHARTER.md	governance	explanation	governance/compliance	likely-stale	Team: Vertical — Fintech (PG / Open-Banking / KYC / AML)
/Users/jasonlee/Developer/source/docs/teams/vertical-food/CHARTER.md	governance	explanation	governance/compliance	current	Team: Vertical — Food (Supply-Chain Compliance)
/Users/jasonlee/Developer/source/docs/teams/vertical-healthcare/CHARTER.md	governance	explanation	governance/compliance	likely-stale	Team: Vertical — Healthcare (Clinical / Ambulatory / HL7-FHIR)
/Users/jasonlee/Developer/source/docs/teams/vertical-hospitality/CHARTER.md	governance	explanation	governance/compliance	current	Team: Vertical — Hospitality (PMS)
/Users/jasonlee/Developer/source/docs/teams/vertical-industrial/CHARTER.md	governance	explanation	governance/compliance	likely-stale	Team: Vertical — Industrial (MES / OEE / ISA-95 / OPC UA)
/Users/jasonlee/Developer/source/docs/teams/vertical-legal/CHARTER.md	governance	explanation	governance/compliance	likely-stale	Team: Vertical — Legal (Regulated Corpus / Contracts)
/Users/jasonlee/Developer/source/docs/teams/vertical-logistics/CHARTER.md	governance	explanation	governance/compliance	likely-stale	Team: Vertical — Logistics (Shipment / Dock / EDI / Route)
/Users/jasonlee/Developer/source/docs/teams/vertical-public-sector/CHARTER.md	governance	explanation	governance/compliance	current	Team: Vertical — Public Sector (Forms / 조달청 / Global Gov)
/Users/jasonlee/Developer/source/docs/teams/vertical-real-estate/CHARTER.md	governance	explanation	governance/compliance	current	Team: Vertical — Real Estate (Leasing)
/Users/jasonlee/Developer/source/docs/teams/vertical-retail/CHARTER.md	governance	explanation	governance/compliance	current	Team: Vertical — Retail (POS / Inventory / Promotions)
/Users/jasonlee/Developer/source/docs/templates/adr-supersession-template.md	adr	explanation	decision/ADR	current	ADR supersession template
/Users/jasonlee/Developer/source/docs/templates/adr-template-v2.md	adr	explanation	decision/ADR	current	Required frontmatter on every ADR (for ADR-INDEX autogen + supersession graph)
/Users/jasonlee/Developer/source/docs/templates/adr-template.md	adr	explanation	decision/ADR	current	ADR-####: <Decision Title — imperative present tense>
/Users/jasonlee/Developer/source/docs/templates/bounded-context-registration-template.md	reference	reference	spec/contract	current	Bounded Context Registration: `<bc-name>`
/Users/jasonlee/Developer/source/docs/templates/design-doc-template.md	reference	reference	spec/contract	current	Required frontmatter
/Users/jasonlee/Developer/source/docs/templates/dpia-template.md	reference	reference	spec/contract	likely-stale	DPIA: <Capability / Surface / Vertical> — <YYYY-MM-DD>
/Users/jasonlee/Developer/source/docs/templates/evidence-pack-template.md	reference	reference	spec/contract	current	Evidence pack template (per regulator)
/Users/jasonlee/Developer/source/docs/templates/impl-plan-template.md	reference	reference	spec/contract	current	Required frontmatter for every implementation plan file
/Users/jasonlee/Developer/source/docs/templates/implementation-plan-template.md	reference	reference	spec/contract	current	Required frontmatter on every IP file
/Users/jasonlee/Developer/source/docs/templates/incident-postmortem-template.md	reference	reference	spec/contract	current	Postmortem: Incident <id> — <one-line title>
/Users/jasonlee/Developer/source/docs/templates/INDEX.md	reference	reference	spec/contract	likely-stale	Templates + Checklists INDEX
/Users/jasonlee/Developer/source/docs/templates/ip-boilerplate-fragments.md	reference	reference	spec/contract	current	Implementation Plan canonical boilerplate fragments
/Users/jasonlee/Developer/source/docs/templates/microservice-template.md	reference	reference	spec/contract	current	New µservice scaffold: `oya-<µservice-name>-*`
/Users/jasonlee/Developer/source/docs/templates/migration-runbook-template.md	reference	reference	spec/contract	current	Migration runbook template (per migrating tenant)
/Users/jasonlee/Developer/source/docs/templates/milestone-index-template.md	reference	reference	spec/contract	current	Required frontmatter on every milestone INDEX.md
/Users/jasonlee/Developer/source/docs/templates/milestone-readme-template.md	reference	reference	spec/contract	likely-stale	Required frontmatter for every milestone README.md
/Users/jasonlee/Developer/source/docs/templates/mistakes-ledger-row-template.md	reference	reference	spec/contract	current	MISTAKES-LEDGER row template
/Users/jasonlee/Developer/source/docs/templates/phase-index-template.md	reference	reference	spec/contract	current	Required frontmatter on every phase INDEX.md
/Users/jasonlee/Developer/source/docs/templates/phase-spec-template.md	reference	reference	spec/contract	current	Required frontmatter for every phase spec file
/Users/jasonlee/Developer/source/docs/templates/postmortem-template.md	reference	reference	spec/contract	current	Required frontmatter
/Users/jasonlee/Developer/source/docs/templates/prd-template.md	reference	reference	spec/contract	current	Required frontmatter for every PRD file
/Users/jasonlee/Developer/source/docs/templates/prfaq-template.md	reference	reference	spec/contract	likely-stale	Required frontmatter
/Users/jasonlee/Developer/source/docs/templates/pull-request-template-v2.md	reference	reference	spec/contract	likely-stale	doc_class: Template
/Users/jasonlee/Developer/source/docs/templates/pull-request-template.md	reference	reference	spec/contract	current	PR template
/Users/jasonlee/Developer/source/docs/templates/regional-pack-template.md	reference	reference	spec/contract	current	Regional pack template
/Users/jasonlee/Developer/source/docs/templates/runbook-template-v2.md	reference	reference	spec/contract	likely-stale	Required frontmatter
/Users/jasonlee/Developer/source/docs/templates/runbook-template.md	reference	reference	spec/contract	current	Runbook: <name>
/Users/jasonlee/Developer/source/docs/templates/team-charter-template.md	reference	reference	spec/contract	current	Team Charter: <team-id>
/Users/jasonlee/Developer/source/docs/templates/threat-model-template.md	reference	reference	spec/contract	likely-stale	Threat Model: <Service / Surface / Capability> — <YYYY-MM-DD>
/Users/jasonlee/Developer/source/docs/TOOLCHAIN.md	reference	reference	architecture	likely-stale	Oyatie — Internal Tooling & Toolchain
/Users/jasonlee/Developer/source/docs/tutorials/ai-assisted-document-summarization.md	guide	tutorial	governance/compliance	current	Use Intelligence to Summarize a 200-Page Contract
/Users/jasonlee/Developer/source/docs/tutorials/capability-tier-upgrade-bronze-to-platinum.md	guide	tutorial	governance/compliance	current	doc_class: Tutorial
/Users/jasonlee/Developer/source/docs/tutorials/consent-cascade-across-microservices.md	guide	tutorial	governance/compliance	current	Capture and Propagate Consent Across Microservices
/Users/jasonlee/Developer/source/docs/tutorials/cross-tenant-channel-setup.md	guide	tutorial	governance/compliance	current	Set Up a Cross-Tenant Messenger Channel with NDA Enforcement
/Users/jasonlee/Developer/source/docs/tutorials/data-subject-erasure-request-handling.md	guide	tutorial	governance/compliance	current	Handle a GDPR Art. 17 Erasure Request End-to-End
/Users/jasonlee/Developer/source/docs/tutorials/marketplace-list-sell-buy.md	guide	tutorial	governance/compliance	current	List, Sell, Buy, and Settle a Marketplace Deal
/Users/jasonlee/Developer/source/docs/tutorials/multi-pack-tenant-activation.md	guide	tutorial	governance/compliance	current	Activate HIPAA, SOC 2, GDPR, and KR-PIPA on a Single Tenant
/Users/jasonlee/Developer/source/docs/tutorials/ontology-projection-from-external-source.md	guide	tutorial	governance/compliance	current	Project Salesforce CRM Data into the Oyatie Ontology
/Users/jasonlee/Developer/source/docs/tutorials/quickstart-new-user-day-one.md	guide	tutorial	governance/compliance	current	First-Day-on-Oyatie Quickstart
/Users/jasonlee/Developer/source/docs/tutorials/workflow-studio-build-employee-onboarding.md	guide	tutorial	governance/compliance	current	Build an Employee-Onboarding Workflow in Workflow Studio
/Users/jasonlee/Developer/source/docs/user-journeys/CATALOG-j126-j150-ecosystem.md	index	reference	product	current	Journey Catalog Slice — Ecosystem Economy (j126-j150)
/Users/jasonlee/Developer/source/docs/user-journeys/j01-emergency-911-dispatch/handshake.md	spec	reference	product	current	j01 — Handshake: µservice sequence for emergency 119 dispatch
/Users/jasonlee/Developer/source/docs/user-journeys/j01-emergency-911-dispatch/integration-test-plan.md	spec	reference	product	current	j01 — Integration test plan: emergency 119 dispatch
/Users/jasonlee/Developer/source/docs/user-journeys/j01-emergency-911-dispatch/README.md	index	reference	product	current	j01 — Emergency 119 dispatch — Yejin Park's worst Tuesday
/Users/jasonlee/Developer/source/docs/user-journeys/j01-emergency-911-dispatch/story.md	guide	explanation	product	current	j01 — Emergency 119 dispatch: Yejin Park's worst Tuesday
/Users/jasonlee/Developer/source/docs/user-journeys/j01-emergency-911-dispatch/ux-flow.md	guide	explanation	product	current	j01 — UX flow: emergency 119 dispatch
/Users/jasonlee/Developer/source/docs/user-journeys/j02-healthcare-code-blue-ehr-break-glass/handshake.md	spec	reference	product	current	j02 — Handshake: µservice sequence for code-blue break-glass
/Users/jasonlee/Developer/source/docs/user-journeys/j02-healthcare-code-blue-ehr-break-glass/integration-test-plan.md	spec	reference	product	current	j02 — Integration test plan: code-blue break-glass
/Users/jasonlee/Developer/source/docs/user-journeys/j02-healthcare-code-blue-ehr-break-glass/README.md	index	reference	product	current	j02 — Healthcare code-blue + EHR break-glass
/Users/jasonlee/Developer/source/docs/user-journeys/j02-healthcare-code-blue-ehr-break-glass/story.md	guide	explanation	product	current	j02 — Healthcare code-blue + EHR break-glass
/Users/jasonlee/Developer/source/docs/user-journeys/j02-healthcare-code-blue-ehr-break-glass/ux-flow.md	guide	explanation	product	current	j02 — UX flow: code-blue break-glass
/Users/jasonlee/Developer/source/docs/user-journeys/j03-988-crisis-line-minor-self-report/handshake.md	spec	reference	product	current	j03 — Handshake: crisis-line minor self-report
/Users/jasonlee/Developer/source/docs/user-journeys/j03-988-crisis-line-minor-self-report/integration-test-plan.md	spec	reference	product	current	j03 — Integration test plan: 988-class crisis-line minor self-report
/Users/jasonlee/Developer/source/docs/user-journeys/j03-988-crisis-line-minor-self-report/README.md	index	reference	product	current	j03 — 988-class crisis-line: minor self-report
/Users/jasonlee/Developer/source/docs/user-journeys/j03-988-crisis-line-minor-self-report/story.md	guide	explanation	product	current	j03 — 988-class crisis-line: a 15-year-old reaches out
/Users/jasonlee/Developer/source/docs/user-journeys/j03-988-crisis-line-minor-self-report/ux-flow.md	guide	explanation	product	current	j03 — UX: 988-class crisis-line minor self-report
/Users/jasonlee/Developer/source/docs/user-journeys/j04-dv-survivor-shelter-mode/handshake.md	spec	reference	product	current	j04 - Handshake - Domestic violence survivor shelter mode
/Users/jasonlee/Developer/source/docs/user-journeys/j04-dv-survivor-shelter-mode/integration-test-plan.md	spec	reference	product	current	j04 - Integration test plan - Domestic violence survivor shelter mode
/Users/jasonlee/Developer/source/docs/user-journeys/j04-dv-survivor-shelter-mode/README.md	index	reference	product	current	j04 - Domestic violence survivor shelter mode
/Users/jasonlee/Developer/source/docs/user-journeys/j04-dv-survivor-shelter-mode/story.md	guide	explanation	product	current	j04 - Story - Domestic violence survivor shelter mode
/Users/jasonlee/Developer/source/docs/user-journeys/j04-dv-survivor-shelter-mode/ux-flow.md	guide	explanation	product	current	j04 - UX flow - Domestic violence survivor shelter mode
/Users/jasonlee/Developer/source/docs/user-journeys/j05-whistleblower-anonymous-ethics-report/handshake.md	spec	reference	product	current	j05 - Handshake - Anonymous ethics report from SNU Hospital employee
/Users/jasonlee/Developer/source/docs/user-journeys/j05-whistleblower-anonymous-ethics-report/integration-test-plan.md	spec	reference	product	current	j05 - Integration test plan - Anonymous ethics report from SNU Hospital employee
/Users/jasonlee/Developer/source/docs/user-journeys/j05-whistleblower-anonymous-ethics-report/README.md	index	reference	product	current	j05 - Anonymous ethics report from SNU Hospital employee
/Users/jasonlee/Developer/source/docs/user-journeys/j05-whistleblower-anonymous-ethics-report/story.md	guide	explanation	product	current	j05 - Story - Anonymous ethics report from SNU Hospital employee
/Users/jasonlee/Developer/source/docs/user-journeys/j05-whistleblower-anonymous-ethics-report/ux-flow.md	guide	explanation	product	current	j05 - UX flow - Anonymous ethics report from SNU Hospital employee
/Users/jasonlee/Developer/source/docs/user-journeys/j06-press-source-securedrop-class/handshake.md	spec	reference	product	current	j06 - Handshake - SecureDrop-class press source submission
/Users/jasonlee/Developer/source/docs/user-journeys/j06-press-source-securedrop-class/integration-test-plan.md	spec	reference	product	current	j06 - Integration test plan - SecureDrop-class press source submission
/Users/jasonlee/Developer/source/docs/user-journeys/j06-press-source-securedrop-class/README.md	index	reference	product	current	j06 - SecureDrop-class press source submission
/Users/jasonlee/Developer/source/docs/user-journeys/j06-press-source-securedrop-class/story.md	guide	explanation	product	current	j06 - Story - SecureDrop-class press source submission
/Users/jasonlee/Developer/source/docs/user-journeys/j06-press-source-securedrop-class/ux-flow.md	guide	explanation	product	current	j06 - UX flow - SecureDrop-class press source submission
/Users/jasonlee/Developer/source/docs/user-journeys/j07-deceased-user-inheritance-handoff/handshake.md	spec	reference	product	current	j07 - Handshake - Deceased user inheritance handoff
/Users/jasonlee/Developer/source/docs/user-journeys/j07-deceased-user-inheritance-handoff/integration-test-plan.md	spec	reference	product	current	j07 - Integration test plan - Deceased user inheritance handoff
/Users/jasonlee/Developer/source/docs/user-journeys/j07-deceased-user-inheritance-handoff/README.md	index	reference	product	current	j07 - Deceased user inheritance handoff
/Users/jasonlee/Developer/source/docs/user-journeys/j07-deceased-user-inheritance-handoff/story.md	guide	explanation	product	current	j07 - Story - Deceased user inheritance handoff
/Users/jasonlee/Developer/source/docs/user-journeys/j07-deceased-user-inheritance-handoff/ux-flow.md	guide	explanation	product	current	j07 - UX flow - Deceased user inheritance handoff
/Users/jasonlee/Developer/source/docs/user-journeys/j08-elder-financial-abuse-detection/handshake.md	spec	reference	product	current	j08 - Handshake - Elder financial abuse detection
/Users/jasonlee/Developer/source/docs/user-journeys/j08-elder-financial-abuse-detection/integration-test-plan.md	spec	reference	product	current	j08 - Integration test plan - Elder financial abuse detection
/Users/jasonlee/Developer/source/docs/user-journeys/j08-elder-financial-abuse-detection/README.md	index	reference	product	current	j08 - Elder financial abuse detection
/Users/jasonlee/Developer/source/docs/user-journeys/j08-elder-financial-abuse-detection/story.md	guide	explanation	product	current	j08 - Story - Elder financial abuse detection
/Users/jasonlee/Developer/source/docs/user-journeys/j08-elder-financial-abuse-detection/ux-flow.md	guide	explanation	product	current	j08 - UX flow - Elder financial abuse detection
/Users/jasonlee/Developer/source/docs/user-journeys/j09-account-recovery-phishing-resistant/handshake.md	spec	reference	product	current	j09 - Handshake - Phishing-resistant account recovery
/Users/jasonlee/Developer/source/docs/user-journeys/j09-account-recovery-phishing-resistant/integration-test-plan.md	spec	reference	product	current	j09 - Integration test plan - Phishing-resistant account recovery
/Users/jasonlee/Developer/source/docs/user-journeys/j09-account-recovery-phishing-resistant/README.md	index	reference	product	current	j09 - Phishing-resistant account recovery
/Users/jasonlee/Developer/source/docs/user-journeys/j09-account-recovery-phishing-resistant/story.md	guide	explanation	product	current	j09 - Story - Phishing-resistant account recovery
/Users/jasonlee/Developer/source/docs/user-journeys/j09-account-recovery-phishing-resistant/ux-flow.md	guide	explanation	product	current	j09 - UX flow - Phishing-resistant account recovery
/Users/jasonlee/Developer/source/docs/user-journeys/j10-account-takeover-SIM-swap-detected/handshake.md	spec	reference	product	current	j10 - Handshake - SIM-swap account takeover detected
/Users/jasonlee/Developer/source/docs/user-journeys/j10-account-takeover-SIM-swap-detected/integration-test-plan.md	spec	reference	product	current	j10 - Integration test plan - SIM-swap account takeover detected
/Users/jasonlee/Developer/source/docs/user-journeys/j10-account-takeover-SIM-swap-detected/README.md	index	reference	product	current	j10 - SIM-swap account takeover detected
/Users/jasonlee/Developer/source/docs/user-journeys/j10-account-takeover-SIM-swap-detected/story.md	guide	explanation	product	current	j10 - Story - SIM-swap account takeover detected
/Users/jasonlee/Developer/source/docs/user-journeys/j10-account-takeover-SIM-swap-detected/ux-flow.md	guide	explanation	product	current	j10 - UX flow - SIM-swap account takeover detected
/Users/jasonlee/Developer/source/docs/user-journeys/j100-pack-rollout-from-tenant-onboarding-to-first-action/handshake.md	spec	reference	product	likely-stale	j100 Handshake - Pack rollout from tenant onboarding to first action
/Users/jasonlee/Developer/source/docs/user-journeys/j100-pack-rollout-from-tenant-onboarding-to-first-action/integration-test-plan.md	guide	explanation	product	likely-stale	j100 Integration Test Plan - Pack rollout from tenant onboarding to first action
/Users/jasonlee/Developer/source/docs/user-journeys/j100-pack-rollout-from-tenant-onboarding-to-first-action/README.md	index	reference	product	likely-stale	j100 - Pack rollout from tenant onboarding to first action
/Users/jasonlee/Developer/source/docs/user-journeys/j100-pack-rollout-from-tenant-onboarding-to-first-action/schemas/pack-state-bnf.md	spec	reference	product	current	j100 BNF v4.1 Pack State Grammar
/Users/jasonlee/Developer/source/docs/user-journeys/j100-pack-rollout-from-tenant-onboarding-to-first-action/story.md	guide	explanation	product	likely-stale	j100 Story - Pack rollout from tenant onboarding to first action
/Users/jasonlee/Developer/source/docs/user-journeys/j100-pack-rollout-from-tenant-onboarding-to-first-action/ux-flow.md	guide	explanation	product	likely-stale	j100 UX Flow - Pack rollout from tenant onboarding to first action
/Users/jasonlee/Developer/source/docs/user-journeys/j101-multi-tier-supply-chain-formation/handshake.md	spec	reference	product	current	j101-multi-tier-supply-chain-formation - Handshake
/Users/jasonlee/Developer/source/docs/user-journeys/j101-multi-tier-supply-chain-formation/integration-test-plan.md	spec	reference	product	current	j101-multi-tier-supply-chain-formation - Integration test plan
/Users/jasonlee/Developer/source/docs/user-journeys/j101-multi-tier-supply-chain-formation/README.md	index	reference	product	current	j101-multi-tier-supply-chain-formation
/Users/jasonlee/Developer/source/docs/user-journeys/j101-multi-tier-supply-chain-formation/story.md	guide	explanation	product	current	j101-multi-tier-supply-chain-formation - Story
/Users/jasonlee/Developer/source/docs/user-journeys/j101-multi-tier-supply-chain-formation/ux-flow.md	guide	explanation	product	current	j101-multi-tier-supply-chain-formation - UX flow
/Users/jasonlee/Developer/source/docs/user-journeys/j102-raw-material-purchase-with-quality-attestation/handshake.md	spec	reference	product	current	j102-raw-material-purchase-with-quality-attestation - Handshake
/Users/jasonlee/Developer/source/docs/user-journeys/j102-raw-material-purchase-with-quality-attestation/integration-test-plan.md	spec	reference	product	current	j102-raw-material-purchase-with-quality-attestation - Integration test plan
/Users/jasonlee/Developer/source/docs/user-journeys/j102-raw-material-purchase-with-quality-attestation/README.md	index	reference	product	current	j102-raw-material-purchase-with-quality-attestation
/Users/jasonlee/Developer/source/docs/user-journeys/j102-raw-material-purchase-with-quality-attestation/story.md	guide	explanation	product	current	j102-raw-material-purchase-with-quality-attestation - Story
/Users/jasonlee/Developer/source/docs/user-journeys/j102-raw-material-purchase-with-quality-attestation/ux-flow.md	guide	explanation	product	current	j102-raw-material-purchase-with-quality-attestation - UX flow
/Users/jasonlee/Developer/source/docs/user-journeys/j103-just-in-time-procurement-automation/handshake.md	spec	reference	product	current	j103-just-in-time-procurement-automation - Handshake
/Users/jasonlee/Developer/source/docs/user-journeys/j103-just-in-time-procurement-automation/integration-test-plan.md	spec	reference	product	current	j103-just-in-time-procurement-automation - Integration test plan
/Users/jasonlee/Developer/source/docs/user-journeys/j103-just-in-time-procurement-automation/README.md	index	reference	product	current	j103-just-in-time-procurement-automation
/Users/jasonlee/Developer/source/docs/user-journeys/j103-just-in-time-procurement-automation/story.md	guide	explanation	product	current	j103-just-in-time-procurement-automation - Story
/Users/jasonlee/Developer/source/docs/user-journeys/j103-just-in-time-procurement-automation/ux-flow.md	guide	explanation	product	current	j103-just-in-time-procurement-automation - UX flow
/Users/jasonlee/Developer/source/docs/user-journeys/j104-supplier-vendor-onboarding-kyb-cascade/handshake.md	spec	reference	product	current	j104-supplier-vendor-onboarding-kyb-cascade - Handshake
/Users/jasonlee/Developer/source/docs/user-journeys/j104-supplier-vendor-onboarding-kyb-cascade/integration-test-plan.md	spec	reference	product	current	j104-supplier-vendor-onboarding-kyb-cascade - Integration test plan
/Users/jasonlee/Developer/source/docs/user-journeys/j104-supplier-vendor-onboarding-kyb-cascade/README.md	index	reference	product	current	j104-supplier-vendor-onboarding-kyb-cascade
/Users/jasonlee/Developer/source/docs/user-journeys/j104-supplier-vendor-onboarding-kyb-cascade/story.md	guide	explanation	product	current	j104-supplier-vendor-onboarding-kyb-cascade - Story
/Users/jasonlee/Developer/source/docs/user-journeys/j104-supplier-vendor-onboarding-kyb-cascade/ux-flow.md	guide	explanation	product	current	j104-supplier-vendor-onboarding-kyb-cascade - UX flow
/Users/jasonlee/Developer/source/docs/user-journeys/j105-dispute-cross-tenant-arbitration/handshake.md	spec	reference	product	current	j105-dispute-cross-tenant-arbitration - Handshake
/Users/jasonlee/Developer/source/docs/user-journeys/j105-dispute-cross-tenant-arbitration/integration-test-plan.md	spec	reference	product	current	j105-dispute-cross-tenant-arbitration - Integration test plan
/Users/jasonlee/Developer/source/docs/user-journeys/j105-dispute-cross-tenant-arbitration/README.md	index	reference	product	current	j105-dispute-cross-tenant-arbitration
/Users/jasonlee/Developer/source/docs/user-journeys/j105-dispute-cross-tenant-arbitration/story.md	guide	explanation	product	current	j105-dispute-cross-tenant-arbitration - Story
/Users/jasonlee/Developer/source/docs/user-journeys/j105-dispute-cross-tenant-arbitration/ux-flow.md	guide	explanation	product	current	j105-dispute-cross-tenant-arbitration - UX flow
/Users/jasonlee/Developer/source/docs/user-journeys/j106-multi-currency-cross-border-payment/handshake.md	spec	reference	product	current	j106-multi-currency-cross-border-payment - Handshake
/Users/jasonlee/Developer/source/docs/user-journeys/j106-multi-currency-cross-border-payment/integration-test-plan.md	spec	reference	product	current	j106-multi-currency-cross-border-payment - Integration test plan
/Users/jasonlee/Developer/source/docs/user-journeys/j106-multi-currency-cross-border-payment/README.md	index	reference	product	current	j106-multi-currency-cross-border-payment
/Users/jasonlee/Developer/source/docs/user-journeys/j106-multi-currency-cross-border-payment/story.md	guide	explanation	product	current	j106-multi-currency-cross-border-payment - Story
/Users/jasonlee/Developer/source/docs/user-journeys/j106-multi-currency-cross-border-payment/ux-flow.md	guide	explanation	product	current	j106-multi-currency-cross-border-payment - UX flow
/Users/jasonlee/Developer/source/docs/user-journeys/j107-supply-chain-disruption-and-failover/handshake.md	spec	reference	product	current	j107-supply-chain-disruption-and-failover - Handshake
/Users/jasonlee/Developer/source/docs/user-journeys/j107-supply-chain-disruption-and-failover/integration-test-plan.md	spec	reference	product	current	j107-supply-chain-disruption-and-failover - Integration test plan
/Users/jasonlee/Developer/source/docs/user-journeys/j107-supply-chain-disruption-and-failover/README.md	index	reference	product	current	j107-supply-chain-disruption-and-failover
/Users/jasonlee/Developer/source/docs/user-journeys/j107-supply-chain-disruption-and-failover/story.md	guide	explanation	product	current	j107-supply-chain-disruption-and-failover - Story
/Users/jasonlee/Developer/source/docs/user-journeys/j107-supply-chain-disruption-and-failover/ux-flow.md	guide	explanation	product	current	j107-supply-chain-disruption-and-failover - UX flow
/Users/jasonlee/Developer/source/docs/user-journeys/j108-supplier-rating-and-marketplace-discovery/handshake.md	spec	reference	product	current	j108-supplier-rating-and-marketplace-discovery - Handshake
/Users/jasonlee/Developer/source/docs/user-journeys/j108-supplier-rating-and-marketplace-discovery/integration-test-plan.md	spec	reference	product	current	j108-supplier-rating-and-marketplace-discovery - Integration test plan
/Users/jasonlee/Developer/source/docs/user-journeys/j108-supplier-rating-and-marketplace-discovery/README.md	index	reference	product	current	j108-supplier-rating-and-marketplace-discovery
/Users/jasonlee/Developer/source/docs/user-journeys/j108-supplier-rating-and-marketplace-discovery/story.md	guide	explanation	product	current	j108-supplier-rating-and-marketplace-discovery - Story
/Users/jasonlee/Developer/source/docs/user-journeys/j108-supplier-rating-and-marketplace-discovery/ux-flow.md	guide	explanation	product	current	j108-supplier-rating-and-marketplace-discovery - UX flow
/Users/jasonlee/Developer/source/docs/user-journeys/j109-construction-co-hires-freelance-specialist/handshake.md	spec	reference	product	current	j109-construction-co-hires-freelance-specialist - Handshake
/Users/jasonlee/Developer/source/docs/user-journeys/j109-construction-co-hires-freelance-specialist/integration-test-plan.md	spec	reference	product	current	j109-construction-co-hires-freelance-specialist - Integration test plan
/Users/jasonlee/Developer/source/docs/user-journeys/j109-construction-co-hires-freelance-specialist/README.md	index	reference	product	current	j109-construction-co-hires-freelance-specialist
/Users/jasonlee/Developer/source/docs/user-journeys/j109-construction-co-hires-freelance-specialist/story.md	guide	explanation	product	current	j109-construction-co-hires-freelance-specialist - Story
/Users/jasonlee/Developer/source/docs/user-journeys/j109-construction-co-hires-freelance-specialist/ux-flow.md	guide	explanation	product	current	j109-construction-co-hires-freelance-specialist - UX flow
/Users/jasonlee/Developer/source/docs/user-journeys/j11-disaster-zone-offline-first-sync/handshake.md	spec	reference	product	current	j11 - Handshake - Disaster zone offline-first sync
/Users/jasonlee/Developer/source/docs/user-journeys/j11-disaster-zone-offline-first-sync/integration-test-plan.md	spec	reference	product	current	j11 - Integration test plan - Disaster zone offline-first sync
/Users/jasonlee/Developer/source/docs/user-journeys/j11-disaster-zone-offline-first-sync/README.md	index	reference	product	current	j11 - Disaster zone offline-first sync
/Users/jasonlee/Developer/source/docs/user-journeys/j11-disaster-zone-offline-first-sync/story.md	guide	explanation	product	current	j11 - Story - Disaster zone offline-first sync
/Users/jasonlee/Developer/source/docs/user-journeys/j11-disaster-zone-offline-first-sync/ux-flow.md	guide	explanation	product	current	j11 - UX flow - Disaster zone offline-first sync
/Users/jasonlee/Developer/source/docs/user-journeys/j110-traveling-nurse-multi-employer-roster/handshake.md	spec	reference	product	current	j110-traveling-nurse-multi-employer-roster - Handshake
/Users/jasonlee/Developer/source/docs/user-journeys/j110-traveling-nurse-multi-employer-roster/integration-test-plan.md	spec	reference	product	current	j110-traveling-nurse-multi-employer-roster - Integration test plan
/Users/jasonlee/Developer/source/docs/user-journeys/j110-traveling-nurse-multi-employer-roster/README.md	index	reference	product	current	j110-traveling-nurse-multi-employer-roster
/Users/jasonlee/Developer/source/docs/user-journeys/j110-traveling-nurse-multi-employer-roster/story.md	guide	explanation	product	current	j110-traveling-nurse-multi-employer-roster - Story
/Users/jasonlee/Developer/source/docs/user-journeys/j110-traveling-nurse-multi-employer-roster/ux-flow.md	guide	explanation	product	current	j110-traveling-nurse-multi-employer-roster - UX flow
/Users/jasonlee/Developer/source/docs/user-journeys/j111-staffing-agency-as-tenant-facilitator/handshake.md	spec	reference	product	current	j111-staffing-agency-as-tenant-facilitator - Handshake
/Users/jasonlee/Developer/source/docs/user-journeys/j111-staffing-agency-as-tenant-facilitator/integration-test-plan.md	spec	reference	product	current	j111-staffing-agency-as-tenant-facilitator - Integration test plan
/Users/jasonlee/Developer/source/docs/user-journeys/j111-staffing-agency-as-tenant-facilitator/README.md	index	reference	product	current	j111-staffing-agency-as-tenant-facilitator
/Users/jasonlee/Developer/source/docs/user-journeys/j111-staffing-agency-as-tenant-facilitator/story.md	guide	explanation	product	current	j111-staffing-agency-as-tenant-facilitator - Story
/Users/jasonlee/Developer/source/docs/user-journeys/j111-staffing-agency-as-tenant-facilitator/ux-flow.md	guide	explanation	product	current	j111-staffing-agency-as-tenant-facilitator - UX flow
/Users/jasonlee/Developer/source/docs/user-journeys/j112-tenant-to-tenant-rfq-and-bid/handshake.md	spec	reference	product	current	j112-tenant-to-tenant-rfq-and-bid - Handshake
/Users/jasonlee/Developer/source/docs/user-journeys/j112-tenant-to-tenant-rfq-and-bid/integration-test-plan.md	spec	reference	product	current	j112-tenant-to-tenant-rfq-and-bid - Integration test plan
/Users/jasonlee/Developer/source/docs/user-journeys/j112-tenant-to-tenant-rfq-and-bid/README.md	index	reference	product	current	j112-tenant-to-tenant-rfq-and-bid
/Users/jasonlee/Developer/source/docs/user-journeys/j112-tenant-to-tenant-rfq-and-bid/story.md	guide	explanation	product	current	j112-tenant-to-tenant-rfq-and-bid - Story
/Users/jasonlee/Developer/source/docs/user-journeys/j112-tenant-to-tenant-rfq-and-bid/ux-flow.md	guide	explanation	product	current	j112-tenant-to-tenant-rfq-and-bid - UX flow
/Users/jasonlee/Developer/source/docs/user-journeys/j113-cross-tenant-internship-from-handshake/handshake.md	spec	reference	product	current	j113-cross-tenant-internship-from-handshake - Handshake
/Users/jasonlee/Developer/source/docs/user-journeys/j113-cross-tenant-internship-from-handshake/integration-test-plan.md	spec	reference	product	current	j113-cross-tenant-internship-from-handshake - Integration test plan
/Users/jasonlee/Developer/source/docs/user-journeys/j113-cross-tenant-internship-from-handshake/README.md	index	reference	product	current	j113-cross-tenant-internship-from-handshake
/Users/jasonlee/Developer/source/docs/user-journeys/j113-cross-tenant-internship-from-handshake/story.md	guide	explanation	product	current	j113-cross-tenant-internship-from-handshake - Story
/Users/jasonlee/Developer/source/docs/user-journeys/j113-cross-tenant-internship-from-handshake/ux-flow.md	guide	explanation	product	current	j113-cross-tenant-internship-from-handshake - UX flow
/Users/jasonlee/Developer/source/docs/user-journeys/j114-employee-secondment-cross-tenant/handshake.md	spec	reference	product	current	j114-employee-secondment-cross-tenant - Handshake
/Users/jasonlee/Developer/source/docs/user-journeys/j114-employee-secondment-cross-tenant/integration-test-plan.md	spec	reference	product	current	j114-employee-secondment-cross-tenant - Integration test plan
/Users/jasonlee/Developer/source/docs/user-journeys/j114-employee-secondment-cross-tenant/README.md	index	reference	product	current	j114-employee-secondment-cross-tenant
/Users/jasonlee/Developer/source/docs/user-journeys/j114-employee-secondment-cross-tenant/story.md	guide	explanation	product	current	j114-employee-secondment-cross-tenant - Story
/Users/jasonlee/Developer/source/docs/user-journeys/j114-employee-secondment-cross-tenant/ux-flow.md	guide	explanation	product	current	j114-employee-secondment-cross-tenant - UX flow
/Users/jasonlee/Developer/source/docs/user-journeys/j115-saas-vendor-sells-api-to-multiple-tenant-customers/handshake.md	spec	reference	product	current	j115-saas-vendor-sells-api-to-multiple-tenant-customers - Handshake
/Users/jasonlee/Developer/source/docs/user-journeys/j115-saas-vendor-sells-api-to-multiple-tenant-customers/integration-test-plan.md	spec	reference	product	current	j115-saas-vendor-sells-api-to-multiple-tenant-customers - Integration test plan
/Users/jasonlee/Developer/source/docs/user-journeys/j115-saas-vendor-sells-api-to-multiple-tenant-customers/README.md	index	reference	product	current	j115-saas-vendor-sells-api-to-multiple-tenant-customers
/Users/jasonlee/Developer/source/docs/user-journeys/j115-saas-vendor-sells-api-to-multiple-tenant-customers/story.md	guide	explanation	product	current	j115-saas-vendor-sells-api-to-multiple-tenant-customers - Story
/Users/jasonlee/Developer/source/docs/user-journeys/j115-saas-vendor-sells-api-to-multiple-tenant-customers/ux-flow.md	guide	explanation	product	current	j115-saas-vendor-sells-api-to-multiple-tenant-customers - UX flow
/Users/jasonlee/Developer/source/docs/user-journeys/j116-plugin-marketplace-developer-publishes-and-monetizes/handshake.md	spec	reference	product	likely-stale	j116 - Cross-service handshake for Third-party developer publishes and monetizes a plugin
/Users/jasonlee/Developer/source/docs/user-journeys/j116-plugin-marketplace-developer-publishes-and-monetizes/integration-test-plan.md	spec	reference	product	likely-stale	j116 - Integration test plan
/Users/jasonlee/Developer/source/docs/user-journeys/j116-plugin-marketplace-developer-publishes-and-monetizes/README.md	index	reference	product	likely-stale	j116 - Third-party developer publishes and monetizes a plugin
/Users/jasonlee/Developer/source/docs/user-journeys/j116-plugin-marketplace-developer-publishes-and-monetizes/story.md	guide	explanation	product	likely-stale	j116 - Third-party developer publishes and monetizes a plugin
/Users/jasonlee/Developer/source/docs/user-journeys/j116-plugin-marketplace-developer-publishes-and-monetizes/ux-flow.md	guide	explanation	product	likely-stale	j116 - UX flow for Third-party developer publishes and monetizes a plugin
/Users/jasonlee/Developer/source/docs/user-journeys/j117-api-customer-tenant-incident-response/handshake.md	spec	reference	product	current	j117 - Cross-service handshake for API customer tenant incident response and cross-tenant
/Users/jasonlee/Developer/source/docs/user-journeys/j117-api-customer-tenant-incident-response/integration-test-plan.md	spec	reference	product	current	j117 - Integration test plan
/Users/jasonlee/Developer/source/docs/user-journeys/j117-api-customer-tenant-incident-response/README.md	index	reference	product	current	j117 - API customer tenant incident response and cross-tenant SLO credit
/Users/jasonlee/Developer/source/docs/user-journeys/j117-api-customer-tenant-incident-response/story.md	guide	explanation	product	current	j117 - API customer tenant incident response and cross-tenant SLO credit
/Users/jasonlee/Developer/source/docs/user-journeys/j117-api-customer-tenant-incident-response/ux-flow.md	guide	explanation	product	current	j117 - UX flow for API customer tenant incident response and cross-tenant SLO credit
/Users/jasonlee/Developer/source/docs/user-journeys/j118-tenant-to-tenant-data-sharing-via-ontology-projection/handshake.md	spec	reference	product	current	j118 - Cross-service handshake for Tenant-to-tenant data sharing through ontology projecti
/Users/jasonlee/Developer/source/docs/user-journeys/j118-tenant-to-tenant-data-sharing-via-ontology-projection/integration-test-plan.md	spec	reference	product	current	j118 - Integration test plan
/Users/jasonlee/Developer/source/docs/user-journeys/j118-tenant-to-tenant-data-sharing-via-ontology-projection/README.md	index	reference	product	current	j118 - Tenant-to-tenant data sharing through ontology projection
/Users/jasonlee/Developer/source/docs/user-journeys/j118-tenant-to-tenant-data-sharing-via-ontology-projection/story.md	guide	explanation	product	current	j118 - Tenant-to-tenant data sharing through ontology projection
/Users/jasonlee/Developer/source/docs/user-journeys/j118-tenant-to-tenant-data-sharing-via-ontology-projection/ux-flow.md	guide	explanation	product	current	j118 - UX flow for Tenant-to-tenant data sharing through ontology projection
/Users/jasonlee/Developer/source/docs/user-journeys/j119-invoice-financing-marketplace/handshake.md	spec	reference	product	current	j119 - Cross-service handshake for Invoice financing marketplace for unpaid receivables
/Users/jasonlee/Developer/source/docs/user-journeys/j119-invoice-financing-marketplace/integration-test-plan.md	spec	reference	product	current	j119 - Integration test plan
/Users/jasonlee/Developer/source/docs/user-journeys/j119-invoice-financing-marketplace/README.md	index	reference	product	current	j119 - Invoice financing marketplace for unpaid receivables
/Users/jasonlee/Developer/source/docs/user-journeys/j119-invoice-financing-marketplace/story.md	guide	explanation	product	current	j119 - Invoice financing marketplace for unpaid receivables
/Users/jasonlee/Developer/source/docs/user-journeys/j119-invoice-financing-marketplace/ux-flow.md	guide	explanation	product	current	j119 - UX flow for Invoice financing marketplace for unpaid receivables
/Users/jasonlee/Developer/source/docs/user-journeys/j12-mass-casualty-incident-10x-traffic/handshake.md	spec	reference	product	current	j12 - Handshake - Mass casualty incident at 10x emergency traffic
/Users/jasonlee/Developer/source/docs/user-journeys/j12-mass-casualty-incident-10x-traffic/integration-test-plan.md	spec	reference	product	current	j12 - Integration test plan - Mass casualty incident at 10x emergency traffic
/Users/jasonlee/Developer/source/docs/user-journeys/j12-mass-casualty-incident-10x-traffic/README.md	index	reference	product	current	j12 - Mass casualty incident at 10x emergency traffic
/Users/jasonlee/Developer/source/docs/user-journeys/j12-mass-casualty-incident-10x-traffic/story.md	guide	explanation	product	current	j12 - Story - Mass casualty incident at 10x emergency traffic
/Users/jasonlee/Developer/source/docs/user-journeys/j12-mass-casualty-incident-10x-traffic/ux-flow.md	guide	explanation	product	current	j12 - UX flow - Mass casualty incident at 10x emergency traffic
/Users/jasonlee/Developer/source/docs/user-journeys/j120-tenant-treasury-multi-currency-fx-hedge/handshake.md	spec	reference	product	current	j120 - Cross-service handshake for Tenant treasury multi-currency FX hedge
/Users/jasonlee/Developer/source/docs/user-journeys/j120-tenant-treasury-multi-currency-fx-hedge/integration-test-plan.md	spec	reference	product	current	j120 - Integration test plan
/Users/jasonlee/Developer/source/docs/user-journeys/j120-tenant-treasury-multi-currency-fx-hedge/README.md	index	reference	product	current	j120 - Tenant treasury multi-currency FX hedge
/Users/jasonlee/Developer/source/docs/user-journeys/j120-tenant-treasury-multi-currency-fx-hedge/story.md	guide	explanation	product	current	j120 - Tenant treasury multi-currency FX hedge
/Users/jasonlee/Developer/source/docs/user-journeys/j120-tenant-treasury-multi-currency-fx-hedge/ux-flow.md	guide	explanation	product	current	j120 - UX flow for Tenant treasury multi-currency FX hedge
/Users/jasonlee/Developer/source/docs/user-journeys/j121-business-loan-application-from-bank-tenant/handshake.md	spec	reference	product	current	j121 - Cross-service handshake for Business loan application through a bank tenant
/Users/jasonlee/Developer/source/docs/user-journeys/j121-business-loan-application-from-bank-tenant/integration-test-plan.md	spec	reference	product	current	j121 - Integration test plan
/Users/jasonlee/Developer/source/docs/user-journeys/j121-business-loan-application-from-bank-tenant/README.md	index	reference	product	current	j121 - Business loan application through a bank tenant
/Users/jasonlee/Developer/source/docs/user-journeys/j121-business-loan-application-from-bank-tenant/story.md	guide	explanation	product	current	j121 - Business loan application through a bank tenant
/Users/jasonlee/Developer/source/docs/user-journeys/j121-business-loan-application-from-bank-tenant/ux-flow.md	guide	explanation	product	current	j121 - UX flow for Business loan application through a bank tenant
/Users/jasonlee/Developer/source/docs/user-journeys/j122-vendor-payment-batch-with-tax-withholding/handshake.md	spec	reference	product	current	j122 - Cross-service handshake for Vendor payment batch with tax withholding
/Users/jasonlee/Developer/source/docs/user-journeys/j122-vendor-payment-batch-with-tax-withholding/integration-test-plan.md	spec	reference	product	current	j122 - Integration test plan
/Users/jasonlee/Developer/source/docs/user-journeys/j122-vendor-payment-batch-with-tax-withholding/README.md	index	reference	product	current	j122 - Vendor payment batch with tax withholding
/Users/jasonlee/Developer/source/docs/user-journeys/j122-vendor-payment-batch-with-tax-withholding/story.md	guide	explanation	product	current	j122 - Vendor payment batch with tax withholding
/Users/jasonlee/Developer/source/docs/user-journeys/j122-vendor-payment-batch-with-tax-withholding/ux-flow.md	guide	explanation	product	current	j122 - UX flow for Vendor payment batch with tax withholding
/Users/jasonlee/Developer/source/docs/user-journeys/j123-multi-tenant-coordinated-product-launch/handshake.md	spec	reference	product	current	j123 - Cross-service handshake for Multi-tenant coordinated product launch
/Users/jasonlee/Developer/source/docs/user-journeys/j123-multi-tenant-coordinated-product-launch/integration-test-plan.md	spec	reference	product	current	j123 - Integration test plan
/Users/jasonlee/Developer/source/docs/user-journeys/j123-multi-tenant-coordinated-product-launch/README.md	index	reference	product	current	j123 - Multi-tenant coordinated product launch
/Users/jasonlee/Developer/source/docs/user-journeys/j123-multi-tenant-coordinated-product-launch/story.md	guide	explanation	product	current	j123 - Multi-tenant coordinated product launch
/Users/jasonlee/Developer/source/docs/user-journeys/j123-multi-tenant-coordinated-product-launch/ux-flow.md	guide	explanation	product	current	j123 - UX flow for Multi-tenant coordinated product launch
/Users/jasonlee/Developer/source/docs/user-journeys/j124-supply-chain-disruption-emergency-coordination/handshake.md	spec	reference	product	current	j124 - Cross-service handshake for Supply-chain disruption emergency coordination after Se
/Users/jasonlee/Developer/source/docs/user-journeys/j124-supply-chain-disruption-emergency-coordination/integration-test-plan.md	spec	reference	product	current	j124 - Integration test plan
/Users/jasonlee/Developer/source/docs/user-journeys/j124-supply-chain-disruption-emergency-coordination/README.md	index	reference	product	current	j124 - Supply-chain disruption emergency coordination after Seoul earthquake
/Users/jasonlee/Developer/source/docs/user-journeys/j124-supply-chain-disruption-emergency-coordination/story.md	guide	explanation	product	current	j124 - Supply-chain disruption emergency coordination after Seoul earthquake
/Users/jasonlee/Developer/source/docs/user-journeys/j124-supply-chain-disruption-emergency-coordination/ux-flow.md	guide	explanation	product	current	j124 - UX flow for Supply-chain disruption emergency coordination after Seoul earthquake
/Users/jasonlee/Developer/source/docs/user-journeys/j125-marketplace-acquires-supplier-tenant-merger/handshake.md	spec	reference	product	current	j125 - Cross-service handshake for Marketplace acquisition and supplier tenant merger
/Users/jasonlee/Developer/source/docs/user-journeys/j125-marketplace-acquires-supplier-tenant-merger/integration-test-plan.md	spec	reference	product	current	j125 - Integration test plan
/Users/jasonlee/Developer/source/docs/user-journeys/j125-marketplace-acquires-supplier-tenant-merger/README.md	index	reference	product	current	j125 - Marketplace acquisition and supplier tenant merger
/Users/jasonlee/Developer/source/docs/user-journeys/j125-marketplace-acquires-supplier-tenant-merger/story.md	guide	explanation	product	current	j125 - Marketplace acquisition and supplier tenant merger
/Users/jasonlee/Developer/source/docs/user-journeys/j125-marketplace-acquires-supplier-tenant-merger/ux-flow.md	guide	explanation	product	current	j125 - UX flow for Marketplace acquisition and supplier tenant merger
/Users/jasonlee/Developer/source/docs/user-journeys/j126-government-auditor-3pao-conducts-fedramp-audit/handshake.md	spec	reference	product	current	j126 — Handshake: cross-µservice sequence for FedRAMP 3PAO audit pull with dual-tenant ide
/Users/jasonlee/Developer/source/docs/user-journeys/j126-government-auditor-3pao-conducts-fedramp-audit/integration-test-plan.md	spec	reference	product	current	j126 — Integration test plan: FedRAMP 3PAO audit pull with dual-tenant boundary preservati
/Users/jasonlee/Developer/source/docs/user-journeys/j126-government-auditor-3pao-conducts-fedramp-audit/README.md	index	reference	product	current	j126 — FedRAMP 3PAO audit pull with dual-tenant identity boundary
/Users/jasonlee/Developer/source/docs/user-journeys/j126-government-auditor-3pao-conducts-fedramp-audit/story.md	guide	explanation	product	likely-stale	j126 — Diana Reyes runs a FedRAMP audit while her family group chat stays sealed
/Users/jasonlee/Developer/source/docs/user-journeys/j126-government-auditor-3pao-conducts-fedramp-audit/ux-flow.md	guide	explanation	product	current	j126 — UX flow: screen-by-screen for FedRAMP audit pull with dual-tenant boundary
/Users/jasonlee/Developer/source/docs/user-journeys/j127-dual-tenant-identity-employee-resigns-and-keeps-personal/handshake.md	spec	reference	product	current	j127 — Handshake: offboarding cascade preserves dual-tenant boundary
/Users/jasonlee/Developer/source/docs/user-journeys/j127-dual-tenant-identity-employee-resigns-and-keeps-personal/integration-test-plan.md	spec	reference	product	current	j127 — Integration test plan: resignation + offboarding cascade + dual-tenant boundary pre
/Users/jasonlee/Developer/source/docs/user-journeys/j127-dual-tenant-identity-employee-resigns-and-keeps-personal/README.md	index	reference	product	current	j127 — Resignation: work tenant revoked, personal tenant intact
/Users/jasonlee/Developer/source/docs/user-journeys/j127-dual-tenant-identity-employee-resigns-and-keeps-personal/story.md	guide	explanation	product	current	j127 — Nadia Petrov's last day: work tenant revoked; personal tenant intact
/Users/jasonlee/Developer/source/docs/user-journeys/j127-dual-tenant-identity-employee-resigns-and-keeps-personal/ux-flow.md	guide	explanation	product	current	j127 — UX flow: screen-by-screen for resignation with dual-tenant boundary preservation
/Users/jasonlee/Developer/source/docs/user-journeys/j128-auditor-personal-side-uses-workflow-studio-for-family-taxes/handshake.md	spec	reference	product	current	j128 — Handshake: personal-tenant family-tax workflow
/Users/jasonlee/Developer/source/docs/user-journeys/j128-auditor-personal-side-uses-workflow-studio-for-family-taxes/integration-test-plan.md	spec	reference	product	current	j128 — Integration test plan: personal-tenant productive workflow with cross-tenant invisi
/Users/jasonlee/Developer/source/docs/user-journeys/j128-auditor-personal-side-uses-workflow-studio-for-family-taxes/README.md	index	reference	product	current	j128 — Diana's personal-tenant family-tax filing via Workflow Studio
/Users/jasonlee/Developer/source/docs/user-journeys/j128-auditor-personal-side-uses-workflow-studio-for-family-taxes/story.md	guide	explanation	product	current	j128 — Diana's Sunday: family taxes filed from her personal tenant; GAO cannot see
/Users/jasonlee/Developer/source/docs/user-journeys/j128-auditor-personal-side-uses-workflow-studio-for-family-taxes/ux-flow.md	guide	explanation	product	current	j128 — UX flow: personal-tenant Workflow Studio for family tax filing
/Users/jasonlee/Developer/source/docs/user-journeys/j129-court-warrant-pierces-personal-tenant-with-judicial-oversight/handshake.md	spec	reference	product	current	j129 — Handshake: court-warrant piercing with judicial oversight
/Users/jasonlee/Developer/source/docs/user-journeys/j129-court-warrant-pierces-personal-tenant-with-judicial-oversight/integration-test-plan.md	spec	reference	product	current	j129 — Integration test plan: court-warrant scoped piercing
/Users/jasonlee/Developer/source/docs/user-journeys/j129-court-warrant-pierces-personal-tenant-with-judicial-oversight/README.md	index	reference	product	current	j129 — Court warrant pierces personal tenant with judicial oversight
/Users/jasonlee/Developer/source/docs/user-journeys/j129-court-warrant-pierces-personal-tenant-with-judicial-oversight/story.md	guide	explanation	product	current	j129 — Diana's personal tenant is pierced by a federal warrant — and the platform processe
/Users/jasonlee/Developer/source/docs/user-journeys/j129-court-warrant-pierces-personal-tenant-with-judicial-oversight/ux-flow.md	guide	explanation	product	current	j129 — UX flow: warrant piercing notification + transparency surface
/Users/jasonlee/Developer/source/docs/user-journeys/j13-cross-jurisdiction-eu-cloud-act-conflict/handshake.md	spec	reference	product	current	j13 - Handshake - EU GDPR versus US CLOUD Act conflict
/Users/jasonlee/Developer/source/docs/user-journeys/j13-cross-jurisdiction-eu-cloud-act-conflict/integration-test-plan.md	spec	reference	product	current	j13 - Integration test plan - EU GDPR versus US CLOUD Act conflict
/Users/jasonlee/Developer/source/docs/user-journeys/j13-cross-jurisdiction-eu-cloud-act-conflict/README.md	index	reference	product	current	j13 - EU GDPR versus US CLOUD Act conflict
/Users/jasonlee/Developer/source/docs/user-journeys/j13-cross-jurisdiction-eu-cloud-act-conflict/story.md	guide	explanation	product	current	j13 - Story - EU GDPR versus US CLOUD Act conflict
/Users/jasonlee/Developer/source/docs/user-journeys/j13-cross-jurisdiction-eu-cloud-act-conflict/ux-flow.md	guide	explanation	product	current	j13 - UX flow - EU GDPR versus US CLOUD Act conflict
/Users/jasonlee/Developer/source/docs/user-journeys/j130-auditor-receives-bribery-attempt-via-personal-messenger/handshake.md	spec	reference	product	likely-stale	j130 — Handshake: bribery DM received → whistleblower report filed → cross-tenant evidence
/Users/jasonlee/Developer/source/docs/user-journeys/j130-auditor-receives-bribery-attempt-via-personal-messenger/integration-test-plan.md	spec	reference	product	likely-stale	j130 — Integration test plan: bribery DM → whistleblower report
/Users/jasonlee/Developer/source/docs/user-journeys/j130-auditor-receives-bribery-attempt-via-personal-messenger/README.md	index	reference	product	likely-stale	j130 — Bribery DM via personal Messenger → Community whistleblower report
/Users/jasonlee/Developer/source/docs/user-journeys/j130-auditor-receives-bribery-attempt-via-personal-messenger/story.md	guide	explanation	product	likely-stale	j130 — Diana receives a bribery attempt via personal Messenger; she reports it via Communi
/Users/jasonlee/Developer/source/docs/user-journeys/j130-auditor-receives-bribery-attempt-via-personal-messenger/ux-flow.md	guide	explanation	product	likely-stale	j130 — UX flow: bribery DM → Community whistleblower → DOJ-OIG
/Users/jasonlee/Developer/source/docs/user-journeys/j131-cross-jurisdiction-audit-eu-vs-kr-discrepancy/handshake.md	spec	reference	product	current	j131 — Handshake: multi-jurisdiction audit with region-local PI viewing
/Users/jasonlee/Developer/source/docs/user-journeys/j131-cross-jurisdiction-audit-eu-vs-kr-discrepancy/integration-test-plan.md	spec	reference	product	current	j131 — Integration test plan: multi-jurisdiction audit with PI residency
/Users/jasonlee/Developer/source/docs/user-journeys/j131-cross-jurisdiction-audit-eu-vs-kr-discrepancy/README.md	index	reference	product	current	j131 — Cross-jurisdiction audit: EU vs KR data-residency reconciliation
/Users/jasonlee/Developer/source/docs/user-journeys/j131-cross-jurisdiction-audit-eu-vs-kr-discrepancy/story.md	guide	explanation	product	current	j131 — Diana audits a multinational; EU and KR jurisdictions disagree; the platform reconc
/Users/jasonlee/Developer/source/docs/user-journeys/j131-cross-jurisdiction-audit-eu-vs-kr-discrepancy/ux-flow.md	guide	explanation	product	current	j131 — UX flow: multi-jurisdiction audit with region-local PI viewing
/Users/jasonlee/Developer/source/docs/user-journeys/j132-hr-mass-hiring-event-100-roles/handshake.md	spec	reference	product	current	j132 — Handshake: 10-µservice mass hiring cascade
/Users/jasonlee/Developer/source/docs/user-journeys/j132-hr-mass-hiring-event-100-roles/integration-test-plan.md	spec	reference	product	current	j132 — Integration test plan: 100-role mass hiring cascade
/Users/jasonlee/Developer/source/docs/user-journeys/j132-hr-mass-hiring-event-100-roles/README.md	index	reference	product	likely-stale	j132 — Priya runs a mass hiring event for 100 roles
/Users/jasonlee/Developer/source/docs/user-journeys/j132-hr-mass-hiring-event-100-roles/story.md	guide	explanation	product	likely-stale	j132 — Priya runs a mass-hiring event for 100 roles
/Users/jasonlee/Developer/source/docs/user-journeys/j132-hr-mass-hiring-event-100-roles/ux-flow.md	guide	explanation	product	current	j132 — UX flow: 100-role mass hiring event
/Users/jasonlee/Developer/source/docs/user-journeys/j133-hr-conducts-layoff-with-dignity-and-compliance/handshake.md	spec	reference	product	current	j133 — Handshake: 10-µservice RIF cascade
/Users/jasonlee/Developer/source/docs/user-journeys/j133-hr-conducts-layoff-with-dignity-and-compliance/integration-test-plan.md	spec	reference	product	current	j133 — Integration test plan: 200-person RIF cascade
/Users/jasonlee/Developer/source/docs/user-journeys/j133-hr-conducts-layoff-with-dignity-and-compliance/README.md	index	reference	product	likely-stale	j133 — Priya conducts a 200-person RIF with dignity and compliance
/Users/jasonlee/Developer/source/docs/user-journeys/j133-hr-conducts-layoff-with-dignity-and-compliance/story.md	guide	explanation	product	likely-stale	j133 — Priya conducts a 200-person RIF with dignity and compliance
/Users/jasonlee/Developer/source/docs/user-journeys/j133-hr-conducts-layoff-with-dignity-and-compliance/ux-flow.md	guide	explanation	product	current	j133 — UX flow: 200-person RIF with dignity and compliance
/Users/jasonlee/Developer/source/docs/user-journeys/j134-hr-cross-tenant-recruitment-via-staffing-agency/handshake.md	spec	reference	product	current	j134 — Handshake: 6-µservice 3-tenant ecosystem
/Users/jasonlee/Developer/source/docs/user-journeys/j134-hr-cross-tenant-recruitment-via-staffing-agency/integration-test-plan.md	spec	reference	product	current	j134 — Integration test plan: Staffing-agency cross-tenant placement
/Users/jasonlee/Developer/source/docs/user-journeys/j134-hr-cross-tenant-recruitment-via-staffing-agency/README.md	index	reference	product	current	j134 — Cross-tenant recruitment via staffing agency
/Users/jasonlee/Developer/source/docs/user-journeys/j134-hr-cross-tenant-recruitment-via-staffing-agency/story.md	guide	explanation	product	current	j134 — Priya hires via a 3rd-party staffing agency tenant
/Users/jasonlee/Developer/source/docs/user-journeys/j134-hr-cross-tenant-recruitment-via-staffing-agency/ux-flow.md	guide	explanation	product	current	j134 — UX flow: Staffing-agency recruitment
/Users/jasonlee/Developer/source/docs/user-journeys/j135-hr-handles-harassment-complaint-with-dual-tenant-boundary/handshake.md	spec	reference	product	current	j135 — Handshake: 7-µservice harassment investigation
/Users/jasonlee/Developer/source/docs/user-journeys/j135-hr-handles-harassment-complaint-with-dual-tenant-boundary/integration-test-plan.md	spec	reference	product	current	j135 — Integration test plan: Harassment investigation with dual-tenant boundary
/Users/jasonlee/Developer/source/docs/user-journeys/j135-hr-handles-harassment-complaint-with-dual-tenant-boundary/README.md	index	reference	product	current	j135 — Harassment complaint with dual-tenant boundary
/Users/jasonlee/Developer/source/docs/user-journeys/j135-hr-handles-harassment-complaint-with-dual-tenant-boundary/story.md	guide	explanation	product	current	j135 — Maya files a harassment complaint; Priya investigates within the dual-tenant bounda
/Users/jasonlee/Developer/source/docs/user-journeys/j135-hr-handles-harassment-complaint-with-dual-tenant-boundary/ux-flow.md	guide	explanation	product	current	j135 — UX flow: Harassment complaint with dual-tenant boundary
/Users/jasonlee/Developer/source/docs/user-journeys/j136-hr-administers-benefits-open-enrollment/handshake.md	spec	reference	product	current	j136 — Handshake: 8-µservice annual benefits open enrollment
/Users/jasonlee/Developer/source/docs/user-journeys/j136-hr-administers-benefits-open-enrollment/integration-test-plan.md	spec	reference	product	current	j136 — Integration test plan: 5000-employee benefits open enrollment
/Users/jasonlee/Developer/source/docs/user-journeys/j136-hr-administers-benefits-open-enrollment/README.md	index	reference	product	current	j136 — Annual benefits open enrollment for 5,000 employees
/Users/jasonlee/Developer/source/docs/user-journeys/j136-hr-administers-benefits-open-enrollment/story.md	guide	explanation	product	likely-stale	j136 — Priya runs annual benefits open enrollment for 5,000 employees
/Users/jasonlee/Developer/source/docs/user-journeys/j136-hr-administers-benefits-open-enrollment/ux-flow.md	guide	explanation	product	current	j136 — UX flow: Annual benefits open enrollment
/Users/jasonlee/Developer/source/docs/user-journeys/j137-corporate-internal-audit-sox-controls-test/handshake.md	spec	reference	product	current	j137 — Handshake: µservice sequence for Sam's Q2 SOX 404 audit
/Users/jasonlee/Developer/source/docs/user-journeys/j137-corporate-internal-audit-sox-controls-test/integration-test-plan.md	spec	reference	product	current	j137 — Integration test plan: Sam's Q2 SOX 404 audit
/Users/jasonlee/Developer/source/docs/user-journeys/j137-corporate-internal-audit-sox-controls-test/README.md	index	reference	product	current	j137 — Sam Okafor's quarterly SOX 404 controls test
/Users/jasonlee/Developer/source/docs/user-journeys/j137-corporate-internal-audit-sox-controls-test/story.md	guide	explanation	product	current	j137 — Sam Okafor's Q2 2026 SOX 404 controls test
/Users/jasonlee/Developer/source/docs/user-journeys/j137-corporate-internal-audit-sox-controls-test/ux-flow.md	guide	explanation	product	current	j137 — UX flow: Sam's Q2 2026 SOX 404 audit
/Users/jasonlee/Developer/source/docs/user-journeys/j138-corporate-audit-fraud-investigation-via-pattern-detection/handshake.md	spec	reference	product	current	j138 — Handshake: detection-signal → investigation case → resolution
/Users/jasonlee/Developer/source/docs/user-journeys/j138-corporate-audit-fraud-investigation-via-pattern-detection/integration-test-plan.md	spec	reference	product	current	j138 — Integration test plan: AcmeWire fraud-pattern investigation
/Users/jasonlee/Developer/source/docs/user-journeys/j138-corporate-audit-fraud-investigation-via-pattern-detection/README.md	index	reference	product	current	j138 — Sam investigates payroll-fraud pattern surfaced by detection substrate
/Users/jasonlee/Developer/source/docs/user-journeys/j138-corporate-audit-fraud-investigation-via-pattern-detection/story.md	guide	explanation	product	current	j138 — Sam investigates the AcmeWire shell-vendor pattern
/Users/jasonlee/Developer/source/docs/user-journeys/j138-corporate-audit-fraud-investigation-via-pattern-detection/ux-flow.md	guide	explanation	product	current	j138 — UX flow: Sam's AcmeWire fraud investigation
/Users/jasonlee/Developer/source/docs/user-journeys/j139-internal-audit-policy-violation-cedar-permit-misuse/handshake.md	spec	reference	product	current	j139 — Handshake: Cedar scope-creep detection → investigation → remediation
/Users/jasonlee/Developer/source/docs/user-journeys/j139-internal-audit-policy-violation-cedar-permit-misuse/integration-test-plan.md	spec	reference	product	current	j139 — Integration test plan: Cedar scope-creep investigation
/Users/jasonlee/Developer/source/docs/user-journeys/j139-internal-audit-policy-violation-cedar-permit-misuse/README.md	index	reference	product	current	j139 — Sam detects Cedar permit over-scope misuse
/Users/jasonlee/Developer/source/docs/user-journeys/j139-internal-audit-policy-violation-cedar-permit-misuse/story.md	guide	explanation	product	current	j139 — Sam catches Cedar scope-creep by Kemi
/Users/jasonlee/Developer/source/docs/user-journeys/j139-internal-audit-policy-violation-cedar-permit-misuse/ux-flow.md	guide	explanation	product	current	j139 — UX flow: Sam's Cedar scope-creep investigation
/Users/jasonlee/Developer/source/docs/user-journeys/j14-delegated-llm-agent-acting-for-yejin/handshake.md	spec	reference	product	current	j14 - Handshake - Delegated LLM agent acting for Yejin
/Users/jasonlee/Developer/source/docs/user-journeys/j14-delegated-llm-agent-acting-for-yejin/integration-test-plan.md	spec	reference	product	current	j14 - Integration test plan - Delegated LLM agent acting for Yejin
/Users/jasonlee/Developer/source/docs/user-journeys/j14-delegated-llm-agent-acting-for-yejin/README.md	index	reference	product	current	j14 - Delegated LLM agent acting for Yejin
/Users/jasonlee/Developer/source/docs/user-journeys/j14-delegated-llm-agent-acting-for-yejin/story.md	guide	explanation	product	current	j14 - Story - Delegated LLM agent acting for Yejin
/Users/jasonlee/Developer/source/docs/user-journeys/j14-delegated-llm-agent-acting-for-yejin/ux-flow.md	guide	explanation	product	current	j14 - UX flow - Delegated LLM agent acting for Yejin
/Users/jasonlee/Developer/source/docs/user-journeys/j140-internal-audit-data-loss-prevention-egress-trip/handshake.md	spec	reference	product	current	j140 — Handshake: DLP trip → investigation → light-touch remediation
/Users/jasonlee/Developer/source/docs/user-journeys/j140-internal-audit-data-loss-prevention-egress-trip/integration-test-plan.md	spec	reference	product	current	j140 — Integration test plan: DLP egress trip investigation
/Users/jasonlee/Developer/source/docs/user-journeys/j140-internal-audit-data-loss-prevention-egress-trip/README.md	index	reference	product	current	j140 — Sam investigates DLP egress trip on source-code attempt
/Users/jasonlee/Developer/source/docs/user-journeys/j140-internal-audit-data-loss-prevention-egress-trip/story.md	guide	explanation	product	current	j140 — Sam investigates the DLP source-code egress trip
/Users/jasonlee/Developer/source/docs/user-journeys/j140-internal-audit-data-loss-prevention-egress-trip/ux-flow.md	guide	explanation	product	current	j140 — UX flow: Olusegun's DLP trip + Sam's investigation
/Users/jasonlee/Developer/source/docs/user-journeys/j141-internal-audit-respects-employee-personal-tenant-boundary/handshake.md	spec	reference	product	current	j141 — Internal Audit Respects Employee Personal Tenant Boundary
/Users/jasonlee/Developer/source/docs/user-journeys/j141-internal-audit-respects-employee-personal-tenant-boundary/integration-test-plan.md	spec	reference	product	current	j141 — Internal Audit Respects Employee Personal Tenant Boundary
/Users/jasonlee/Developer/source/docs/user-journeys/j141-internal-audit-respects-employee-personal-tenant-boundary/README.md	index	reference	product	current	j141 — The keystone worked-example — Sam respects the personal-tenant boundary
/Users/jasonlee/Developer/source/docs/user-journeys/j141-internal-audit-respects-employee-personal-tenant-boundary/story.md	guide	explanation	product	current	j141 — The keystone worked-example: Sam respects the boundary
/Users/jasonlee/Developer/source/docs/user-journeys/j141-internal-audit-respects-employee-personal-tenant-boundary/ux-flow.md	guide	explanation	product	current	j141 — Internal Audit Respects Employee Personal Tenant Boundary
/Users/jasonlee/Developer/source/docs/user-journeys/j142-layoff-day-zero-from-employees-side/handshake.md	spec	reference	product	current	j142 — Cross-µservice + cross-tenant handshake
/Users/jasonlee/Developer/source/docs/user-journeys/j142-layoff-day-zero-from-employees-side/integration-test-plan.md	spec	reference	product	current	j142 — Integration test plan
/Users/jasonlee/Developer/source/docs/user-journeys/j142-layoff-day-zero-from-employees-side/README.md	index	reference	product	likely-stale	j142 — Layoff Day Zero (Chris's POV)
/Users/jasonlee/Developer/source/docs/user-journeys/j142-layoff-day-zero-from-employees-side/story.md	guide	explanation	product	current	j142 — Chris gets the news (the employee POV mirror of j133)
/Users/jasonlee/Developer/source/docs/user-journeys/j142-layoff-day-zero-from-employees-side/ux-flow.md	guide	explanation	product	current	j142 — UX flow (screen-by-screen)
/Users/jasonlee/Developer/source/docs/user-journeys/j143-laid-off-imports-work-portfolio-into-personal-tenant/handshake.md	spec	reference	product	current	j143 — Cross-µservice handshake (export workflow)
/Users/jasonlee/Developer/source/docs/user-journeys/j143-laid-off-imports-work-portfolio-into-personal-tenant/integration-test-plan.md	spec	reference	product	current	j143 — Integration test plan
/Users/jasonlee/Developer/source/docs/user-journeys/j143-laid-off-imports-work-portfolio-into-personal-tenant/README.md	index	reference	product	current	j143 — Chris imports work-portfolio into personal tenant
/Users/jasonlee/Developer/source/docs/user-journeys/j143-laid-off-imports-work-portfolio-into-personal-tenant/story.md	guide	explanation	product	current	j143 — Chris imports his work portfolio into his personal tenant
/Users/jasonlee/Developer/source/docs/user-journeys/j143-laid-off-imports-work-portfolio-into-personal-tenant/ux-flow.md	guide	explanation	product	current	j143 — UX flow (export workflow + cross-tenant import)
/Users/jasonlee/Developer/source/docs/user-journeys/j144-laid-off-builds-job-search-pipeline-in-workflow-studio/handshake.md	spec	reference	product	current	j144 — Cross-µservice handshake (personal Workflow Studio job-search pipeline)
/Users/jasonlee/Developer/source/docs/user-journeys/j144-laid-off-builds-job-search-pipeline-in-workflow-studio/integration-test-plan.md	spec	reference	product	current	j144 — Integration test plan
/Users/jasonlee/Developer/source/docs/user-journeys/j144-laid-off-builds-job-search-pipeline-in-workflow-studio/README.md	index	reference	product	current	j144 — Chris builds his job-search pipeline in personal Workflow Studio
/Users/jasonlee/Developer/source/docs/user-journeys/j144-laid-off-builds-job-search-pipeline-in-workflow-studio/story.md	guide	explanation	product	current	j144 — Chris builds a job-search pipeline in his personal Workflow Studio
/Users/jasonlee/Developer/source/docs/user-journeys/j144-laid-off-builds-job-search-pipeline-in-workflow-studio/ux-flow.md	guide	explanation	product	current	j144 — UX flow (Workflow Studio job-search pipeline)
/Users/jasonlee/Developer/source/docs/user-journeys/j145-laid-off-applies-via-community-handshake-linkedin-mode/handshake.md	spec	reference	product	current	j145 — Cross-µservice handshake (cross-tenant onboarding)
/Users/jasonlee/Developer/source/docs/user-journeys/j145-laid-off-applies-via-community-handshake-linkedin-mode/integration-test-plan.md	spec	reference	product	current	j145 — Integration test plan
/Users/jasonlee/Developer/source/docs/user-journeys/j145-laid-off-applies-via-community-handshake-linkedin-mode/README.md	index	reference	product	current	j145 — Chris applies to KrampusCorp via Community (cross-tenant onboarding canonical)
/Users/jasonlee/Developer/source/docs/user-journeys/j145-laid-off-applies-via-community-handshake-linkedin-mode/story.md	guide	explanation	product	current	j145 — Chris applies to KrampusCorp via Community LinkedIn-mode + Handshake-mode
/Users/jasonlee/Developer/source/docs/user-journeys/j145-laid-off-applies-via-community-handshake-linkedin-mode/ux-flow.md	guide	explanation	product	current	j145 — UX flow (cross-tenant onboarding)
/Users/jasonlee/Developer/source/docs/user-journeys/j146-laid-off-uses-marketplace-as-temporary-income/handshake.md	spec	reference	product	current	j146 — Cross-µservice handshake (Marketplace seller flow)
/Users/jasonlee/Developer/source/docs/user-journeys/j146-laid-off-uses-marketplace-as-temporary-income/integration-test-plan.md	spec	reference	product	current	j146 — Integration test plan
/Users/jasonlee/Developer/source/docs/user-journeys/j146-laid-off-uses-marketplace-as-temporary-income/README.md	index	reference	product	current	j146 — Chris uses Marketplace for temporary income
/Users/jasonlee/Developer/source/docs/user-journeys/j146-laid-off-uses-marketplace-as-temporary-income/story.md	guide	explanation	product	current	j146 — Chris uses Marketplace as temporary income while job-searching
/Users/jasonlee/Developer/source/docs/user-journeys/j146-laid-off-uses-marketplace-as-temporary-income/ux-flow.md	guide	explanation	product	current	j146 — UX flow (Marketplace seller setup + 3 sales)
/Users/jasonlee/Developer/source/docs/user-journeys/j147-laid-off-cohort-mutual-aid-community-channel/handshake.md	spec	reference	product	current	j147 — Cross-µservice handshake (cohort)
/Users/jasonlee/Developer/source/docs/user-journeys/j147-laid-off-cohort-mutual-aid-community-channel/integration-test-plan.md	spec	reference	product	current	j147 — Integration test plan
/Users/jasonlee/Developer/source/docs/user-journeys/j147-laid-off-cohort-mutual-aid-community-channel/README.md	index	reference	product	current	j147 — The 200-laid-off cohort mutual-aid Community channel
/Users/jasonlee/Developer/source/docs/user-journeys/j147-laid-off-cohort-mutual-aid-community-channel/story.md	guide	explanation	product	current	j147 — The 200-laid-off cohort forms a private mutual-aid channel
/Users/jasonlee/Developer/source/docs/user-journeys/j147-laid-off-cohort-mutual-aid-community-channel/ux-flow.md	guide	explanation	product	current	j147 — UX flow (cohort mutual-aid channel)
/Users/jasonlee/Developer/source/docs/user-journeys/j148-supply-chain-circular-economy-electronics-recycling/handshake.md	spec	reference	product	current	j148 - Cross-service handshake for Circular economy electronics recycling supply chain
/Users/jasonlee/Developer/source/docs/user-journeys/j148-supply-chain-circular-economy-electronics-recycling/integration-test-plan.md	spec	reference	product	current	j148 - Integration test plan
/Users/jasonlee/Developer/source/docs/user-journeys/j148-supply-chain-circular-economy-electronics-recycling/README.md	index	reference	product	current	j148 - Circular economy electronics recycling supply chain
/Users/jasonlee/Developer/source/docs/user-journeys/j148-supply-chain-circular-economy-electronics-recycling/story.md	guide	explanation	product	current	j148 - Circular economy electronics recycling supply chain
/Users/jasonlee/Developer/source/docs/user-journeys/j148-supply-chain-circular-economy-electronics-recycling/ux-flow.md	guide	explanation	product	current	j148 - UX flow for Circular economy electronics recycling supply chain
/Users/jasonlee/Developer/source/docs/user-journeys/j149-gig-economy-multi-platform-worker/handshake.md	spec	reference	product	current	j149 - Cross-service handshake for Gig worker across three platform tenants
/Users/jasonlee/Developer/source/docs/user-journeys/j149-gig-economy-multi-platform-worker/integration-test-plan.md	spec	reference	product	current	j149 - Integration test plan
/Users/jasonlee/Developer/source/docs/user-journeys/j149-gig-economy-multi-platform-worker/README.md	index	reference	product	current	j149 - Gig worker across three platform tenants
/Users/jasonlee/Developer/source/docs/user-journeys/j149-gig-economy-multi-platform-worker/story.md	guide	explanation	product	current	j149 - Gig worker across three platform tenants
/Users/jasonlee/Developer/source/docs/user-journeys/j149-gig-economy-multi-platform-worker/ux-flow.md	guide	explanation	product	current	j149 - UX flow for Gig worker across three platform tenants
/Users/jasonlee/Developer/source/docs/user-journeys/j15-bug-bounty-researcher-submission/handshake.md	spec	reference	product	current	j15 - Handshake - Bug bounty researcher submission
/Users/jasonlee/Developer/source/docs/user-journeys/j15-bug-bounty-researcher-submission/integration-test-plan.md	spec	reference	product	current	j15 - Integration test plan - Bug bounty researcher submission
/Users/jasonlee/Developer/source/docs/user-journeys/j15-bug-bounty-researcher-submission/README.md	index	reference	product	current	j15 - Bug bounty researcher submission
/Users/jasonlee/Developer/source/docs/user-journeys/j15-bug-bounty-researcher-submission/story.md	guide	explanation	product	current	j15 - Story - Bug bounty researcher submission
/Users/jasonlee/Developer/source/docs/user-journeys/j15-bug-bounty-researcher-submission/ux-flow.md	guide	explanation	product	current	j15 - UX flow - Bug bounty researcher submission
/Users/jasonlee/Developer/source/docs/user-journeys/j150-creator-economy-shorts-creator-monetization-stack/handshake.md	spec	reference	product	current	j150 - Cross-service handshake for KOSA minor creator monetization stack
/Users/jasonlee/Developer/source/docs/user-journeys/j150-creator-economy-shorts-creator-monetization-stack/integration-test-plan.md	spec	reference	product	current	j150 - Integration test plan
/Users/jasonlee/Developer/source/docs/user-journeys/j150-creator-economy-shorts-creator-monetization-stack/README.md	index	reference	product	current	j150 - KOSA minor creator monetization stack
/Users/jasonlee/Developer/source/docs/user-journeys/j150-creator-economy-shorts-creator-monetization-stack/story.md	guide	explanation	product	current	j150 - KOSA minor creator monetization stack
/Users/jasonlee/Developer/source/docs/user-journeys/j150-creator-economy-shorts-creator-monetization-stack/ux-flow.md	guide	explanation	product	current	j150 - UX flow for KOSA minor creator monetization stack
/Users/jasonlee/Developer/source/docs/user-journeys/j151-captain-olufemi-typhoon-evacuation-and-co-op-cash-flow/README.md	index	reference	product	current	j151 — Captain Olufemi: Typhoon evacuation and co-op cash flow
/Users/jasonlee/Developer/source/docs/user-journeys/j152-ahmad-hassan-construction-site-incident-bilingual/handshake.md	spec	reference	product	current	j152 — Handshake matrix
/Users/jasonlee/Developer/source/docs/user-journeys/j152-ahmad-hassan-construction-site-incident-bilingual/integration-test-plan.md	spec	reference	product	current	j152 — Integration test plan
/Users/jasonlee/Developer/source/docs/user-journeys/j152-ahmad-hassan-construction-site-incident-bilingual/README.md	index	reference	product	current	j152 — Ahmad Hassan: Construction-site incident with bilingual reporting
/Users/jasonlee/Developer/source/docs/user-journeys/j152-ahmad-hassan-construction-site-incident-bilingual/story.md	guide	explanation	product	current	j152 — Story: Ahmad Hassan, 6th-floor deck, 14:37 PDT
/Users/jasonlee/Developer/source/docs/user-journeys/j152-ahmad-hassan-construction-site-incident-bilingual/ux-flow.md	guide	explanation	product	current	j152 — UX flow: Ahmad's DuraForce + Priya's desktop
/Users/jasonlee/Developer/source/docs/user-journeys/j153-devon-williams-hvac-side-business-tax-end-of-year/handshake.md	spec	reference	product	current	j153 — Handshake matrix
/Users/jasonlee/Developer/source/docs/user-journeys/j153-devon-williams-hvac-side-business-tax-end-of-year/integration-test-plan.md	spec	reference	product	current	j153 — Integration test plan
/Users/jasonlee/Developer/source/docs/user-journeys/j153-devon-williams-hvac-side-business-tax-end-of-year/README.md	index	reference	product	current	j153 — Devon Williams: HVAC side-business and tax year-end
/Users/jasonlee/Developer/source/docs/user-journeys/j153-devon-williams-hvac-side-business-tax-end-of-year/story.md	guide	explanation	product	current	j153 — Story: Devon Williams, kitchen table, Hayward CA, 19:42 PST
/Users/jasonlee/Developer/source/docs/user-journeys/j153-devon-williams-hvac-side-business-tax-end-of-year/ux-flow.md	guide	explanation	product	current	j153 — UX flow
/Users/jasonlee/Developer/source/docs/user-journeys/j154-tomas-pieter-channel-partner-co-marketing-launch/handshake.md	spec	reference	product	current	j154 — Handshake matrix
/Users/jasonlee/Developer/source/docs/user-journeys/j154-tomas-pieter-channel-partner-co-marketing-launch/integration-test-plan.md	spec	reference	product	current	j154 — Integration test plan
/Users/jasonlee/Developer/source/docs/user-journeys/j154-tomas-pieter-channel-partner-co-marketing-launch/README.md	index	reference	product	current	j154 — Tomas Pieter: Channel-partner co-marketing campaign launch
/Users/jasonlee/Developer/source/docs/user-journeys/j154-tomas-pieter-channel-partner-co-marketing-launch/story.md	guide	explanation	product	current	j154 — Story: Tomas Pieter, WeWork Weesperstraat, 14:11 CET
/Users/jasonlee/Developer/source/docs/user-journeys/j154-tomas-pieter-channel-partner-co-marketing-launch/ux-flow.md	guide	explanation	product	current	j154 — UX flow: Tomas's MacBook + Henrik's desktop + Esther's review
/Users/jasonlee/Developer/source/docs/user-journeys/j155-stefan-kovacs-college-night-shift-and-finals-week/handshake.md	spec	reference	product	current	j155 — Handshake matrix
/Users/jasonlee/Developer/source/docs/user-journeys/j155-stefan-kovacs-college-night-shift-and-finals-week/integration-test-plan.md	spec	reference	product	current	j155 — Integration test plan
/Users/jasonlee/Developer/source/docs/user-journeys/j155-stefan-kovacs-college-night-shift-and-finals-week/README.md	index	reference	product	current	j155 — Stefan Kovács: College finals week and the night shift
/Users/jasonlee/Developer/source/docs/user-journeys/j155-stefan-kovacs-college-night-shift-and-finals-week/story.md	guide	explanation	product	current	j155 — Story: Stefan Kovács, OSZK foyer guard desk, 21:48 CET Sunday
/Users/jasonlee/Developer/source/docs/user-journeys/j155-stefan-kovacs-college-night-shift-and-finals-week/ux-flow.md	guide	explanation	product	current	j155 — UX flow: Pixel 8a (OSZK) + IdeaPad (BME) + Dell Wyse kiosk
/Users/jasonlee/Developer/source/docs/user-journeys/j156-carlos-reyes-ii-maintenance-emergency-after-hours/handshake.md	spec	reference	product	current	j156 — Handshake matrix
/Users/jasonlee/Developer/source/docs/user-journeys/j156-carlos-reyes-ii-maintenance-emergency-after-hours/integration-test-plan.md	spec	reference	product	current	j156 — Integration test plan
/Users/jasonlee/Developer/source/docs/user-journeys/j156-carlos-reyes-ii-maintenance-emergency-after-hours/README.md	index	reference	product	current	j156 — Carlos Reyes II: 2:47 AM HVAC emergency at DC-PHX-3
/Users/jasonlee/Developer/source/docs/user-journeys/j156-carlos-reyes-ii-maintenance-emergency-after-hours/story.md	guide	explanation	product	current	j156 — Story: 2:47 AM Phoenix, the chiller-loop alarm
/Users/jasonlee/Developer/source/docs/user-journeys/j156-carlos-reyes-ii-maintenance-emergency-after-hours/ux-flow.md	guide	explanation	product	current	j156 — UX flow: 2:47 AM page → 09:05 MST signed-off
/Users/jasonlee/Developer/source/docs/user-journeys/j157-diana-lazar-print-operator-batch-defect-and-quality-recall/handshake.md	spec	reference	product	current	j157 — Handshake matrix
/Users/jasonlee/Developer/source/docs/user-journeys/j157-diana-lazar-print-operator-batch-defect-and-quality-recall/integration-test-plan.md	spec	reference	product	current	j157 — Integration test plan
/Users/jasonlee/Developer/source/docs/user-journeys/j157-diana-lazar-print-operator-batch-defect-and-quality-recall/README.md	index	reference	product	current	j157 — Diana Lazăr: batch defect mid-shift, full quality recall
/Users/jasonlee/Developer/source/docs/user-journeys/j157-diana-lazar-print-operator-batch-defect-and-quality-recall/story.md	guide	explanation	product	current	j157 — Story: 11:42 EET in Cluj-Napoca, the colorbar flickers
/Users/jasonlee/Developer/source/docs/user-journeys/j157-diana-lazar-print-operator-batch-defect-and-quality-recall/ux-flow.md	guide	explanation	product	current	j157 — UX flow: 11:42 EET defect → 20:17 EET handoff
/Users/jasonlee/Developer/source/docs/user-journeys/j158-print-shop-cell-rebalance-shorts-creator-spike/handshake.md	spec	reference	product	current	j158 — Handshake matrix
/Users/jasonlee/Developer/source/docs/user-journeys/j158-print-shop-cell-rebalance-shorts-creator-spike/integration-test-plan.md	spec	reference	product	current	j158 — Integration test plan
/Users/jasonlee/Developer/source/docs/user-journeys/j158-print-shop-cell-rebalance-shorts-creator-spike/README.md	index	reference	product	current	j158 — Print shop cell rebalance triggered by Hae-Won's shorts creator spike
/Users/jasonlee/Developer/source/docs/user-journeys/j158-print-shop-cell-rebalance-shorts-creator-spike/story.md	guide	explanation	product	current	j158 — Story: 14:18 KST Wednesday in Mapo-gu, the cell is groaning
/Users/jasonlee/Developer/source/docs/user-journeys/j158-print-shop-cell-rebalance-shorts-creator-spike/ux-flow.md	guide	explanation	product	current	j158 — UX flow: dual-tenant dashboard, disclosure bridge, cell rebalance
/Users/jasonlee/Developer/source/docs/user-journeys/j159-saanvi-mehta-mba-application-spans-personal-and-work/handshake.md	spec	reference	product	current	j159 — Handshake matrix
/Users/jasonlee/Developer/source/docs/user-journeys/j159-saanvi-mehta-mba-application-spans-personal-and-work/integration-test-plan.md	spec	reference	product	current	j159 — Integration test plan
/Users/jasonlee/Developer/source/docs/user-journeys/j159-saanvi-mehta-mba-application-spans-personal-and-work/README.md	index	reference	product	current	j159 — Saanvi Mehta: MBA application straddling personal and work tenants
/Users/jasonlee/Developer/source/docs/user-journeys/j159-saanvi-mehta-mba-application-spans-personal-and-work/story.md	guide	explanation	product	current	j159 — Story: 21:47 IST in Indiranagar, the cursor blinks on essay 1 of 5
/Users/jasonlee/Developer/source/docs/user-journeys/j159-saanvi-mehta-mba-application-spans-personal-and-work/ux-flow.md	guide	explanation	product	current	j159 — UX flow: 16-day dual-tenant MBA Round 2 application
/Users/jasonlee/Developer/source/docs/user-journeys/j16-disability-accommodation-voice-only-signup/handshake.md	spec	reference	product	current	j16 - Handshake - Voice-only disability accommodation signup
/Users/jasonlee/Developer/source/docs/user-journeys/j16-disability-accommodation-voice-only-signup/integration-test-plan.md	spec	reference	product	current	j16 - Integration test plan - Voice-only disability accommodation signup
/Users/jasonlee/Developer/source/docs/user-journeys/j16-disability-accommodation-voice-only-signup/README.md	index	reference	product	current	j16 - Voice-only disability accommodation signup
/Users/jasonlee/Developer/source/docs/user-journeys/j16-disability-accommodation-voice-only-signup/story.md	guide	explanation	product	current	j16 - Story - Voice-only disability accommodation signup
/Users/jasonlee/Developer/source/docs/user-journeys/j16-disability-accommodation-voice-only-signup/ux-flow.md	guide	explanation	product	current	j16 - UX flow - Voice-only disability accommodation signup
/Users/jasonlee/Developer/source/docs/user-journeys/j160-cleaning-co-tomas-horak-bid-cross-tenant-and-onboard/handshake.md	spec	reference	product	current	j160 — Handshake matrix
/Users/jasonlee/Developer/source/docs/user-journeys/j160-cleaning-co-tomas-horak-bid-cross-tenant-and-onboard/integration-test-plan.md	spec	reference	product	current	j160 — Integration test plan
/Users/jasonlee/Developer/source/docs/user-journeys/j160-cleaning-co-tomas-horak-bid-cross-tenant-and-onboard/README.md	index	reference	product	current	j160 — Tomáš Horák: cleaning-co bid → award → crew onboarding cascade
/Users/jasonlee/Developer/source/docs/user-journeys/j160-cleaning-co-tomas-horak-bid-cross-tenant-and-onboard/story.md	guide	explanation	product	current	j160 — Story: 14:42 CET in Plzeň-Skvrňany, a bid lands in the depot
/Users/jasonlee/Developer/source/docs/user-journeys/j160-cleaning-co-tomas-horak-bid-cross-tenant-and-onboard/ux-flow.md	guide	explanation	product	current	j160 — UX flow: 81-day cross-tenant bid → onboard cascade
/Users/jasonlee/Developer/source/docs/user-journeys/j161-cafeteria-soyeon-kim-allergen-recall-and-school-coordination/handshake.md	spec	reference	product	current	j161 — Handshake matrix
/Users/jasonlee/Developer/source/docs/user-journeys/j161-cafeteria-soyeon-kim-allergen-recall-and-school-coordination/integration-test-plan.md	spec	reference	product	current	j161 — Integration test plan
/Users/jasonlee/Developer/source/docs/user-journeys/j161-cafeteria-soyeon-kim-allergen-recall-and-school-coordination/README.md	index	reference	product	current	j161 — Soyeon Kim: peanut allergen detected mid-service, full recall + parent broadcast
/Users/jasonlee/Developer/source/docs/user-journeys/j161-cafeteria-soyeon-kim-allergen-recall-and-school-coordination/story.md	guide	explanation	product	current	j161 — Story: 12:14 KST in Seonhwa Elementary cafeteria, a radio crackles
/Users/jasonlee/Developer/source/docs/user-journeys/j161-cafeteria-soyeon-kim-allergen-recall-and-school-coordination/ux-flow.md	guide	explanation	product	current	j161 — UX flow: 12:14 KST alert → 16:48 KST May 21 closure
/Users/jasonlee/Developer/source/docs/user-journeys/j162-print-operator-diana-lazar-night-shift-onboarding/handshake.md	spec	reference	product	current	j162 — Handshake matrix
/Users/jasonlee/Developer/source/docs/user-journeys/j162-print-operator-diana-lazar-night-shift-onboarding/integration-test-plan.md	spec	reference	product	current	j162 — Integration test plan
/Users/jasonlee/Developer/source/docs/user-journeys/j162-print-operator-diana-lazar-night-shift-onboarding/README.md	index	reference	product	current	j162 — Diana Lazăr: first solo night-shift, learning-management gate + workplace-integrati
/Users/jasonlee/Developer/source/docs/user-journeys/j162-print-operator-diana-lazar-night-shift-onboarding/story.md	guide	explanation	product	current	j162 — Story: 21:18 EET in the pressroom, Vladimir watches
/Users/jasonlee/Developer/source/docs/user-journeys/j162-print-operator-diana-lazar-night-shift-onboarding/ux-flow.md	guide	explanation	product	current	j162 — UX flow: 6-day final-onboarding-phase + first solo night-shift
/Users/jasonlee/Developer/source/docs/user-journeys/j163-av-coordinator-jordan-park-board-meeting-cross-time-zone/handshake.md	spec	reference	product	current	j163 — Handshake matrix
/Users/jasonlee/Developer/source/docs/user-journeys/j163-av-coordinator-jordan-park-board-meeting-cross-time-zone/integration-test-plan.md	spec	reference	product	current	j163 — Integration test plan
/Users/jasonlee/Developer/source/docs/user-journeys/j163-av-coordinator-jordan-park-board-meeting-cross-time-zone/README.md	index	reference	product	current	j163 — Jordan Park drives a 4-region board meeting through SFU pre-flight, recording compl
/Users/jasonlee/Developer/source/docs/user-journeys/j163-av-coordinator-jordan-park-board-meeting-cross-time-zone/story.md	guide	explanation	product	current	j163 — Story: 06:42 EST Wednesday, five time zones in one room
/Users/jasonlee/Developer/source/docs/user-journeys/j163-av-coordinator-jordan-park-board-meeting-cross-time-zone/ux-flow.md	guide	explanation	product	current	j163 — UX flow: AV operator console, consent matrix, captioning monitor, archival
/Users/jasonlee/Developer/source/docs/user-journeys/j164-retired-hiroshi-tanaka-yearly-tax-and-pension/handshake.md	spec	reference	product	current	j164 — Handshake matrix
/Users/jasonlee/Developer/source/docs/user-journeys/j164-retired-hiroshi-tanaka-yearly-tax-and-pension/integration-test-plan.md	spec	reference	product	current	j164 — Integration test plan
/Users/jasonlee/Developer/source/docs/user-journeys/j164-retired-hiroshi-tanaka-yearly-tax-and-pension/README.md	index	reference	product	current	j164 — Hiroshi Tanaka reconciles his FY2026 tax + pension with assistive tech
/Users/jasonlee/Developer/source/docs/user-journeys/j164-retired-hiroshi-tanaka-yearly-tax-and-pension/story.md	guide	explanation	product	current	j164 — Story: 09:14 JST Saturday in Kurashiki, the kotatsu and the tax form
/Users/jasonlee/Developer/source/docs/user-journeys/j164-retired-hiroshi-tanaka-yearly-tax-and-pension/ux-flow.md	guide	explanation	product	current	j164 — UX flow: TalkBack-first, voice navigation, high-contrast, large-text
/Users/jasonlee/Developer/source/docs/user-journeys/j165-cco-naveen-iyer-board-quarterly-compliance-report/handshake.md	spec	reference	product	current	j165 — Handshake matrix
/Users/jasonlee/Developer/source/docs/user-journeys/j165-cco-naveen-iyer-board-quarterly-compliance-report/integration-test-plan.md	spec	reference	product	current	j165 — Integration test plan
/Users/jasonlee/Developer/source/docs/user-journeys/j165-cco-naveen-iyer-board-quarterly-compliance-report/README.md	index	reference	product	current	j165 — CCO Naveen Iyer assembles the Q1-2027 board compliance report across 8 packs
/Users/jasonlee/Developer/source/docs/user-journeys/j165-cco-naveen-iyer-board-quarterly-compliance-report/story.md	guide	explanation	product	current	j165 — Story: 06:18 EDT Thursday April 8, the Q1 compliance report begins
/Users/jasonlee/Developer/source/docs/user-journeys/j165-cco-naveen-iyer-board-quarterly-compliance-report/ux-flow.md	guide	explanation	product	current	j165 — UX flow: GRC console, cross-pack canvas, workflow state-machine, Merkle anchor
/Users/jasonlee/Developer/source/docs/user-journeys/j166-cso-mira-goldberg-strategic-acquisition-go-no-go/handshake.md	spec	reference	product	current	j166 — Handshake matrix
/Users/jasonlee/Developer/source/docs/user-journeys/j166-cso-mira-goldberg-strategic-acquisition-go-no-go/integration-test-plan.md	spec	reference	product	current	j166 — Integration test plan
/Users/jasonlee/Developer/source/docs/user-journeys/j166-cso-mira-goldberg-strategic-acquisition-go-no-go/README.md	index	reference	product	likely-stale	j166 — CSO Mira Goldberg drives a $186M acquisition go/no-go decision in 9 days
/Users/jasonlee/Developer/source/docs/user-journeys/j166-cso-mira-goldberg-strategic-acquisition-go-no-go/story.md	guide	explanation	product	current	j166 — Story: May 15 07:42 EDT Friday, the 9-day countdown begins
/Users/jasonlee/Developer/source/docs/user-journeys/j166-cso-mira-goldberg-strategic-acquisition-go-no-go/ux-flow.md	guide	explanation	product	current	j166 — UX flow: M&A console, NDA channel, ML scenarios, pack cross-check, board vote
/Users/jasonlee/Developer/source/docs/user-journeys/j167-cto-diego-vargas-platform-major-version-cutover/handshake.md	spec	reference	product	current	j167 — Handshake: per-µservice cross-tenant API surface
/Users/jasonlee/Developer/source/docs/user-journeys/j167-cto-diego-vargas-platform-major-version-cutover/integration-test-plan.md	spec	reference	product	current	j167 — Integration test plan: cohort gates + rollback + sunset
/Users/jasonlee/Developer/source/docs/user-journeys/j167-cto-diego-vargas-platform-major-version-cutover/README.md	index	reference	product	current	j167 — CTO Diego Vargas: platform v3.0 → v4.0 cutover with staged rollout
/Users/jasonlee/Developer/source/docs/user-journeys/j167-cto-diego-vargas-platform-major-version-cutover/story.md	guide	explanation	product	current	j167 — Story: 07:42 CDT in Torre Manacar, the v4 dashboard turns green
/Users/jasonlee/Developer/source/docs/user-journeys/j167-cto-diego-vargas-platform-major-version-cutover/ux-flow.md	guide	explanation	product	current	j167 — UX flow: cutover dashboard screens + Cedar permit modal + war-room console
/Users/jasonlee/Developer/source/docs/user-journeys/j168-coo-akira-watanabe-quarterly-ops-review-and-incident-debrief/handshake.md	spec	reference	product	current	j168 — Handshake: per-µservice cross-tenant API surface
/Users/jasonlee/Developer/source/docs/user-journeys/j168-coo-akira-watanabe-quarterly-ops-review-and-incident-debrief/integration-test-plan.md	spec	reference	product	current	j168 — Integration test plan
/Users/jasonlee/Developer/source/docs/user-journeys/j168-coo-akira-watanabe-quarterly-ops-review-and-incident-debrief/README.md	index	reference	product	current	j168 — COO Akira Watanabe: Q4-2026 quarterly ops review + APAC-Tokyo SEV-2 debrief
/Users/jasonlee/Developer/source/docs/user-journeys/j168-coo-akira-watanabe-quarterly-ops-review-and-incident-debrief/story.md	guide	explanation	product	current	j168 — Story: 06:42 JST in Tamachi, the quarterly review opens
/Users/jasonlee/Developer/source/docs/user-journeys/j168-coo-akira-watanabe-quarterly-ops-review-and-incident-debrief/ux-flow.md	guide	explanation	product	current	j168 — UX flow: ops dashboard + 5-Whys form + capex Cedar modal
/Users/jasonlee/Developer/source/docs/user-journeys/j169-cmo-felix-ng-multi-country-launch-with-locale-pack/handshake.md	spec	reference	product	current	j169 — Handshake: per-µservice cross-tenant API surface
/Users/jasonlee/Developer/source/docs/user-journeys/j169-cmo-felix-ng-multi-country-launch-with-locale-pack/integration-test-plan.md	spec	reference	product	current	j169 — Integration test plan
/Users/jasonlee/Developer/source/docs/user-journeys/j169-cmo-felix-ng-multi-country-launch-with-locale-pack/README.md	index	reference	product	current	j169 — CMO Felix Ng: ASEAN-6 multi-country product launch with locale-pack overlay
/Users/jasonlee/Developer/source/docs/user-journeys/j169-cmo-felix-ng-multi-country-launch-with-locale-pack/story.md	guide	explanation	product	current	j169 — Story: 08:42 SGT in Capital Tower, 14 days to ASEAN-6 launch
/Users/jasonlee/Developer/source/docs/user-journeys/j169-cmo-felix-ng-multi-country-launch-with-locale-pack/ux-flow.md	guide	explanation	product	current	j169 — UX flow: launch dashboard + content QA + per-country subscriber signup
/Users/jasonlee/Developer/source/docs/user-journeys/j17-activist-dissident-high-risk-mode/handshake.md	spec	reference	product	current	j17 - Handshake - Activist dissident high-risk mode
/Users/jasonlee/Developer/source/docs/user-journeys/j17-activist-dissident-high-risk-mode/integration-test-plan.md	spec	reference	product	current	j17 - Integration test plan - Activist dissident high-risk mode
/Users/jasonlee/Developer/source/docs/user-journeys/j17-activist-dissident-high-risk-mode/README.md	index	reference	product	current	j17 - Activist dissident high-risk mode
/Users/jasonlee/Developer/source/docs/user-journeys/j17-activist-dissident-high-risk-mode/story.md	guide	explanation	product	current	j17 - Story - Activist dissident high-risk mode
/Users/jasonlee/Developer/source/docs/user-journeys/j17-activist-dissident-high-risk-mode/ux-flow.md	guide	explanation	product	current	j17 - UX flow - Activist dissident high-risk mode
/Users/jasonlee/Developer/source/docs/user-journeys/j170-aiko-brown-sustainability-report-and-scope-3-supply-chain/handshake.md	spec	reference	product	current	j170 — Handshake: per-µservice cross-tenant API surface
/Users/jasonlee/Developer/source/docs/user-journeys/j170-aiko-brown-sustainability-report-and-scope-3-supply-chain/integration-test-plan.md	spec	reference	product	current	j170 — Integration test plan
/Users/jasonlee/Developer/source/docs/user-journeys/j170-aiko-brown-sustainability-report-and-scope-3-supply-chain/README.md	index	reference	product	current	j170 — Aiko Brown: annual Scope-1+2+3 emissions report with Scope-3 supply-chain ingest
/Users/jasonlee/Developer/source/docs/user-journeys/j170-aiko-brown-sustainability-report-and-scope-3-supply-chain/story.md	guide	explanation	product	current	j170 — Story: 07:42 EDT in the Halle Building, the emissions report begins
/Users/jasonlee/Developer/source/docs/user-journeys/j170-aiko-brown-sustainability-report-and-scope-3-supply-chain/ux-flow.md	guide	explanation	product	current	j170 — UX flow: emissions workflow + supplier-data exchange + multi-framework composer
/Users/jasonlee/Developer/source/docs/user-journeys/j171-felix-tan-ombudsperson-cross-tenant-mediation-with-privilege/handshake.md	spec	reference	product	current	j171 — Handshake matrix
/Users/jasonlee/Developer/source/docs/user-journeys/j171-felix-tan-ombudsperson-cross-tenant-mediation-with-privilege/integration-test-plan.md	spec	reference	product	current	j171 — Integration test plan
/Users/jasonlee/Developer/source/docs/user-journeys/j171-felix-tan-ombudsperson-cross-tenant-mediation-with-privilege/README.md	index	reference	product	current	j171 — Ombudsperson Felix Tan handles a harassment allegation against a VP across employee
/Users/jasonlee/Developer/source/docs/user-journeys/j171-felix-tan-ombudsperson-cross-tenant-mediation-with-privilege/story.md	guide	explanation	product	current	j171 — Story: Felix Tan opens the harassment complaint at 09:14 SGT Monday
/Users/jasonlee/Developer/source/docs/user-journeys/j171-felix-tan-ombudsperson-cross-tenant-mediation-with-privilege/ux-flow.md	guide	explanation	product	current	j171 — UX flow: ombuds intake console, privileged dyad channel, WORM evidence, community-a
/Users/jasonlee/Developer/source/docs/user-journeys/j172-lev-kahn-investor-relations-shareholder-meeting-livestream/handshake.md	spec	reference	product	current	j172 — Handshake matrix
/Users/jasonlee/Developer/source/docs/user-journeys/j172-lev-kahn-investor-relations-shareholder-meeting-livestream/integration-test-plan.md	spec	reference	product	current	j172 — Integration test plan
/Users/jasonlee/Developer/source/docs/user-journeys/j172-lev-kahn-investor-relations-shareholder-meeting-livestream/README.md	index	reference	product	current	j172 — IR Director Lev Kahn runs the Helios Industries AGM livestream for 12,400 sharehold
/Users/jasonlee/Developer/source/docs/user-journeys/j172-lev-kahn-investor-relations-shareholder-meeting-livestream/story.md	guide	explanation	product	current	j172 — Story: Lev Kahn opens the Helios FY2026 AGM at 09:30 EDT for 12,400 shareholders
/Users/jasonlee/Developer/source/docs/user-journeys/j172-lev-kahn-investor-relations-shareholder-meeting-livestream/ux-flow.md	guide	explanation	product	current	j172 — UX flow: IR command console, livestream operator, Q&A queue, vote tally dashboard,
/Users/jasonlee/Developer/source/docs/user-journeys/j173-aamir-khan-wealth-manager-multi-jurisdictional-trust-restructure/handshake.md	spec	reference	product	current	j173 — Handshake matrix
/Users/jasonlee/Developer/source/docs/user-journeys/j173-aamir-khan-wealth-manager-multi-jurisdictional-trust-restructure/integration-test-plan.md	spec	reference	product	current	j173 — Integration test plan
/Users/jasonlee/Developer/source/docs/user-journeys/j173-aamir-khan-wealth-manager-multi-jurisdictional-trust-restructure/README.md	index	reference	product	current	j173 — Wealth Manager Aamir Khan restructures a $340M HNW family trust across UK + UAE + S
/Users/jasonlee/Developer/source/docs/user-journeys/j173-aamir-khan-wealth-manager-multi-jurisdictional-trust-restructure/story.md	guide	explanation	product	current	j173 — Story: Aamir Khan opens the Al-Maktoum-Hartington-Tan trust restructure at 06:42 GS
/Users/jasonlee/Developer/source/docs/user-journeys/j173-aamir-khan-wealth-manager-multi-jurisdictional-trust-restructure/ux-flow.md	guide	explanation	product	current	j173 — UX flow: wealth-management cockpit, CLM document workspace, payments + sanctions sc
/Users/jasonlee/Developer/source/docs/user-journeys/j174-sven-eriksson-treasury-eod-position-reconciliation/handshake.md	spec	reference	product	current	j174 — Handshake matrix
/Users/jasonlee/Developer/source/docs/user-journeys/j174-sven-eriksson-treasury-eod-position-reconciliation/integration-test-plan.md	spec	reference	product	current	j174 — Integration test plan
/Users/jasonlee/Developer/source/docs/user-journeys/j174-sven-eriksson-treasury-eod-position-reconciliation/README.md	index	reference	product	current	j174 — Treasury Ops Sven Eriksson runs EOD position reconciliation across 47 bank accounts
/Users/jasonlee/Developer/source/docs/user-journeys/j174-sven-eriksson-treasury-eod-position-reconciliation/story.md	guide	explanation	product	current	j174 — Story: Sven Eriksson opens EOD at 14:48 CEST Thursday May 20
/Users/jasonlee/Developer/source/docs/user-journeys/j174-sven-eriksson-treasury-eod-position-reconciliation/ux-flow.md	guide	explanation	product	current	j174 — UX flow: treasury cockpit, cash-position dashboard, FX delta-hedge panel, intercomp
/Users/jasonlee/Developer/source/docs/user-journeys/j175-aanya-kapoor-LP-portfolio-tax-and-K1-distribution/handshake.md	spec	reference	product	current	j175 — Handshake matrix
/Users/jasonlee/Developer/source/docs/user-journeys/j175-aanya-kapoor-LP-portfolio-tax-and-K1-distribution/integration-test-plan.md	spec	reference	product	current	j175 — Integration test plan
/Users/jasonlee/Developer/source/docs/user-journeys/j175-aanya-kapoor-LP-portfolio-tax-and-K1-distribution/README.md	index	reference	product	current	j175 — LP Aanya Kapoor reconciles K-1 distributions from 4 venture/PE funds for FY2026 tax
/Users/jasonlee/Developer/source/docs/user-journeys/j175-aanya-kapoor-LP-portfolio-tax-and-K1-distribution/story.md	guide	explanation	product	current	j175 — Story: Aanya Kapoor sits down with her 4 K-1s on Wednesday May 20 at 19:48 PDT
/Users/jasonlee/Developer/source/docs/user-journeys/j175-aanya-kapoor-LP-portfolio-tax-and-K1-distribution/ux-flow.md	guide	explanation	product	current	j175 — UX flow: LP cockpit, per-fund capital account drilldown, tax-character categorizati
/Users/jasonlee/Developer/source/docs/user-journeys/j176-migration-from-sap-s4hana-to-oyatie-finance-month-1/handshake.md	spec	reference	product	current	j176-migration-from-sap-s4hana-to-oyatie-finance-month-1 handshake - cross-µservice and ve
/Users/jasonlee/Developer/source/docs/user-journeys/j176-migration-from-sap-s4hana-to-oyatie-finance-month-1/integration-test-plan.md	spec	reference	product	current	j176-migration-from-sap-s4hana-to-oyatie-finance-month-1 integration test plan
/Users/jasonlee/Developer/source/docs/user-journeys/j176-migration-from-sap-s4hana-to-oyatie-finance-month-1/README.md	index	reference	product	current	j176-migration-from-sap-s4hana-to-oyatie-finance-month-1 - SAP S/4HANA to Oyatie Finance m
/Users/jasonlee/Developer/source/docs/user-journeys/j176-migration-from-sap-s4hana-to-oyatie-finance-month-1/story.md	guide	explanation	product	current	j176-migration-from-sap-s4hana-to-oyatie-finance-month-1 story - SAP S/4HANA to Oyatie Fin
/Users/jasonlee/Developer/source/docs/user-journeys/j176-migration-from-sap-s4hana-to-oyatie-finance-month-1/ux-flow.md	guide	explanation	product	current	j176-migration-from-sap-s4hana-to-oyatie-finance-month-1 UX flow - migration tool screens,
/Users/jasonlee/Developer/source/docs/user-journeys/j177-migration-from-salesforce-sales-cloud-to-oyatie-crm/handshake.md	spec	reference	product	current	j177-migration-from-salesforce-sales-cloud-to-oyatie-crm handshake - cross-µservice and ve
/Users/jasonlee/Developer/source/docs/user-journeys/j177-migration-from-salesforce-sales-cloud-to-oyatie-crm/integration-test-plan.md	spec	reference	product	current	j177-migration-from-salesforce-sales-cloud-to-oyatie-crm integration test plan
/Users/jasonlee/Developer/source/docs/user-journeys/j177-migration-from-salesforce-sales-cloud-to-oyatie-crm/README.md	index	reference	product	current	j177-migration-from-salesforce-sales-cloud-to-oyatie-crm - Salesforce Sales Cloud to Oyati
/Users/jasonlee/Developer/source/docs/user-journeys/j177-migration-from-salesforce-sales-cloud-to-oyatie-crm/story.md	guide	explanation	product	current	j177-migration-from-salesforce-sales-cloud-to-oyatie-crm story - Salesforce Sales Cloud to
/Users/jasonlee/Developer/source/docs/user-journeys/j177-migration-from-salesforce-sales-cloud-to-oyatie-crm/ux-flow.md	guide	explanation	product	current	j177-migration-from-salesforce-sales-cloud-to-oyatie-crm UX flow - migration tool screens,
/Users/jasonlee/Developer/source/docs/user-journeys/j178-migration-from-workday-hcm-to-oyatie-workforce/handshake.md	spec	reference	product	current	j178-migration-from-workday-hcm-to-oyatie-workforce handshake - cross-µservice and vendor
/Users/jasonlee/Developer/source/docs/user-journeys/j178-migration-from-workday-hcm-to-oyatie-workforce/integration-test-plan.md	spec	reference	product	current	j178-migration-from-workday-hcm-to-oyatie-workforce integration test plan
/Users/jasonlee/Developer/source/docs/user-journeys/j178-migration-from-workday-hcm-to-oyatie-workforce/README.md	index	reference	product	current	j178-migration-from-workday-hcm-to-oyatie-workforce - Workday HCM to Oyatie Workforce cuto
/Users/jasonlee/Developer/source/docs/user-journeys/j178-migration-from-workday-hcm-to-oyatie-workforce/story.md	guide	explanation	product	current	j178-migration-from-workday-hcm-to-oyatie-workforce story - Workday HCM to Oyatie Workforc
/Users/jasonlee/Developer/source/docs/user-journeys/j178-migration-from-workday-hcm-to-oyatie-workforce/ux-flow.md	guide	explanation	product	current	j178-migration-from-workday-hcm-to-oyatie-workforce UX flow - migration tool screens, dash
/Users/jasonlee/Developer/source/docs/user-journeys/j179-migration-from-servicenow-itsm-to-oyatie-itsm/handshake.md	spec	reference	product	current	j179-migration-from-servicenow-itsm-to-oyatie-itsm handshake - cross-µservice and vendor A
/Users/jasonlee/Developer/source/docs/user-journeys/j179-migration-from-servicenow-itsm-to-oyatie-itsm/integration-test-plan.md	spec	reference	product	current	j179-migration-from-servicenow-itsm-to-oyatie-itsm integration test plan
/Users/jasonlee/Developer/source/docs/user-journeys/j179-migration-from-servicenow-itsm-to-oyatie-itsm/README.md	index	reference	product	current	j179-migration-from-servicenow-itsm-to-oyatie-itsm - ServiceNow ITSM to Oyatie ITSM cutove
/Users/jasonlee/Developer/source/docs/user-journeys/j179-migration-from-servicenow-itsm-to-oyatie-itsm/story.md	guide	explanation	product	current	j179-migration-from-servicenow-itsm-to-oyatie-itsm story - ServiceNow ITSM to Oyatie ITSM
/Users/jasonlee/Developer/source/docs/user-journeys/j179-migration-from-servicenow-itsm-to-oyatie-itsm/ux-flow.md	guide	explanation	product	current	j179-migration-from-servicenow-itsm-to-oyatie-itsm UX flow - migration tool screens, dashb
/Users/jasonlee/Developer/source/docs/user-journeys/j18-child-safety-mandatory-reporter/handshake.md	spec	reference	product	current	j18 - Handshake - Child safety mandatory reporter
/Users/jasonlee/Developer/source/docs/user-journeys/j18-child-safety-mandatory-reporter/integration-test-plan.md	spec	reference	product	current	j18 - Integration test plan - Child safety mandatory reporter
/Users/jasonlee/Developer/source/docs/user-journeys/j18-child-safety-mandatory-reporter/README.md	index	reference	product	current	j18 - Child safety mandatory reporter
/Users/jasonlee/Developer/source/docs/user-journeys/j18-child-safety-mandatory-reporter/story.md	guide	explanation	product	current	j18 - Story - Child safety mandatory reporter
/Users/jasonlee/Developer/source/docs/user-journeys/j18-child-safety-mandatory-reporter/ux-flow.md	guide	explanation	product	current	j18 - UX flow - Child safety mandatory reporter
/Users/jasonlee/Developer/source/docs/user-journeys/j180-migration-from-atlassian-jira-confluence-to-oyatie-workspace/handshake.md	spec	reference	product	current	j180-migration-from-atlassian-jira-confluence-to-oyatie-workspace handshake - cross-µservi
/Users/jasonlee/Developer/source/docs/user-journeys/j180-migration-from-atlassian-jira-confluence-to-oyatie-workspace/integration-test-plan.md	spec	reference	product	current	j180-migration-from-atlassian-jira-confluence-to-oyatie-workspace integration test plan
/Users/jasonlee/Developer/source/docs/user-journeys/j180-migration-from-atlassian-jira-confluence-to-oyatie-workspace/README.md	index	reference	product	current	j180-migration-from-atlassian-jira-confluence-to-oyatie-workspace - Atlassian Jira and Con
/Users/jasonlee/Developer/source/docs/user-journeys/j180-migration-from-atlassian-jira-confluence-to-oyatie-workspace/story.md	guide	explanation	product	current	j180-migration-from-atlassian-jira-confluence-to-oyatie-workspace story - Atlassian Jira a
/Users/jasonlee/Developer/source/docs/user-journeys/j180-migration-from-atlassian-jira-confluence-to-oyatie-workspace/ux-flow.md	guide	explanation	product	current	j180-migration-from-atlassian-jira-confluence-to-oyatie-workspace UX flow - migration tool
/Users/jasonlee/Developer/source/docs/user-journeys/j19-tenant-break-glass-locked-out-tenant-admin/handshake.md	spec	reference	product	current	j19 - Handshake - Tenant break-glass for locked-out admin
/Users/jasonlee/Developer/source/docs/user-journeys/j19-tenant-break-glass-locked-out-tenant-admin/integration-test-plan.md	spec	reference	product	current	j19 - Integration test plan - Tenant break-glass for locked-out admin
/Users/jasonlee/Developer/source/docs/user-journeys/j19-tenant-break-glass-locked-out-tenant-admin/README.md	index	reference	product	current	j19 - Tenant break-glass for locked-out admin
/Users/jasonlee/Developer/source/docs/user-journeys/j19-tenant-break-glass-locked-out-tenant-admin/story.md	guide	explanation	product	current	j19 - Story - Tenant break-glass for locked-out admin
/Users/jasonlee/Developer/source/docs/user-journeys/j19-tenant-break-glass-locked-out-tenant-admin/ux-flow.md	guide	explanation	product	current	j19 - UX flow - Tenant break-glass for locked-out admin
/Users/jasonlee/Developer/source/docs/user-journeys/j20-data-residency-violation-detection/handshake.md	spec	reference	product	current	j20 - Handshake - Data residency violation detection
/Users/jasonlee/Developer/source/docs/user-journeys/j20-data-residency-violation-detection/integration-test-plan.md	spec	reference	product	current	j20 - Integration test plan - Data residency violation detection
/Users/jasonlee/Developer/source/docs/user-journeys/j20-data-residency-violation-detection/README.md	index	reference	product	current	j20 - Data residency violation detection
/Users/jasonlee/Developer/source/docs/user-journeys/j20-data-residency-violation-detection/story.md	guide	explanation	product	current	j20 - Story - Data residency violation detection
/Users/jasonlee/Developer/source/docs/user-journeys/j20-data-residency-violation-detection/ux-flow.md	guide	explanation	product	current	j20 - UX flow - Data residency violation detection
/Users/jasonlee/Developer/source/docs/user-journeys/j21-personal-signup-passkey-first-dm/handshake.md	spec	reference	product	current	Handshake - Personal signup passkey first DM
/Users/jasonlee/Developer/source/docs/user-journeys/j21-personal-signup-passkey-first-dm/integration-test-plan.md	spec	reference	product	current	Integration Test Plan - Personal signup passkey first DM
/Users/jasonlee/Developer/source/docs/user-journeys/j21-personal-signup-passkey-first-dm/README.md	index	reference	product	current	j21 - Personal signup passkey first DM
/Users/jasonlee/Developer/source/docs/user-journeys/j21-personal-signup-passkey-first-dm/story.md	guide	explanation	product	current	Story - Personal signup passkey first DM
/Users/jasonlee/Developer/source/docs/user-journeys/j21-personal-signup-passkey-first-dm/ux-flow.md	guide	explanation	product	current	UX Flow - Personal signup passkey first DM
/Users/jasonlee/Developer/source/docs/user-journeys/j22-personal-mail-inbox-first-week/handshake.md	spec	reference	product	current	Handshake - Personal Mail first week inbox control
/Users/jasonlee/Developer/source/docs/user-journeys/j22-personal-mail-inbox-first-week/integration-test-plan.md	spec	reference	product	current	Integration Test Plan - Personal Mail first week inbox control
/Users/jasonlee/Developer/source/docs/user-journeys/j22-personal-mail-inbox-first-week/README.md	index	reference	product	current	j22 - Personal Mail first week inbox control
/Users/jasonlee/Developer/source/docs/user-journeys/j22-personal-mail-inbox-first-week/story.md	guide	explanation	product	current	Story - Personal Mail first week inbox control
/Users/jasonlee/Developer/source/docs/user-journeys/j22-personal-mail-inbox-first-week/ux-flow.md	guide	explanation	product	current	UX Flow - Personal Mail first week inbox control
/Users/jasonlee/Developer/source/docs/user-journeys/j23-marketplace-listing-and-first-sale/handshake.md	spec	reference	product	current	Handshake - Marketplace listing and first seller payout
/Users/jasonlee/Developer/source/docs/user-journeys/j23-marketplace-listing-and-first-sale/integration-test-plan.md	spec	reference	product	current	Integration Test Plan - Marketplace listing and first seller payout
/Users/jasonlee/Developer/source/docs/user-journeys/j23-marketplace-listing-and-first-sale/README.md	index	reference	product	current	j23 - Marketplace listing and first seller payout
/Users/jasonlee/Developer/source/docs/user-journeys/j23-marketplace-listing-and-first-sale/story.md	guide	explanation	product	current	Story - Marketplace listing and first seller payout
/Users/jasonlee/Developer/source/docs/user-journeys/j23-marketplace-listing-and-first-sale/ux-flow.md	guide	explanation	product	current	UX Flow - Marketplace listing and first seller payout
/Users/jasonlee/Developer/source/docs/user-journeys/j24-marketplace-purchase-as-buyer/handshake.md	spec	reference	product	current	Handshake - Marketplace purchase as buyer
/Users/jasonlee/Developer/source/docs/user-journeys/j24-marketplace-purchase-as-buyer/integration-test-plan.md	spec	reference	product	current	Integration Test Plan - Marketplace purchase as buyer
/Users/jasonlee/Developer/source/docs/user-journeys/j24-marketplace-purchase-as-buyer/README.md	index	reference	product	current	j24 - Marketplace purchase as buyer
/Users/jasonlee/Developer/source/docs/user-journeys/j24-marketplace-purchase-as-buyer/story.md	guide	explanation	product	current	Story - Marketplace purchase as buyer
/Users/jasonlee/Developer/source/docs/user-journeys/j24-marketplace-purchase-as-buyer/ux-flow.md	guide	explanation	product	current	UX Flow - Marketplace purchase as buyer
/Users/jasonlee/Developer/source/docs/user-journeys/j25-personal-notes-daily-journaling-with-e2e/handshake.md	spec	reference	product	current	Handshake - Personal Notes journaling with E2E
/Users/jasonlee/Developer/source/docs/user-journeys/j25-personal-notes-daily-journaling-with-e2e/integration-test-plan.md	spec	reference	product	current	Integration Test Plan - Personal Notes journaling with E2E
/Users/jasonlee/Developer/source/docs/user-journeys/j25-personal-notes-daily-journaling-with-e2e/README.md	index	reference	product	current	j25 - Personal Notes journaling with E2E
/Users/jasonlee/Developer/source/docs/user-journeys/j25-personal-notes-daily-journaling-with-e2e/story.md	guide	explanation	product	current	Story - Personal Notes journaling with E2E
/Users/jasonlee/Developer/source/docs/user-journeys/j25-personal-notes-daily-journaling-with-e2e/ux-flow.md	guide	explanation	product	current	UX Flow - Personal Notes journaling with E2E
/Users/jasonlee/Developer/source/docs/user-journeys/j26-drive-family-photo-backup/handshake.md	spec	reference	product	current	Handshake - Drive family photo backup
/Users/jasonlee/Developer/source/docs/user-journeys/j26-drive-family-photo-backup/integration-test-plan.md	spec	reference	product	current	Integration Test Plan - Drive family photo backup
/Users/jasonlee/Developer/source/docs/user-journeys/j26-drive-family-photo-backup/README.md	index	reference	product	current	j26 - Drive family photo backup
/Users/jasonlee/Developer/source/docs/user-journeys/j26-drive-family-photo-backup/story.md	guide	explanation	product	current	Story - Drive family photo backup
/Users/jasonlee/Developer/source/docs/user-journeys/j26-drive-family-photo-backup/ux-flow.md	guide	explanation	product	current	UX Flow - Drive family photo backup
/Users/jasonlee/Developer/source/docs/user-journeys/j27-calendar-cross-context-family-and-work/handshake.md	spec	reference	product	current	Handshake - Calendar cross-context family and work
/Users/jasonlee/Developer/source/docs/user-journeys/j27-calendar-cross-context-family-and-work/integration-test-plan.md	spec	reference	product	current	Integration Test Plan - Calendar cross-context family and work
/Users/jasonlee/Developer/source/docs/user-journeys/j27-calendar-cross-context-family-and-work/README.md	index	reference	product	current	j27 - Calendar cross-context family and work
/Users/jasonlee/Developer/source/docs/user-journeys/j27-calendar-cross-context-family-and-work/story.md	guide	explanation	product	current	Story - Calendar cross-context family and work
/Users/jasonlee/Developer/source/docs/user-journeys/j27-calendar-cross-context-family-and-work/ux-flow.md	guide	explanation	product	current	UX Flow - Calendar cross-context family and work
/Users/jasonlee/Developer/source/docs/user-journeys/j28-meet-family-video-call/handshake.md	spec	reference	product	current	Handshake - Meet family video call
/Users/jasonlee/Developer/source/docs/user-journeys/j28-meet-family-video-call/integration-test-plan.md	spec	reference	product	current	Integration Test Plan - Meet family video call
/Users/jasonlee/Developer/source/docs/user-journeys/j28-meet-family-video-call/README.md	index	reference	product	current	j28 - Meet family video call
/Users/jasonlee/Developer/source/docs/user-journeys/j28-meet-family-video-call/story.md	guide	explanation	product	current	Story - Meet family video call
/Users/jasonlee/Developer/source/docs/user-journeys/j28-meet-family-video-call/ux-flow.md	guide	explanation	product	current	UX Flow - Meet family video call
/Users/jasonlee/Developer/source/docs/user-journeys/j29-workflow-studio-personal-automation/handshake.md	spec	reference	product	current	Handshake - Workflow Studio personal automation
/Users/jasonlee/Developer/source/docs/user-journeys/j29-workflow-studio-personal-automation/integration-test-plan.md	spec	reference	product	current	Integration Test Plan - Workflow Studio personal automation
/Users/jasonlee/Developer/source/docs/user-journeys/j29-workflow-studio-personal-automation/README.md	index	reference	product	current	j29 - Workflow Studio personal automation
/Users/jasonlee/Developer/source/docs/user-journeys/j29-workflow-studio-personal-automation/story.md	guide	explanation	product	current	Story - Workflow Studio personal automation
/Users/jasonlee/Developer/source/docs/user-journeys/j29-workflow-studio-personal-automation/ux-flow.md	guide	explanation	product	current	UX Flow - Workflow Studio personal automation
/Users/jasonlee/Developer/source/docs/user-journeys/j30-shorts-creator-first-post/handshake.md	spec	reference	product	current	Handshake - Shorts creator first post
/Users/jasonlee/Developer/source/docs/user-journeys/j30-shorts-creator-first-post/integration-test-plan.md	spec	reference	product	current	Integration Test Plan - Shorts creator first post
/Users/jasonlee/Developer/source/docs/user-journeys/j30-shorts-creator-first-post/README.md	index	reference	product	current	j30 - Shorts creator first post
/Users/jasonlee/Developer/source/docs/user-journeys/j30-shorts-creator-first-post/story.md	guide	explanation	product	current	Story - Shorts creator first post
/Users/jasonlee/Developer/source/docs/user-journeys/j30-shorts-creator-first-post/ux-flow.md	guide	explanation	product	current	UX Flow - Shorts creator first post
/Users/jasonlee/Developer/source/docs/user-journeys/j31-social-broadcast-vs-DM/handshake.md	spec	reference	product	current	Handshake - Social broadcast versus DM
/Users/jasonlee/Developer/source/docs/user-journeys/j31-social-broadcast-vs-DM/integration-test-plan.md	spec	reference	product	current	Integration Test Plan - Social broadcast versus DM
/Users/jasonlee/Developer/source/docs/user-journeys/j31-social-broadcast-vs-DM/README.md	index	reference	product	current	j31 - Social broadcast versus DM
/Users/jasonlee/Developer/source/docs/user-journeys/j31-social-broadcast-vs-DM/story.md	guide	explanation	product	current	Story - Social broadcast versus DM
/Users/jasonlee/Developer/source/docs/user-journeys/j31-social-broadcast-vs-DM/ux-flow.md	guide	explanation	product	current	UX Flow - Social broadcast versus DM
/Users/jasonlee/Developer/source/docs/user-journeys/j32-community-teamblind-employer-anonymous/handshake.md	spec	reference	product	current	Handshake - Community TeamBlind employer-anonymous post
/Users/jasonlee/Developer/source/docs/user-journeys/j32-community-teamblind-employer-anonymous/integration-test-plan.md	spec	reference	product	current	Integration Test Plan - Community TeamBlind employer-anonymous post
/Users/jasonlee/Developer/source/docs/user-journeys/j32-community-teamblind-employer-anonymous/README.md	index	reference	product	current	j32 - Community TeamBlind employer-anonymous post
/Users/jasonlee/Developer/source/docs/user-journeys/j32-community-teamblind-employer-anonymous/story.md	guide	explanation	product	current	Story - Community TeamBlind employer-anonymous post
/Users/jasonlee/Developer/source/docs/user-journeys/j32-community-teamblind-employer-anonymous/ux-flow.md	guide	explanation	product	current	UX Flow - Community TeamBlind employer-anonymous post
/Users/jasonlee/Developer/source/docs/user-journeys/j33-b2b-sso-saml-onboarding/handshake.md	spec	reference	product	current	Handshake - B2B SSO SAML onboarding
/Users/jasonlee/Developer/source/docs/user-journeys/j33-b2b-sso-saml-onboarding/integration-test-plan.md	spec	reference	product	current	Integration Test Plan - B2B SSO SAML onboarding
/Users/jasonlee/Developer/source/docs/user-journeys/j33-b2b-sso-saml-onboarding/README.md	index	reference	product	current	j33 - B2B SSO SAML onboarding
/Users/jasonlee/Developer/source/docs/user-journeys/j33-b2b-sso-saml-onboarding/story.md	guide	explanation	product	current	Story - B2B SSO SAML onboarding
/Users/jasonlee/Developer/source/docs/user-journeys/j33-b2b-sso-saml-onboarding/ux-flow.md	guide	explanation	product	current	UX Flow - B2B SSO SAML onboarding
/Users/jasonlee/Developer/source/docs/user-journeys/j34-b2b-team-channel-with-files/handshake.md	spec	reference	product	current	Handshake - B2B team channel with files
/Users/jasonlee/Developer/source/docs/user-journeys/j34-b2b-team-channel-with-files/integration-test-plan.md	spec	reference	product	current	Integration Test Plan - B2B team channel with files
/Users/jasonlee/Developer/source/docs/user-journeys/j34-b2b-team-channel-with-files/README.md	index	reference	product	current	j34 - B2B team channel with files
/Users/jasonlee/Developer/source/docs/user-journeys/j34-b2b-team-channel-with-files/story.md	guide	explanation	product	current	Story - B2B team channel with files
/Users/jasonlee/Developer/source/docs/user-journeys/j34-b2b-team-channel-with-files/ux-flow.md	guide	explanation	product	current	UX Flow - B2B team channel with files
/Users/jasonlee/Developer/source/docs/user-journeys/j35-b2b-workplace-mail-and-calendar/handshake.md	spec	reference	product	current	Handshake - B2B workplace Mail and Calendar
/Users/jasonlee/Developer/source/docs/user-journeys/j35-b2b-workplace-mail-and-calendar/integration-test-plan.md	spec	reference	product	current	Integration Test Plan - B2B workplace Mail and Calendar
/Users/jasonlee/Developer/source/docs/user-journeys/j35-b2b-workplace-mail-and-calendar/README.md	index	reference	product	current	j35 - B2B workplace Mail and Calendar
/Users/jasonlee/Developer/source/docs/user-journeys/j35-b2b-workplace-mail-and-calendar/story.md	guide	explanation	product	current	Story - B2B workplace Mail and Calendar
/Users/jasonlee/Developer/source/docs/user-journeys/j35-b2b-workplace-mail-and-calendar/ux-flow.md	guide	explanation	product	current	UX Flow - B2B workplace Mail and Calendar
/Users/jasonlee/Developer/source/docs/user-journeys/j36-b2b-workflow-engine-approval-cascade/handshake.md	spec	reference	product	current	j36-b2b-workflow-engine-approval-cascade handshake
/Users/jasonlee/Developer/source/docs/user-journeys/j36-b2b-workflow-engine-approval-cascade/integration-test-plan.md	spec	reference	product	current	j36-b2b-workflow-engine-approval-cascade integration test plan
/Users/jasonlee/Developer/source/docs/user-journeys/j36-b2b-workflow-engine-approval-cascade/README.md	index	reference	product	current	j36-b2b-workflow-engine-approval-cascade
/Users/jasonlee/Developer/source/docs/user-journeys/j36-b2b-workflow-engine-approval-cascade/story.md	guide	explanation	product	current	j36-b2b-workflow-engine-approval-cascade story
/Users/jasonlee/Developer/source/docs/user-journeys/j36-b2b-workflow-engine-approval-cascade/ux-flow.md	guide	explanation	product	current	j36-b2b-workflow-engine-approval-cascade UX flow
/Users/jasonlee/Developer/source/docs/user-journeys/j37-b2b-clocking-and-attendance/handshake.md	spec	reference	product	current	j37-b2b-clocking-and-attendance handshake
/Users/jasonlee/Developer/source/docs/user-journeys/j37-b2b-clocking-and-attendance/integration-test-plan.md	spec	reference	product	current	j37-b2b-clocking-and-attendance integration test plan
/Users/jasonlee/Developer/source/docs/user-journeys/j37-b2b-clocking-and-attendance/README.md	index	reference	product	current	j37-b2b-clocking-and-attendance
/Users/jasonlee/Developer/source/docs/user-journeys/j37-b2b-clocking-and-attendance/story.md	guide	explanation	product	current	j37-b2b-clocking-and-attendance story
/Users/jasonlee/Developer/source/docs/user-journeys/j37-b2b-clocking-and-attendance/ux-flow.md	guide	explanation	product	current	j37-b2b-clocking-and-attendance UX flow
/Users/jasonlee/Developer/source/docs/user-journeys/j38-b2b-e-signing-contract/handshake.md	spec	reference	product	current	j38-b2b-e-signing-contract handshake
/Users/jasonlee/Developer/source/docs/user-journeys/j38-b2b-e-signing-contract/integration-test-plan.md	spec	reference	product	current	j38-b2b-e-signing-contract integration test plan
/Users/jasonlee/Developer/source/docs/user-journeys/j38-b2b-e-signing-contract/README.md	index	reference	product	current	j38-b2b-e-signing-contract
/Users/jasonlee/Developer/source/docs/user-journeys/j38-b2b-e-signing-contract/story.md	guide	explanation	product	current	j38-b2b-e-signing-contract story
/Users/jasonlee/Developer/source/docs/user-journeys/j38-b2b-e-signing-contract/ux-flow.md	guide	explanation	product	current	j38-b2b-e-signing-contract UX flow
/Users/jasonlee/Developer/source/docs/user-journeys/j39-b2b-meeting-with-transcription/handshake.md	spec	reference	product	current	j39-b2b-meeting-with-transcription handshake
/Users/jasonlee/Developer/source/docs/user-journeys/j39-b2b-meeting-with-transcription/integration-test-plan.md	spec	reference	product	current	j39-b2b-meeting-with-transcription integration test plan
/Users/jasonlee/Developer/source/docs/user-journeys/j39-b2b-meeting-with-transcription/README.md	index	reference	product	current	j39-b2b-meeting-with-transcription
/Users/jasonlee/Developer/source/docs/user-journeys/j39-b2b-meeting-with-transcription/story.md	guide	explanation	product	current	j39-b2b-meeting-with-transcription story
/Users/jasonlee/Developer/source/docs/user-journeys/j39-b2b-meeting-with-transcription/ux-flow.md	guide	explanation	product	current	j39-b2b-meeting-with-transcription UX flow
/Users/jasonlee/Developer/source/docs/user-journeys/j40-b2b-marketplace-vendor-billing/handshake.md	spec	reference	product	current	j40-b2b-marketplace-vendor-billing handshake
/Users/jasonlee/Developer/source/docs/user-journeys/j40-b2b-marketplace-vendor-billing/integration-test-plan.md	spec	reference	product	current	j40-b2b-marketplace-vendor-billing integration test plan
/Users/jasonlee/Developer/source/docs/user-journeys/j40-b2b-marketplace-vendor-billing/README.md	index	reference	product	current	j40-b2b-marketplace-vendor-billing
/Users/jasonlee/Developer/source/docs/user-journeys/j40-b2b-marketplace-vendor-billing/story.md	guide	explanation	product	current	j40-b2b-marketplace-vendor-billing story
/Users/jasonlee/Developer/source/docs/user-journeys/j40-b2b-marketplace-vendor-billing/ux-flow.md	guide	explanation	product	current	j40-b2b-marketplace-vendor-billing UX flow
/Users/jasonlee/Developer/source/docs/user-journeys/j41-b2b-developer-builds-on-platform/handshake.md	spec	reference	product	likely-stale	j41-b2b-developer-builds-on-platform handshake
/Users/jasonlee/Developer/source/docs/user-journeys/j41-b2b-developer-builds-on-platform/integration-test-plan.md	spec	reference	product	likely-stale	j41-b2b-developer-builds-on-platform integration test plan
/Users/jasonlee/Developer/source/docs/user-journeys/j41-b2b-developer-builds-on-platform/README.md	index	reference	product	likely-stale	j41-b2b-developer-builds-on-platform
/Users/jasonlee/Developer/source/docs/user-journeys/j41-b2b-developer-builds-on-platform/story.md	guide	explanation	product	likely-stale	j41-b2b-developer-builds-on-platform story
/Users/jasonlee/Developer/source/docs/user-journeys/j41-b2b-developer-builds-on-platform/ux-flow.md	guide	explanation	product	likely-stale	j41-b2b-developer-builds-on-platform UX flow
/Users/jasonlee/Developer/source/docs/user-journeys/j42-b2b-finops-portal-spend-attribution/handshake.md	spec	reference	product	current	j42-b2b-finops-portal-spend-attribution handshake
/Users/jasonlee/Developer/source/docs/user-journeys/j42-b2b-finops-portal-spend-attribution/integration-test-plan.md	spec	reference	product	current	j42-b2b-finops-portal-spend-attribution integration test plan
/Users/jasonlee/Developer/source/docs/user-journeys/j42-b2b-finops-portal-spend-attribution/README.md	index	reference	product	current	j42-b2b-finops-portal-spend-attribution
/Users/jasonlee/Developer/source/docs/user-journeys/j42-b2b-finops-portal-spend-attribution/story.md	guide	explanation	product	current	j42-b2b-finops-portal-spend-attribution story
/Users/jasonlee/Developer/source/docs/user-journeys/j42-b2b-finops-portal-spend-attribution/ux-flow.md	guide	explanation	product	current	j42-b2b-finops-portal-spend-attribution UX flow
/Users/jasonlee/Developer/source/docs/user-journeys/j43-healthcare-nurse-patient-handoff/handshake.md	spec	reference	product	likely-stale	j43-healthcare-nurse-patient-handoff handshake
/Users/jasonlee/Developer/source/docs/user-journeys/j43-healthcare-nurse-patient-handoff/integration-test-plan.md	spec	reference	product	likely-stale	j43-healthcare-nurse-patient-handoff integration test plan
/Users/jasonlee/Developer/source/docs/user-journeys/j43-healthcare-nurse-patient-handoff/README.md	index	reference	product	likely-stale	j43-healthcare-nurse-patient-handoff
/Users/jasonlee/Developer/source/docs/user-journeys/j43-healthcare-nurse-patient-handoff/story.md	guide	explanation	product	likely-stale	j43-healthcare-nurse-patient-handoff story
/Users/jasonlee/Developer/source/docs/user-journeys/j43-healthcare-nurse-patient-handoff/ux-flow.md	guide	explanation	product	likely-stale	j43-healthcare-nurse-patient-handoff UX flow
/Users/jasonlee/Developer/source/docs/user-journeys/j44-healthcare-telemedicine-consultation/handshake.md	spec	reference	product	current	j44-healthcare-telemedicine-consultation handshake
/Users/jasonlee/Developer/source/docs/user-journeys/j44-healthcare-telemedicine-consultation/integration-test-plan.md	spec	reference	product	current	j44-healthcare-telemedicine-consultation integration test plan
/Users/jasonlee/Developer/source/docs/user-journeys/j44-healthcare-telemedicine-consultation/README.md	index	reference	product	current	j44-healthcare-telemedicine-consultation
/Users/jasonlee/Developer/source/docs/user-journeys/j44-healthcare-telemedicine-consultation/story.md	guide	explanation	product	current	j44-healthcare-telemedicine-consultation story
/Users/jasonlee/Developer/source/docs/user-journeys/j44-healthcare-telemedicine-consultation/ux-flow.md	guide	explanation	product	current	j44-healthcare-telemedicine-consultation UX flow
/Users/jasonlee/Developer/source/docs/user-journeys/j45-healthcare-patient-portal-records/handshake.md	spec	reference	product	current	j45-healthcare-patient-portal-records handshake
/Users/jasonlee/Developer/source/docs/user-journeys/j45-healthcare-patient-portal-records/integration-test-plan.md	spec	reference	product	current	j45-healthcare-patient-portal-records integration test plan
/Users/jasonlee/Developer/source/docs/user-journeys/j45-healthcare-patient-portal-records/README.md	index	reference	product	current	j45-healthcare-patient-portal-records
/Users/jasonlee/Developer/source/docs/user-journeys/j45-healthcare-patient-portal-records/story.md	guide	explanation	product	current	j45-healthcare-patient-portal-records story
/Users/jasonlee/Developer/source/docs/user-journeys/j45-healthcare-patient-portal-records/ux-flow.md	guide	explanation	product	current	j45-healthcare-patient-portal-records UX flow
/Users/jasonlee/Developer/source/docs/user-journeys/j46-healthcare-prescription-renewal-workflow/handshake.md	spec	reference	product	current	j46-healthcare-prescription-renewal-workflow handshake
/Users/jasonlee/Developer/source/docs/user-journeys/j46-healthcare-prescription-renewal-workflow/integration-test-plan.md	spec	reference	product	current	j46-healthcare-prescription-renewal-workflow integration test plan
/Users/jasonlee/Developer/source/docs/user-journeys/j46-healthcare-prescription-renewal-workflow/README.md	index	reference	product	current	j46-healthcare-prescription-renewal-workflow
/Users/jasonlee/Developer/source/docs/user-journeys/j46-healthcare-prescription-renewal-workflow/story.md	guide	explanation	product	current	j46-healthcare-prescription-renewal-workflow story
/Users/jasonlee/Developer/source/docs/user-journeys/j46-healthcare-prescription-renewal-workflow/ux-flow.md	guide	explanation	product	current	j46-healthcare-prescription-renewal-workflow UX flow
/Users/jasonlee/Developer/source/docs/user-journeys/j47-healthcare-billing-and-insurance/handshake.md	spec	reference	product	current	j47-healthcare-billing-and-insurance handshake
/Users/jasonlee/Developer/source/docs/user-journeys/j47-healthcare-billing-and-insurance/integration-test-plan.md	spec	reference	product	current	j47-healthcare-billing-and-insurance integration test plan
/Users/jasonlee/Developer/source/docs/user-journeys/j47-healthcare-billing-and-insurance/README.md	index	reference	product	current	j47-healthcare-billing-and-insurance
/Users/jasonlee/Developer/source/docs/user-journeys/j47-healthcare-billing-and-insurance/story.md	guide	explanation	product	current	j47-healthcare-billing-and-insurance story
/Users/jasonlee/Developer/source/docs/user-journeys/j47-healthcare-billing-and-insurance/ux-flow.md	guide	explanation	product	current	j47-healthcare-billing-and-insurance UX flow
/Users/jasonlee/Developer/source/docs/user-journeys/j48-sidebusiness-stripe-tax-and-invoicing/handshake.md	spec	reference	product	current	j48-sidebusiness-stripe-tax-and-invoicing handshake
/Users/jasonlee/Developer/source/docs/user-journeys/j48-sidebusiness-stripe-tax-and-invoicing/integration-test-plan.md	spec	reference	product	current	j48-sidebusiness-stripe-tax-and-invoicing integration test plan
/Users/jasonlee/Developer/source/docs/user-journeys/j48-sidebusiness-stripe-tax-and-invoicing/README.md	index	reference	product	current	j48-sidebusiness-stripe-tax-and-invoicing
/Users/jasonlee/Developer/source/docs/user-journeys/j48-sidebusiness-stripe-tax-and-invoicing/story.md	guide	explanation	product	current	j48-sidebusiness-stripe-tax-and-invoicing story
/Users/jasonlee/Developer/source/docs/user-journeys/j48-sidebusiness-stripe-tax-and-invoicing/ux-flow.md	guide	explanation	product	current	j48-sidebusiness-stripe-tax-and-invoicing UX flow
/Users/jasonlee/Developer/source/docs/user-journeys/j49-sidebusiness-customer-support-omnichannel/handshake.md	spec	reference	product	current	j49-sidebusiness-customer-support-omnichannel handshake
/Users/jasonlee/Developer/source/docs/user-journeys/j49-sidebusiness-customer-support-omnichannel/integration-test-plan.md	spec	reference	product	current	j49-sidebusiness-customer-support-omnichannel integration test plan
/Users/jasonlee/Developer/source/docs/user-journeys/j49-sidebusiness-customer-support-omnichannel/README.md	index	reference	product	current	j49-sidebusiness-customer-support-omnichannel
/Users/jasonlee/Developer/source/docs/user-journeys/j49-sidebusiness-customer-support-omnichannel/story.md	guide	explanation	product	current	j49-sidebusiness-customer-support-omnichannel story
/Users/jasonlee/Developer/source/docs/user-journeys/j49-sidebusiness-customer-support-omnichannel/ux-flow.md	guide	explanation	product	current	j49-sidebusiness-customer-support-omnichannel UX flow
/Users/jasonlee/Developer/source/docs/user-journeys/j50-sidebusiness-employee-hires-first-helper/handshake.md	spec	reference	product	current	j50-sidebusiness-employee-hires-first-helper handshake
/Users/jasonlee/Developer/source/docs/user-journeys/j50-sidebusiness-employee-hires-first-helper/integration-test-plan.md	spec	reference	product	current	j50-sidebusiness-employee-hires-first-helper integration test plan
/Users/jasonlee/Developer/source/docs/user-journeys/j50-sidebusiness-employee-hires-first-helper/README.md	index	reference	product	current	j50-sidebusiness-employee-hires-first-helper
/Users/jasonlee/Developer/source/docs/user-journeys/j50-sidebusiness-employee-hires-first-helper/story.md	guide	explanation	product	current	j50-sidebusiness-employee-hires-first-helper story
/Users/jasonlee/Developer/source/docs/user-journeys/j50-sidebusiness-employee-hires-first-helper/ux-flow.md	guide	explanation	product	current	j50-sidebusiness-employee-hires-first-helper UX flow
/Users/jasonlee/Developer/source/docs/user-journeys/j51-procure-to-pay-po-extraction-and-approval/handshake.md	spec	reference	product	current	Handshake — j51-procure-to-pay-po-extraction-and-approval
/Users/jasonlee/Developer/source/docs/user-journeys/j51-procure-to-pay-po-extraction-and-approval/integration-test-plan.md	spec	reference	product	current	Integration Test Plan — j51-procure-to-pay-po-extraction-and-approval
/Users/jasonlee/Developer/source/docs/user-journeys/j51-procure-to-pay-po-extraction-and-approval/README.md	index	reference	product	current	README — j51-procure-to-pay-po-extraction-and-approval
/Users/jasonlee/Developer/source/docs/user-journeys/j51-procure-to-pay-po-extraction-and-approval/story.md	guide	explanation	product	current	j51-procure-to-pay-po-extraction-and-approval — Procure To Pay Po Extraction And Approval
/Users/jasonlee/Developer/source/docs/user-journeys/j51-procure-to-pay-po-extraction-and-approval/ux-flow.md	guide	explanation	product	current	UX Flow — j51-procure-to-pay-po-extraction-and-approval
/Users/jasonlee/Developer/source/docs/user-journeys/j52-order-to-cash-marketplace-to-fulfillment/handshake.md	spec	reference	product	current	Handshake — j52-order-to-cash-marketplace-to-fulfillment
/Users/jasonlee/Developer/source/docs/user-journeys/j52-order-to-cash-marketplace-to-fulfillment/integration-test-plan.md	spec	reference	product	current	Integration Test Plan — j52-order-to-cash-marketplace-to-fulfillment
/Users/jasonlee/Developer/source/docs/user-journeys/j52-order-to-cash-marketplace-to-fulfillment/README.md	index	reference	product	current	README — j52-order-to-cash-marketplace-to-fulfillment
/Users/jasonlee/Developer/source/docs/user-journeys/j52-order-to-cash-marketplace-to-fulfillment/story.md	guide	explanation	product	current	j52-order-to-cash-marketplace-to-fulfillment — Order To Cash Marketplace To Fulfillment
/Users/jasonlee/Developer/source/docs/user-journeys/j52-order-to-cash-marketplace-to-fulfillment/ux-flow.md	guide	explanation	product	current	UX Flow — j52-order-to-cash-marketplace-to-fulfillment
/Users/jasonlee/Developer/source/docs/user-journeys/j53-invoice-to-cash-recurring-subscription/handshake.md	spec	reference	product	current	Handshake — j53-invoice-to-cash-recurring-subscription
/Users/jasonlee/Developer/source/docs/user-journeys/j53-invoice-to-cash-recurring-subscription/integration-test-plan.md	spec	reference	product	current	Integration Test Plan — j53-invoice-to-cash-recurring-subscription
/Users/jasonlee/Developer/source/docs/user-journeys/j53-invoice-to-cash-recurring-subscription/README.md	index	reference	product	current	README — j53-invoice-to-cash-recurring-subscription
/Users/jasonlee/Developer/source/docs/user-journeys/j53-invoice-to-cash-recurring-subscription/story.md	guide	explanation	product	current	j53-invoice-to-cash-recurring-subscription — Invoice To Cash Recurring Subscription
/Users/jasonlee/Developer/source/docs/user-journeys/j53-invoice-to-cash-recurring-subscription/ux-flow.md	guide	explanation	product	current	UX Flow — j53-invoice-to-cash-recurring-subscription
/Users/jasonlee/Developer/source/docs/user-journeys/j54-quote-to-contract-to-payment-saas/handshake.md	spec	reference	product	current	Handshake — j54-quote-to-contract-to-payment-saas
/Users/jasonlee/Developer/source/docs/user-journeys/j54-quote-to-contract-to-payment-saas/integration-test-plan.md	spec	reference	product	current	Integration Test Plan — j54-quote-to-contract-to-payment-saas
/Users/jasonlee/Developer/source/docs/user-journeys/j54-quote-to-contract-to-payment-saas/README.md	index	reference	product	current	README — j54-quote-to-contract-to-payment-saas
/Users/jasonlee/Developer/source/docs/user-journeys/j54-quote-to-contract-to-payment-saas/story.md	guide	explanation	product	current	j54-quote-to-contract-to-payment-saas — Quote To Contract To Payment Saas
/Users/jasonlee/Developer/source/docs/user-journeys/j54-quote-to-contract-to-payment-saas/ux-flow.md	guide	explanation	product	current	UX Flow — j54-quote-to-contract-to-payment-saas
/Users/jasonlee/Developer/source/docs/user-journeys/j55-refund-and-dispute-resolution-cascade/handshake.md	spec	reference	product	current	Handshake — j55-refund-and-dispute-resolution-cascade
/Users/jasonlee/Developer/source/docs/user-journeys/j55-refund-and-dispute-resolution-cascade/integration-test-plan.md	spec	reference	product	current	Integration Test Plan — j55-refund-and-dispute-resolution-cascade
/Users/jasonlee/Developer/source/docs/user-journeys/j55-refund-and-dispute-resolution-cascade/README.md	index	reference	product	current	README — j55-refund-and-dispute-resolution-cascade
/Users/jasonlee/Developer/source/docs/user-journeys/j55-refund-and-dispute-resolution-cascade/story.md	guide	explanation	product	current	j55-refund-and-dispute-resolution-cascade — Refund And Dispute Resolution Cascade
/Users/jasonlee/Developer/source/docs/user-journeys/j55-refund-and-dispute-resolution-cascade/ux-flow.md	guide	explanation	product	current	UX Flow — j55-refund-and-dispute-resolution-cascade
/Users/jasonlee/Developer/source/docs/user-journeys/j56-job-application-to-offer/handshake.md	spec	reference	product	current	Handshake — j56-job-application-to-offer
/Users/jasonlee/Developer/source/docs/user-journeys/j56-job-application-to-offer/integration-test-plan.md	spec	reference	product	current	Integration Test Plan — j56-job-application-to-offer
/Users/jasonlee/Developer/source/docs/user-journeys/j56-job-application-to-offer/README.md	index	reference	product	current	README — j56-job-application-to-offer
/Users/jasonlee/Developer/source/docs/user-journeys/j56-job-application-to-offer/story.md	guide	explanation	product	current	j56-job-application-to-offer — Job Application To Offer
/Users/jasonlee/Developer/source/docs/user-journeys/j56-job-application-to-offer/ux-flow.md	guide	explanation	product	current	UX Flow — j56-job-application-to-offer
/Users/jasonlee/Developer/source/docs/user-journeys/j57-employee-onboarding-day-one-to-week-one/handshake.md	spec	reference	product	current	Handshake — j57-employee-onboarding-day-one-to-week-one
/Users/jasonlee/Developer/source/docs/user-journeys/j57-employee-onboarding-day-one-to-week-one/integration-test-plan.md	spec	reference	product	current	Integration Test Plan — j57-employee-onboarding-day-one-to-week-one
/Users/jasonlee/Developer/source/docs/user-journeys/j57-employee-onboarding-day-one-to-week-one/README.md	index	reference	product	current	README — j57-employee-onboarding-day-one-to-week-one
/Users/jasonlee/Developer/source/docs/user-journeys/j57-employee-onboarding-day-one-to-week-one/story.md	guide	explanation	product	current	j57-employee-onboarding-day-one-to-week-one — Employee Onboarding Day One To Week One
/Users/jasonlee/Developer/source/docs/user-journeys/j57-employee-onboarding-day-one-to-week-one/ux-flow.md	guide	explanation	product	current	UX Flow — j57-employee-onboarding-day-one-to-week-one
/Users/jasonlee/Developer/source/docs/user-journeys/j58-quarterly-performance-review-cycle/handshake.md	spec	reference	product	current	Handshake — j58-quarterly-performance-review-cycle
/Users/jasonlee/Developer/source/docs/user-journeys/j58-quarterly-performance-review-cycle/integration-test-plan.md	spec	reference	product	current	Integration Test Plan — j58-quarterly-performance-review-cycle
/Users/jasonlee/Developer/source/docs/user-journeys/j58-quarterly-performance-review-cycle/README.md	index	reference	product	current	README — j58-quarterly-performance-review-cycle
/Users/jasonlee/Developer/source/docs/user-journeys/j58-quarterly-performance-review-cycle/story.md	guide	explanation	product	current	j58-quarterly-performance-review-cycle — Quarterly Performance Review Cycle
/Users/jasonlee/Developer/source/docs/user-journeys/j58-quarterly-performance-review-cycle/ux-flow.md	guide	explanation	product	current	UX Flow — j58-quarterly-performance-review-cycle
/Users/jasonlee/Developer/source/docs/user-journeys/j59-offboarding-and-knowledge-transfer/handshake.md	spec	reference	product	current	Handshake — j59-offboarding-and-knowledge-transfer
/Users/jasonlee/Developer/source/docs/user-journeys/j59-offboarding-and-knowledge-transfer/integration-test-plan.md	spec	reference	product	current	Integration Test Plan — j59-offboarding-and-knowledge-transfer
/Users/jasonlee/Developer/source/docs/user-journeys/j59-offboarding-and-knowledge-transfer/README.md	index	reference	product	current	README — j59-offboarding-and-knowledge-transfer
/Users/jasonlee/Developer/source/docs/user-journeys/j59-offboarding-and-knowledge-transfer/story.md	guide	explanation	product	current	j59-offboarding-and-knowledge-transfer — Offboarding And Knowledge Transfer
/Users/jasonlee/Developer/source/docs/user-journeys/j59-offboarding-and-knowledge-transfer/ux-flow.md	guide	explanation	product	current	UX Flow — j59-offboarding-and-knowledge-transfer
/Users/jasonlee/Developer/source/docs/user-journeys/j60-internal-mobility-promotion-cascade/handshake.md	spec	reference	product	current	Handshake — j60-internal-mobility-promotion-cascade
/Users/jasonlee/Developer/source/docs/user-journeys/j60-internal-mobility-promotion-cascade/integration-test-plan.md	spec	reference	product	current	Integration Test Plan — j60-internal-mobility-promotion-cascade
/Users/jasonlee/Developer/source/docs/user-journeys/j60-internal-mobility-promotion-cascade/README.md	index	reference	product	current	README — j60-internal-mobility-promotion-cascade
/Users/jasonlee/Developer/source/docs/user-journeys/j60-internal-mobility-promotion-cascade/story.md	guide	explanation	product	current	j60-internal-mobility-promotion-cascade — Internal Mobility Promotion Cascade
/Users/jasonlee/Developer/source/docs/user-journeys/j60-internal-mobility-promotion-cascade/ux-flow.md	guide	explanation	product	current	UX Flow — j60-internal-mobility-promotion-cascade
/Users/jasonlee/Developer/source/docs/user-journeys/j61-patient-intake-to-followup/handshake.md	spec	reference	product	current	Handshake — j61-patient-intake-to-followup
/Users/jasonlee/Developer/source/docs/user-journeys/j61-patient-intake-to-followup/integration-test-plan.md	spec	reference	product	current	Integration Test Plan — j61-patient-intake-to-followup
/Users/jasonlee/Developer/source/docs/user-journeys/j61-patient-intake-to-followup/README.md	index	reference	product	current	README — j61-patient-intake-to-followup
/Users/jasonlee/Developer/source/docs/user-journeys/j61-patient-intake-to-followup/story.md	guide	explanation	product	current	j61-patient-intake-to-followup — Patient Intake To Followup
/Users/jasonlee/Developer/source/docs/user-journeys/j61-patient-intake-to-followup/ux-flow.md	guide	explanation	product	current	UX Flow — j61-patient-intake-to-followup
/Users/jasonlee/Developer/source/docs/user-journeys/j62-prescription-to-pharmacy-to-payment/handshake.md	spec	reference	product	current	Handshake — j62-prescription-to-pharmacy-to-payment
/Users/jasonlee/Developer/source/docs/user-journeys/j62-prescription-to-pharmacy-to-payment/integration-test-plan.md	spec	reference	product	current	Integration Test Plan — j62-prescription-to-pharmacy-to-payment
/Users/jasonlee/Developer/source/docs/user-journeys/j62-prescription-to-pharmacy-to-payment/README.md	index	reference	product	current	README — j62-prescription-to-pharmacy-to-payment
/Users/jasonlee/Developer/source/docs/user-journeys/j62-prescription-to-pharmacy-to-payment/story.md	guide	explanation	product	current	j62-prescription-to-pharmacy-to-payment — Prescription To Pharmacy To Payment
/Users/jasonlee/Developer/source/docs/user-journeys/j62-prescription-to-pharmacy-to-payment/ux-flow.md	guide	explanation	product	current	UX Flow — j62-prescription-to-pharmacy-to-payment
/Users/jasonlee/Developer/source/docs/user-journeys/j63-clinical-trial-recruitment-to-consent/handshake.md	spec	reference	product	current	Handshake — j63-clinical-trial-recruitment-to-consent
/Users/jasonlee/Developer/source/docs/user-journeys/j63-clinical-trial-recruitment-to-consent/integration-test-plan.md	spec	reference	product	current	Integration Test Plan — j63-clinical-trial-recruitment-to-consent
/Users/jasonlee/Developer/source/docs/user-journeys/j63-clinical-trial-recruitment-to-consent/README.md	index	reference	product	current	README — j63-clinical-trial-recruitment-to-consent
/Users/jasonlee/Developer/source/docs/user-journeys/j63-clinical-trial-recruitment-to-consent/story.md	guide	explanation	product	current	j63-clinical-trial-recruitment-to-consent — Clinical Trial Recruitment To Consent
/Users/jasonlee/Developer/source/docs/user-journeys/j63-clinical-trial-recruitment-to-consent/ux-flow.md	guide	explanation	product	current	UX Flow — j63-clinical-trial-recruitment-to-consent
/Users/jasonlee/Developer/source/docs/user-journeys/j64-hospital-network-cross-tenant-referral/handshake.md	spec	reference	product	current	Handshake — j64-hospital-network-cross-tenant-referral
/Users/jasonlee/Developer/source/docs/user-journeys/j64-hospital-network-cross-tenant-referral/integration-test-plan.md	spec	reference	product	current	Integration Test Plan — j64-hospital-network-cross-tenant-referral
/Users/jasonlee/Developer/source/docs/user-journeys/j64-hospital-network-cross-tenant-referral/README.md	index	reference	product	current	README — j64-hospital-network-cross-tenant-referral
/Users/jasonlee/Developer/source/docs/user-journeys/j64-hospital-network-cross-tenant-referral/story.md	guide	explanation	product	current	j64-hospital-network-cross-tenant-referral — Hospital Network Cross Tenant Referral
/Users/jasonlee/Developer/source/docs/user-journeys/j64-hospital-network-cross-tenant-referral/ux-flow.md	guide	explanation	product	current	UX Flow — j64-hospital-network-cross-tenant-referral
/Users/jasonlee/Developer/source/docs/user-journeys/j65-gdpr-dsar-cascade-across-all-services/handshake.md	spec	reference	product	current	Handshake — j65-gdpr-dsar-cascade-across-all-services
/Users/jasonlee/Developer/source/docs/user-journeys/j65-gdpr-dsar-cascade-across-all-services/integration-test-plan.md	spec	reference	product	current	Integration Test Plan — j65-gdpr-dsar-cascade-across-all-services
/Users/jasonlee/Developer/source/docs/user-journeys/j65-gdpr-dsar-cascade-across-all-services/README.md	index	reference	product	current	README — j65-gdpr-dsar-cascade-across-all-services
/Users/jasonlee/Developer/source/docs/user-journeys/j65-gdpr-dsar-cascade-across-all-services/story.md	guide	explanation	product	current	j65-gdpr-dsar-cascade-across-all-services — Gdpr Dsar Cascade Across All Services
/Users/jasonlee/Developer/source/docs/user-journeys/j65-gdpr-dsar-cascade-across-all-services/ux-flow.md	guide	explanation	product	current	UX Flow — j65-gdpr-dsar-cascade-across-all-services
/Users/jasonlee/Developer/source/docs/user-journeys/j66-tax-quarterly-filing-multi-jurisdiction/handshake.md	spec	reference	product	current	Handshake — j66-tax-quarterly-filing-multi-jurisdiction
/Users/jasonlee/Developer/source/docs/user-journeys/j66-tax-quarterly-filing-multi-jurisdiction/integration-test-plan.md	spec	reference	product	current	Integration Test Plan — j66-tax-quarterly-filing-multi-jurisdiction
/Users/jasonlee/Developer/source/docs/user-journeys/j66-tax-quarterly-filing-multi-jurisdiction/README.md	index	reference	product	current	README — j66-tax-quarterly-filing-multi-jurisdiction
/Users/jasonlee/Developer/source/docs/user-journeys/j66-tax-quarterly-filing-multi-jurisdiction/story.md	guide	explanation	product	current	j66-tax-quarterly-filing-multi-jurisdiction — Tax Quarterly Filing Multi Jurisdiction
/Users/jasonlee/Developer/source/docs/user-journeys/j66-tax-quarterly-filing-multi-jurisdiction/ux-flow.md	guide	explanation	product	current	UX Flow — j66-tax-quarterly-filing-multi-jurisdiction
/Users/jasonlee/Developer/source/docs/user-journeys/j67-law-enforcement-warrant-response/handshake.md	spec	reference	product	current	Handshake — j67-law-enforcement-warrant-response
/Users/jasonlee/Developer/source/docs/user-journeys/j67-law-enforcement-warrant-response/integration-test-plan.md	spec	reference	product	current	Integration Test Plan — j67-law-enforcement-warrant-response
/Users/jasonlee/Developer/source/docs/user-journeys/j67-law-enforcement-warrant-response/README.md	index	reference	product	current	README — j67-law-enforcement-warrant-response
/Users/jasonlee/Developer/source/docs/user-journeys/j67-law-enforcement-warrant-response/story.md	guide	explanation	product	current	j67-law-enforcement-warrant-response — Law Enforcement Warrant Response
/Users/jasonlee/Developer/source/docs/user-journeys/j67-law-enforcement-warrant-response/ux-flow.md	guide	explanation	product	current	UX Flow — j67-law-enforcement-warrant-response
/Users/jasonlee/Developer/source/docs/user-journeys/j68-regulator-audit-pull-hippa-soc2-pci/handshake.md	spec	reference	product	current	Handshake — j68-regulator-audit-pull-hippa-soc2-pci
/Users/jasonlee/Developer/source/docs/user-journeys/j68-regulator-audit-pull-hippa-soc2-pci/integration-test-plan.md	spec	reference	product	current	Integration Test Plan — j68-regulator-audit-pull-hippa-soc2-pci
/Users/jasonlee/Developer/source/docs/user-journeys/j68-regulator-audit-pull-hippa-soc2-pci/README.md	index	reference	product	current	README — j68-regulator-audit-pull-hippa-soc2-pci
/Users/jasonlee/Developer/source/docs/user-journeys/j68-regulator-audit-pull-hippa-soc2-pci/story.md	guide	explanation	product	current	j68-regulator-audit-pull-hippa-soc2-pci — Regulator Audit Pull Hippa Soc2 Pci
/Users/jasonlee/Developer/source/docs/user-journeys/j68-regulator-audit-pull-hippa-soc2-pci/ux-flow.md	guide	explanation	product	current	UX Flow — j68-regulator-audit-pull-hippa-soc2-pci
/Users/jasonlee/Developer/source/docs/user-journeys/j69-llm-agent-managing-yejins-week/handshake.md	spec	reference	product	current	Handshake — j69-llm-agent-managing-yejins-week
/Users/jasonlee/Developer/source/docs/user-journeys/j69-llm-agent-managing-yejins-week/integration-test-plan.md	spec	reference	product	current	Integration Test Plan — j69-llm-agent-managing-yejins-week
/Users/jasonlee/Developer/source/docs/user-journeys/j69-llm-agent-managing-yejins-week/README.md	index	reference	product	current	README — j69-llm-agent-managing-yejins-week
/Users/jasonlee/Developer/source/docs/user-journeys/j69-llm-agent-managing-yejins-week/story.md	guide	explanation	product	current	j69-llm-agent-managing-yejins-week — Llm Agent Managing Yejins Week
/Users/jasonlee/Developer/source/docs/user-journeys/j69-llm-agent-managing-yejins-week/ux-flow.md	guide	explanation	product	current	UX Flow — j69-llm-agent-managing-yejins-week
/Users/jasonlee/Developer/source/docs/user-journeys/j70-ai-drafted-contract-human-finalized/handshake.md	spec	reference	product	current	Handshake — j70-ai-drafted-contract-human-finalized
/Users/jasonlee/Developer/source/docs/user-journeys/j70-ai-drafted-contract-human-finalized/integration-test-plan.md	spec	reference	product	current	Integration Test Plan — j70-ai-drafted-contract-human-finalized
/Users/jasonlee/Developer/source/docs/user-journeys/j70-ai-drafted-contract-human-finalized/README.md	index	reference	product	current	README — j70-ai-drafted-contract-human-finalized
/Users/jasonlee/Developer/source/docs/user-journeys/j70-ai-drafted-contract-human-finalized/story.md	guide	explanation	product	current	j70-ai-drafted-contract-human-finalized — Ai Drafted Contract Human Finalized
/Users/jasonlee/Developer/source/docs/user-journeys/j70-ai-drafted-contract-human-finalized/ux-flow.md	guide	explanation	product	current	UX Flow — j70-ai-drafted-contract-human-finalized
/Users/jasonlee/Developer/source/docs/user-journeys/j71-ai-detected-fraud-pattern-response/handshake.md	spec	reference	product	current	Handshake — j71-ai-detected-fraud-pattern-response
/Users/jasonlee/Developer/source/docs/user-journeys/j71-ai-detected-fraud-pattern-response/integration-test-plan.md	spec	reference	product	current	Integration Test Plan — j71-ai-detected-fraud-pattern-response
/Users/jasonlee/Developer/source/docs/user-journeys/j71-ai-detected-fraud-pattern-response/README.md	index	reference	product	current	README — j71-ai-detected-fraud-pattern-response
/Users/jasonlee/Developer/source/docs/user-journeys/j71-ai-detected-fraud-pattern-response/story.md	guide	explanation	product	current	j71-ai-detected-fraud-pattern-response — Ai Detected Fraud Pattern Response
/Users/jasonlee/Developer/source/docs/user-journeys/j71-ai-detected-fraud-pattern-response/ux-flow.md	guide	explanation	product	current	UX Flow — j71-ai-detected-fraud-pattern-response
/Users/jasonlee/Developer/source/docs/user-journeys/j72-ai-translation-cross-locale-business/handshake.md	spec	reference	product	current	Handshake — j72-ai-translation-cross-locale-business
/Users/jasonlee/Developer/source/docs/user-journeys/j72-ai-translation-cross-locale-business/integration-test-plan.md	spec	reference	product	current	Integration Test Plan — j72-ai-translation-cross-locale-business
/Users/jasonlee/Developer/source/docs/user-journeys/j72-ai-translation-cross-locale-business/README.md	index	reference	product	current	README — j72-ai-translation-cross-locale-business
/Users/jasonlee/Developer/source/docs/user-journeys/j72-ai-translation-cross-locale-business/story.md	guide	explanation	product	current	j72-ai-translation-cross-locale-business — Ai Translation Cross Locale Business
/Users/jasonlee/Developer/source/docs/user-journeys/j72-ai-translation-cross-locale-business/ux-flow.md	guide	explanation	product	current	UX Flow — j72-ai-translation-cross-locale-business
/Users/jasonlee/Developer/source/docs/user-journeys/j73-third-party-developer-publishes-plugin/handshake.md	spec	reference	product	likely-stale	Handshake — j73-third-party-developer-publishes-plugin
/Users/jasonlee/Developer/source/docs/user-journeys/j73-third-party-developer-publishes-plugin/integration-test-plan.md	spec	reference	product	likely-stale	Integration Test Plan — j73-third-party-developer-publishes-plugin
/Users/jasonlee/Developer/source/docs/user-journeys/j73-third-party-developer-publishes-plugin/README.md	index	reference	product	likely-stale	README — j73-third-party-developer-publishes-plugin
/Users/jasonlee/Developer/source/docs/user-journeys/j73-third-party-developer-publishes-plugin/story.md	guide	explanation	product	likely-stale	j73-third-party-developer-publishes-plugin — Third Party Developer Publishes Plugin
/Users/jasonlee/Developer/source/docs/user-journeys/j73-third-party-developer-publishes-plugin/ux-flow.md	guide	explanation	product	likely-stale	UX Flow — j73-third-party-developer-publishes-plugin
/Users/jasonlee/Developer/source/docs/user-journeys/j74-tenant-installs-plugin-and-it-spans-services/handshake.md	spec	reference	product	current	Handshake — j74-tenant-installs-plugin-and-it-spans-services
/Users/jasonlee/Developer/source/docs/user-journeys/j74-tenant-installs-plugin-and-it-spans-services/integration-test-plan.md	spec	reference	product	current	Integration Test Plan — j74-tenant-installs-plugin-and-it-spans-services
/Users/jasonlee/Developer/source/docs/user-journeys/j74-tenant-installs-plugin-and-it-spans-services/README.md	index	reference	product	current	README — j74-tenant-installs-plugin-and-it-spans-services
/Users/jasonlee/Developer/source/docs/user-journeys/j74-tenant-installs-plugin-and-it-spans-services/story.md	guide	explanation	product	current	j74-tenant-installs-plugin-and-it-spans-services — Tenant Installs Plugin And It Spans Ser
/Users/jasonlee/Developer/source/docs/user-journeys/j74-tenant-installs-plugin-and-it-spans-services/ux-flow.md	guide	explanation	product	current	UX Flow — j74-tenant-installs-plugin-and-it-spans-services
/Users/jasonlee/Developer/source/docs/user-journeys/j75-plugin-revoked-during-incident-response/handshake.md	spec	reference	product	likely-stale	Handshake — j75-plugin-revoked-during-incident-response
/Users/jasonlee/Developer/source/docs/user-journeys/j75-plugin-revoked-during-incident-response/integration-test-plan.md	spec	reference	product	likely-stale	Integration Test Plan — j75-plugin-revoked-during-incident-response
/Users/jasonlee/Developer/source/docs/user-journeys/j75-plugin-revoked-during-incident-response/README.md	index	reference	product	likely-stale	README — j75-plugin-revoked-during-incident-response
/Users/jasonlee/Developer/source/docs/user-journeys/j75-plugin-revoked-during-incident-response/story.md	guide	explanation	product	likely-stale	j75-plugin-revoked-during-incident-response — Plugin Revoked During Incident Response
/Users/jasonlee/Developer/source/docs/user-journeys/j75-plugin-revoked-during-incident-response/ux-flow.md	guide	explanation	product	likely-stale	UX Flow — j75-plugin-revoked-during-incident-response
/Users/jasonlee/Developer/source/docs/user-journeys/j76-eu-gdpr-dsar-full-cascade/handshake.md	spec	reference	product	current	j76 - Handshake
/Users/jasonlee/Developer/source/docs/user-journeys/j76-eu-gdpr-dsar-full-cascade/integration-test-plan.md	spec	reference	product	current	j76 - Integration test plan
/Users/jasonlee/Developer/source/docs/user-journeys/j76-eu-gdpr-dsar-full-cascade/README.md	index	reference	product	current	j76 - EU GDPR DSAR full cascade
/Users/jasonlee/Developer/source/docs/user-journeys/j76-eu-gdpr-dsar-full-cascade/story.md	guide	explanation	product	current	j76 - EU GDPR DSAR full cascade
/Users/jasonlee/Developer/source/docs/user-journeys/j76-eu-gdpr-dsar-full-cascade/ux-flow.md	guide	explanation	product	current	j76 - UX flow
/Users/jasonlee/Developer/source/docs/user-journeys/j77-eu-ai-act-high-risk-credit-decision/handshake.md	spec	reference	product	current	j77 - Handshake
/Users/jasonlee/Developer/source/docs/user-journeys/j77-eu-ai-act-high-risk-credit-decision/integration-test-plan.md	spec	reference	product	current	j77 - Integration test plan
/Users/jasonlee/Developer/source/docs/user-journeys/j77-eu-ai-act-high-risk-credit-decision/README.md	index	reference	product	current	j77 - EU AI Act high-risk credit decision
/Users/jasonlee/Developer/source/docs/user-journeys/j77-eu-ai-act-high-risk-credit-decision/story.md	guide	explanation	product	current	j77 - EU AI Act high-risk credit decision
/Users/jasonlee/Developer/source/docs/user-journeys/j77-eu-ai-act-high-risk-credit-decision/ux-flow.md	guide	explanation	product	current	j77 - UX flow
/Users/jasonlee/Developer/source/docs/user-journeys/j78-eu-nis2-breach-three-stage-cadence/handshake.md	spec	reference	product	current	j78 - Handshake
/Users/jasonlee/Developer/source/docs/user-journeys/j78-eu-nis2-breach-three-stage-cadence/integration-test-plan.md	spec	reference	product	current	j78 - Integration test plan
/Users/jasonlee/Developer/source/docs/user-journeys/j78-eu-nis2-breach-three-stage-cadence/README.md	index	reference	product	current	j78 - EU NIS2 breach three-stage cadence
/Users/jasonlee/Developer/source/docs/user-journeys/j78-eu-nis2-breach-three-stage-cadence/story.md	guide	explanation	product	current	j78 - EU NIS2 breach three-stage cadence
/Users/jasonlee/Developer/source/docs/user-journeys/j78-eu-nis2-breach-three-stage-cadence/ux-flow.md	guide	explanation	product	current	j78 - UX flow
/Users/jasonlee/Developer/source/docs/user-journeys/j79-eu-dsa-transparency-semi-annual-report/handshake.md	spec	reference	product	current	j79 - Handshake
/Users/jasonlee/Developer/source/docs/user-journeys/j79-eu-dsa-transparency-semi-annual-report/integration-test-plan.md	spec	reference	product	current	j79 - Integration test plan
/Users/jasonlee/Developer/source/docs/user-journeys/j79-eu-dsa-transparency-semi-annual-report/README.md	index	reference	product	current	j79 - EU DSA transparency semi-annual report
/Users/jasonlee/Developer/source/docs/user-journeys/j79-eu-dsa-transparency-semi-annual-report/story.md	guide	explanation	product	current	j79 - EU DSA transparency semi-annual report
/Users/jasonlee/Developer/source/docs/user-journeys/j79-eu-dsa-transparency-semi-annual-report/ux-flow.md	guide	explanation	product	current	j79 - UX flow
/Users/jasonlee/Developer/source/docs/user-journeys/j80-kr-pipa-personal-info-cross-border-transfer/handshake.md	spec	reference	product	current	j80 - Handshake
/Users/jasonlee/Developer/source/docs/user-journeys/j80-kr-pipa-personal-info-cross-border-transfer/integration-test-plan.md	spec	reference	product	current	j80 - Integration test plan
/Users/jasonlee/Developer/source/docs/user-journeys/j80-kr-pipa-personal-info-cross-border-transfer/README.md	index	reference	product	current	j80 - KR PIPA personal information cross-border transfer
/Users/jasonlee/Developer/source/docs/user-journeys/j80-kr-pipa-personal-info-cross-border-transfer/story.md	guide	explanation	product	current	j80 - KR PIPA personal information cross-border transfer
/Users/jasonlee/Developer/source/docs/user-journeys/j80-kr-pipa-personal-info-cross-border-transfer/ux-flow.md	guide	explanation	product	current	j80 - UX flow
/Users/jasonlee/Developer/source/docs/user-journeys/j81-kr-csap-sovereign-cell-audit-pull/handshake.md	spec	reference	product	current	j81 - Handshake
/Users/jasonlee/Developer/source/docs/user-journeys/j81-kr-csap-sovereign-cell-audit-pull/integration-test-plan.md	spec	reference	product	current	j81 - Integration test plan
/Users/jasonlee/Developer/source/docs/user-journeys/j81-kr-csap-sovereign-cell-audit-pull/README.md	index	reference	product	current	j81 - KR CSAP sovereign cell audit pull
/Users/jasonlee/Developer/source/docs/user-journeys/j81-kr-csap-sovereign-cell-audit-pull/story.md	guide	explanation	product	current	j81 - KR CSAP sovereign cell audit pull
/Users/jasonlee/Developer/source/docs/user-journeys/j81-kr-csap-sovereign-cell-audit-pull/ux-flow.md	guide	explanation	product	current	j81 - UX flow
/Users/jasonlee/Developer/source/docs/user-journeys/j82-kr-fss-financial-fraud-24h-freeze/handshake.md	spec	reference	product	current	j82 - Handshake
/Users/jasonlee/Developer/source/docs/user-journeys/j82-kr-fss-financial-fraud-24h-freeze/integration-test-plan.md	spec	reference	product	current	j82 - Integration test plan
/Users/jasonlee/Developer/source/docs/user-journeys/j82-kr-fss-financial-fraud-24h-freeze/README.md	index	reference	product	current	j82 - KR FSS financial fraud 24h freeze
/Users/jasonlee/Developer/source/docs/user-journeys/j82-kr-fss-financial-fraud-24h-freeze/story.md	guide	explanation	product	current	j82 - KR FSS financial fraud 24h freeze
/Users/jasonlee/Developer/source/docs/user-journeys/j82-kr-fss-financial-fraud-24h-freeze/ux-flow.md	guide	explanation	product	current	j82 - UX flow
/Users/jasonlee/Developer/source/docs/user-journeys/j83-cn-pipl-data-localization-and-cac-assessment/handshake.md	spec	reference	product	current	j83 - Handshake
/Users/jasonlee/Developer/source/docs/user-journeys/j83-cn-pipl-data-localization-and-cac-assessment/integration-test-plan.md	spec	reference	product	current	j83 - Integration test plan
/Users/jasonlee/Developer/source/docs/user-journeys/j83-cn-pipl-data-localization-and-cac-assessment/README.md	index	reference	product	current	j83 - CN PIPL data localization and CAC assessment
/Users/jasonlee/Developer/source/docs/user-journeys/j83-cn-pipl-data-localization-and-cac-assessment/story.md	guide	explanation	product	current	j83 - CN PIPL data localization and CAC assessment
/Users/jasonlee/Developer/source/docs/user-journeys/j83-cn-pipl-data-localization-and-cac-assessment/ux-flow.md	guide	explanation	product	current	j83 - UX flow
/Users/jasonlee/Developer/source/docs/user-journeys/j84-jp-appi-elder-user-consent/handshake.md	spec	reference	product	current	j84 - Handshake
/Users/jasonlee/Developer/source/docs/user-journeys/j84-jp-appi-elder-user-consent/integration-test-plan.md	spec	reference	product	current	j84 - Integration test plan
/Users/jasonlee/Developer/source/docs/user-journeys/j84-jp-appi-elder-user-consent/README.md	index	reference	product	current	j84 - JP APPI elder user consent
/Users/jasonlee/Developer/source/docs/user-journeys/j84-jp-appi-elder-user-consent/story.md	guide	explanation	product	current	j84 - JP APPI elder user consent
/Users/jasonlee/Developer/source/docs/user-journeys/j84-jp-appi-elder-user-consent/ux-flow.md	guide	explanation	product	current	j84 - UX flow
/Users/jasonlee/Developer/source/docs/user-journeys/j85-hipaa-end-to-end-phi-workflow/handshake.md	spec	reference	product	current	j85 - Handshake
/Users/jasonlee/Developer/source/docs/user-journeys/j85-hipaa-end-to-end-phi-workflow/integration-test-plan.md	spec	reference	product	current	j85 - Integration test plan
/Users/jasonlee/Developer/source/docs/user-journeys/j85-hipaa-end-to-end-phi-workflow/README.md	index	reference	product	current	j85 - HIPAA end-to-end PHI workflow
/Users/jasonlee/Developer/source/docs/user-journeys/j85-hipaa-end-to-end-phi-workflow/story.md	guide	explanation	product	current	j85 - HIPAA end-to-end PHI workflow
/Users/jasonlee/Developer/source/docs/user-journeys/j85-hipaa-end-to-end-phi-workflow/ux-flow.md	guide	explanation	product	current	j85 - UX flow
/Users/jasonlee/Developer/source/docs/user-journeys/j86-pci-dss-l1-tokenized-payment-flow/handshake.md	spec	reference	product	current	j86 - Handshake
/Users/jasonlee/Developer/source/docs/user-journeys/j86-pci-dss-l1-tokenized-payment-flow/integration-test-plan.md	spec	reference	product	current	j86 - Integration test plan
/Users/jasonlee/Developer/source/docs/user-journeys/j86-pci-dss-l1-tokenized-payment-flow/README.md	index	reference	product	current	j86 - PCI DSS L1 tokenized payment flow
/Users/jasonlee/Developer/source/docs/user-journeys/j86-pci-dss-l1-tokenized-payment-flow/story.md	guide	explanation	product	current	j86 - PCI DSS L1 tokenized payment flow
/Users/jasonlee/Developer/source/docs/user-journeys/j86-pci-dss-l1-tokenized-payment-flow/ux-flow.md	guide	explanation	product	current	j86 - UX flow
/Users/jasonlee/Developer/source/docs/user-journeys/j87-fedramp-high-il5-air-gap-deployment/handshake.md	spec	reference	product	current	j87 - Handshake
/Users/jasonlee/Developer/source/docs/user-journeys/j87-fedramp-high-il5-air-gap-deployment/integration-test-plan.md	spec	reference	product	current	j87 - Integration test plan
/Users/jasonlee/Developer/source/docs/user-journeys/j87-fedramp-high-il5-air-gap-deployment/README.md	index	reference	product	current	j87 - FedRAMP High IL5 air-gap deployment
/Users/jasonlee/Developer/source/docs/user-journeys/j87-fedramp-high-il5-air-gap-deployment/story.md	guide	explanation	product	current	j87 - FedRAMP High IL5 air-gap deployment
/Users/jasonlee/Developer/source/docs/user-journeys/j87-fedramp-high-il5-air-gap-deployment/ux-flow.md	guide	explanation	product	current	j87 - UX flow
/Users/jasonlee/Developer/source/docs/user-journeys/j88-au-irap-protected-tenant/handshake.md	spec	reference	product	current	j88 - Handshake
/Users/jasonlee/Developer/source/docs/user-journeys/j88-au-irap-protected-tenant/integration-test-plan.md	spec	reference	product	current	j88 - Integration test plan
/Users/jasonlee/Developer/source/docs/user-journeys/j88-au-irap-protected-tenant/README.md	index	reference	product	current	j88 - AU IRAP PROTECTED tenant
/Users/jasonlee/Developer/source/docs/user-journeys/j88-au-irap-protected-tenant/story.md	guide	explanation	product	current	j88 - AU IRAP PROTECTED tenant
/Users/jasonlee/Developer/source/docs/user-journeys/j88-au-irap-protected-tenant/ux-flow.md	guide	explanation	product	current	j88 - UX flow
/Users/jasonlee/Developer/source/docs/user-journeys/j89-uk-aadc-minor-ux-adaptation/handshake.md	spec	reference	product	current	j89 - Handshake
/Users/jasonlee/Developer/source/docs/user-journeys/j89-uk-aadc-minor-ux-adaptation/integration-test-plan.md	spec	reference	product	current	j89 - Integration test plan
/Users/jasonlee/Developer/source/docs/user-journeys/j89-uk-aadc-minor-ux-adaptation/README.md	index	reference	product	current	j89 - UK AADC minor UX adaptation
/Users/jasonlee/Developer/source/docs/user-journeys/j89-uk-aadc-minor-ux-adaptation/story.md	guide	explanation	product	current	j89 - UK AADC minor UX adaptation
/Users/jasonlee/Developer/source/docs/user-journeys/j89-uk-aadc-minor-ux-adaptation/ux-flow.md	guide	explanation	product	current	j89 - UX flow
/Users/jasonlee/Developer/source/docs/user-journeys/j90-us-ccpa-cpra-do-not-sell-opt-out/handshake.md	spec	reference	product	current	j90 - Handshake
/Users/jasonlee/Developer/source/docs/user-journeys/j90-us-ccpa-cpra-do-not-sell-opt-out/integration-test-plan.md	spec	reference	product	current	j90 - Integration test plan
/Users/jasonlee/Developer/source/docs/user-journeys/j90-us-ccpa-cpra-do-not-sell-opt-out/README.md	index	reference	product	current	j90 - US CCPA CPRA do-not-sell opt-out
/Users/jasonlee/Developer/source/docs/user-journeys/j90-us-ccpa-cpra-do-not-sell-opt-out/story.md	guide	explanation	product	current	j90 - US CCPA CPRA do-not-sell opt-out
/Users/jasonlee/Developer/source/docs/user-journeys/j90-us-ccpa-cpra-do-not-sell-opt-out/ux-flow.md	guide	explanation	product	current	j90 - UX flow
/Users/jasonlee/Developer/source/docs/user-journeys/j91-us-state-money-transmitter-licensing/handshake.md	spec	reference	product	likely-stale	j91 Handshake - US state money transmitter licensing for Yejin
/Users/jasonlee/Developer/source/docs/user-journeys/j91-us-state-money-transmitter-licensing/integration-test-plan.md	guide	explanation	product	likely-stale	j91 Integration Test Plan - US state money transmitter licensing for Yejin
/Users/jasonlee/Developer/source/docs/user-journeys/j91-us-state-money-transmitter-licensing/README.md	index	reference	product	likely-stale	j91 - US state money transmitter licensing for Yejin
/Users/jasonlee/Developer/source/docs/user-journeys/j91-us-state-money-transmitter-licensing/schemas/pack-state-bnf.md	spec	reference	product	current	j91 BNF v4.1 Pack State Grammar
/Users/jasonlee/Developer/source/docs/user-journeys/j91-us-state-money-transmitter-licensing/story.md	guide	explanation	product	likely-stale	j91 Story - US state money transmitter licensing for Yejin
/Users/jasonlee/Developer/source/docs/user-journeys/j91-us-state-money-transmitter-licensing/ux-flow.md	guide	explanation	product	likely-stale	j91 UX Flow - US state money transmitter licensing for Yejin
/Users/jasonlee/Developer/source/docs/user-journeys/j92-br-lgpd-dsar-with-us-parent/handshake.md	spec	reference	product	likely-stale	j92 Handshake - BR LGPD DSAR with US parent overlap for Tomas
/Users/jasonlee/Developer/source/docs/user-journeys/j92-br-lgpd-dsar-with-us-parent/integration-test-plan.md	guide	explanation	product	likely-stale	j92 Integration Test Plan - BR LGPD DSAR with US parent overlap for Tomas
/Users/jasonlee/Developer/source/docs/user-journeys/j92-br-lgpd-dsar-with-us-parent/README.md	index	reference	product	likely-stale	j92 - BR LGPD DSAR with US parent overlap for Tomas
/Users/jasonlee/Developer/source/docs/user-journeys/j92-br-lgpd-dsar-with-us-parent/schemas/pack-state-bnf.md	spec	reference	product	current	j92 BNF v4.1 Pack State Grammar
/Users/jasonlee/Developer/source/docs/user-journeys/j92-br-lgpd-dsar-with-us-parent/story.md	guide	explanation	product	likely-stale	j92 Story - BR LGPD DSAR with US parent overlap for Tomas
/Users/jasonlee/Developer/source/docs/user-journeys/j92-br-lgpd-dsar-with-us-parent/ux-flow.md	guide	explanation	product	likely-stale	j92 UX Flow - BR LGPD DSAR with US parent overlap for Tomas
/Users/jasonlee/Developer/source/docs/user-journeys/j93-in-dpdpa-rbi-financial-overlay/handshake.md	spec	reference	product	likely-stale	j93 Handshake - India DPDPA and RBI financial overlay for Aiyana
/Users/jasonlee/Developer/source/docs/user-journeys/j93-in-dpdpa-rbi-financial-overlay/integration-test-plan.md	guide	explanation	product	likely-stale	j93 Integration Test Plan - India DPDPA and RBI financial overlay for Aiyana
/Users/jasonlee/Developer/source/docs/user-journeys/j93-in-dpdpa-rbi-financial-overlay/README.md	index	reference	product	likely-stale	j93 - India DPDPA and RBI financial overlay for Aiyana
/Users/jasonlee/Developer/source/docs/user-journeys/j93-in-dpdpa-rbi-financial-overlay/schemas/pack-state-bnf.md	spec	reference	product	current	j93 BNF v4.1 Pack State Grammar
/Users/jasonlee/Developer/source/docs/user-journeys/j93-in-dpdpa-rbi-financial-overlay/story.md	guide	explanation	product	likely-stale	j93 Story - India DPDPA and RBI financial overlay for Aiyana
/Users/jasonlee/Developer/source/docs/user-journeys/j93-in-dpdpa-rbi-financial-overlay/ux-flow.md	guide	explanation	product	likely-stale	j93 UX Flow - India DPDPA and RBI financial overlay for Aiyana
/Users/jasonlee/Developer/source/docs/user-journeys/j94-sox-404-public-company-controls/handshake.md	spec	reference	product	likely-stale	j94 Handshake - SOX 404 public-company controls for Marcus
/Users/jasonlee/Developer/source/docs/user-journeys/j94-sox-404-public-company-controls/integration-test-plan.md	guide	explanation	product	likely-stale	j94 Integration Test Plan - SOX 404 public-company controls for Marcus
/Users/jasonlee/Developer/source/docs/user-journeys/j94-sox-404-public-company-controls/README.md	index	reference	product	likely-stale	j94 - SOX 404 public-company controls for Marcus
/Users/jasonlee/Developer/source/docs/user-journeys/j94-sox-404-public-company-controls/schemas/pack-state-bnf.md	spec	reference	product	current	j94 BNF v4.1 Pack State Grammar
/Users/jasonlee/Developer/source/docs/user-journeys/j94-sox-404-public-company-controls/story.md	guide	explanation	product	likely-stale	j94 Story - SOX 404 public-company controls for Marcus
/Users/jasonlee/Developer/source/docs/user-journeys/j94-sox-404-public-company-controls/ux-flow.md	guide	explanation	product	likely-stale	j94 UX Flow - SOX 404 public-company controls for Marcus
/Users/jasonlee/Developer/source/docs/user-journeys/j95-iso-27001-soc-2-annual-audit/handshake.md	spec	reference	product	likely-stale	j95 Handshake - Combined ISO 27001, ISO 22301, and SOC 2 annual audit for Marcus
/Users/jasonlee/Developer/source/docs/user-journeys/j95-iso-27001-soc-2-annual-audit/integration-test-plan.md	guide	explanation	product	likely-stale	j95 Integration Test Plan - Combined ISO 27001, ISO 22301, and SOC 2 annual audit for Marc
/Users/jasonlee/Developer/source/docs/user-journeys/j95-iso-27001-soc-2-annual-audit/README.md	index	reference	product	likely-stale	j95 - Combined ISO 27001, ISO 22301, and SOC 2 annual audit for Marcus
/Users/jasonlee/Developer/source/docs/user-journeys/j95-iso-27001-soc-2-annual-audit/schemas/pack-state-bnf.md	spec	reference	product	current	j95 BNF v4.1 Pack State Grammar
/Users/jasonlee/Developer/source/docs/user-journeys/j95-iso-27001-soc-2-annual-audit/story.md	guide	explanation	product	likely-stale	j95 Story - Combined ISO 27001, ISO 22301, and SOC 2 annual audit for Marcus
/Users/jasonlee/Developer/source/docs/user-journeys/j95-iso-27001-soc-2-annual-audit/ux-flow.md	guide	explanation	product	likely-stale	j95 UX Flow - Combined ISO 27001, ISO 22301, and SOC 2 annual audit for Marcus
/Users/jasonlee/Developer/source/docs/user-journeys/j96-ksa-uae-mena-tenant-onboarding/handshake.md	spec	reference	product	likely-stale	j96 Handshake - KSA and UAE MENA tenant onboarding
/Users/jasonlee/Developer/source/docs/user-journeys/j96-ksa-uae-mena-tenant-onboarding/integration-test-plan.md	guide	explanation	product	likely-stale	j96 Integration Test Plan - KSA and UAE MENA tenant onboarding
/Users/jasonlee/Developer/source/docs/user-journeys/j96-ksa-uae-mena-tenant-onboarding/README.md	index	reference	product	likely-stale	j96 - KSA and UAE MENA tenant onboarding
/Users/jasonlee/Developer/source/docs/user-journeys/j96-ksa-uae-mena-tenant-onboarding/schemas/pack-state-bnf.md	spec	reference	product	current	j96 BNF v4.1 Pack State Grammar
/Users/jasonlee/Developer/source/docs/user-journeys/j96-ksa-uae-mena-tenant-onboarding/story.md	guide	explanation	product	likely-stale	j96 Story - KSA and UAE MENA tenant onboarding
/Users/jasonlee/Developer/source/docs/user-journeys/j96-ksa-uae-mena-tenant-onboarding/ux-flow.md	guide	explanation	product	likely-stale	j96 UX Flow - KSA and UAE MENA tenant onboarding
/Users/jasonlee/Developer/source/docs/user-journeys/j97-sg-pdpa-mas-singapore-tenant/handshake.md	spec	reference	product	likely-stale	j97 Handshake - Singapore PDPA and MAS tenant onboarding
/Users/jasonlee/Developer/source/docs/user-journeys/j97-sg-pdpa-mas-singapore-tenant/integration-test-plan.md	guide	explanation	product	likely-stale	j97 Integration Test Plan - Singapore PDPA and MAS tenant onboarding
/Users/jasonlee/Developer/source/docs/user-journeys/j97-sg-pdpa-mas-singapore-tenant/README.md	index	reference	product	likely-stale	j97 - Singapore PDPA and MAS tenant onboarding
/Users/jasonlee/Developer/source/docs/user-journeys/j97-sg-pdpa-mas-singapore-tenant/schemas/pack-state-bnf.md	spec	reference	product	current	j97 BNF v4.1 Pack State Grammar
/Users/jasonlee/Developer/source/docs/user-journeys/j97-sg-pdpa-mas-singapore-tenant/story.md	guide	explanation	product	likely-stale	j97 Story - Singapore PDPA and MAS tenant onboarding
/Users/jasonlee/Developer/source/docs/user-journeys/j97-sg-pdpa-mas-singapore-tenant/ux-flow.md	guide	explanation	product	likely-stale	j97 UX Flow - Singapore PDPA and MAS tenant onboarding
/Users/jasonlee/Developer/source/docs/user-journeys/j98-au-privacy-apra-cps-234-tenant/handshake.md	spec	reference	product	likely-stale	j98 Handshake - Australian Privacy Act and APRA CPS 234 tenant onboarding
/Users/jasonlee/Developer/source/docs/user-journeys/j98-au-privacy-apra-cps-234-tenant/integration-test-plan.md	guide	explanation	product	likely-stale	j98 Integration Test Plan - Australian Privacy Act and APRA CPS 234 tenant onboarding
/Users/jasonlee/Developer/source/docs/user-journeys/j98-au-privacy-apra-cps-234-tenant/README.md	index	reference	product	likely-stale	j98 - Australian Privacy Act and APRA CPS 234 tenant onboarding
/Users/jasonlee/Developer/source/docs/user-journeys/j98-au-privacy-apra-cps-234-tenant/schemas/pack-state-bnf.md	spec	reference	product	current	j98 BNF v4.1 Pack State Grammar
/Users/jasonlee/Developer/source/docs/user-journeys/j98-au-privacy-apra-cps-234-tenant/story.md	guide	explanation	product	likely-stale	j98 Story - Australian Privacy Act and APRA CPS 234 tenant onboarding
/Users/jasonlee/Developer/source/docs/user-journeys/j98-au-privacy-apra-cps-234-tenant/ux-flow.md	guide	explanation	product	likely-stale	j98 UX Flow - Australian Privacy Act and APRA CPS 234 tenant onboarding
/Users/jasonlee/Developer/source/docs/user-journeys/j99-cross-jurisdiction-multi-pack-conflict-resolution/handshake.md	spec	reference	product	likely-stale	j99 Handshake - Cross-jurisdiction multi-pack conflict resolution
/Users/jasonlee/Developer/source/docs/user-journeys/j99-cross-jurisdiction-multi-pack-conflict-resolution/integration-test-plan.md	guide	explanation	product	likely-stale	j99 Integration Test Plan - Cross-jurisdiction multi-pack conflict resolution
/Users/jasonlee/Developer/source/docs/user-journeys/j99-cross-jurisdiction-multi-pack-conflict-resolution/README.md	index	reference	product	likely-stale	j99 - Cross-jurisdiction multi-pack conflict resolution
/Users/jasonlee/Developer/source/docs/user-journeys/j99-cross-jurisdiction-multi-pack-conflict-resolution/schemas/pack-state-bnf.md	spec	reference	product	current	j99 BNF v4.1 Pack State Grammar
/Users/jasonlee/Developer/source/docs/user-journeys/j99-cross-jurisdiction-multi-pack-conflict-resolution/story.md	guide	explanation	product	likely-stale	j99 Story - Cross-jurisdiction multi-pack conflict resolution
/Users/jasonlee/Developer/source/docs/user-journeys/j99-cross-jurisdiction-multi-pack-conflict-resolution/ux-flow.md	guide	explanation	product	likely-stale	j99 UX Flow - Cross-jurisdiction multi-pack conflict resolution
/Users/jasonlee/Developer/source/docs/user-journeys/README.md	index	reference	product	current	User Journeys Guide
/Users/jasonlee/Developer/source/docs/user-journeys/REPORT-j116-j150-remainder.md	other	reference	product	likely-stale	Deliverable report - j116-j150 remainder
/Users/jasonlee/Developer/source/docs/user-journeys/REPORT-j36-j50-hero.md	other	reference	product	likely-stale	j36-j50 Hero Journey Delivery Report
/Users/jasonlee/Developer/source/docs/user-journeys/REPORT-j51-j75-crossproduct.md	other	reference	product	likely-stale	j51-j75 Cross-Product Journey Delivery Report
/Users/jasonlee/Developer/source/docs/user-journeys/REPORT-j76-j90-locale-packs.md	guide	explanation	product	current	j76-j90 Locale-Pack Overlay Delivery Report
/Users/jasonlee/Developer/source/docs/user-journeys/REPORT-j91-j100-locale-pack-final.md	other	reference	product	likely-stale	Deliverable Report - j91-j100 Locale-Pack Overlay Final
/Users/jasonlee/Developer/source/docs/user-stories/b2b-work-surfaces.md	other	reference	spec/contract	current	B2B Work Surfaces — User Stories Compendium
/Users/jasonlee/Developer/source/docs/user-stories/b2c-consumer-surfaces.md	other	reference	spec/contract	current	B2C Consumer Surfaces — User Stories Compendium
/Users/jasonlee/Developer/source/docs/VENDOR-PARTNER-LEDGER.md	governance	explanation	governance/compliance	likely-stale	Oyatie — Vendor + Partner Ledger
/Users/jasonlee/Developer/source/docs/wiki/quickref/README.md	other	reference	index/meta	current	Oyatie wiki quick reference
