adr_id	number	status	date	owners	title	path	related_adrs	enforced_by	purpose
ADR-0001	0001	accepted	2026-05-09	Unknown	Adopt the cohesion thesis — one product across a flat microservice catalog joined at six shared substrates	docs/decisions/ADR-0001-cohesion-thesis-one-product-flat-catalog.md	ADR-0002; ADR-0003; ADR-0004; ADR-0005; ADR-0006; ADR-0007; ADR-0008; ADR-0009; ADR-0010; ADR-0011; ADR-0058; ADR-0059; ADR-0056		> **Status:** Accepted > **Owner:** `council-architecture` > **Date:** 2026-05-09 (rewritten 2026-05-13) > **Related:** ADR-0002, ADR-0003, ADR-0004, ADR-0005, ADR-0006, ADR-0007, ADR-0008, ADR-0009, ADR-0010, ADR-0011, ADR-0058, ADR-0059
ADR-0002	0002	proposed	2026-05-09	Unknown	Establish the Tenant and Identity kernel as the single substrate every axis consumes	docs/decisions/ADR-0002-tenant-and-identity-kernel.md	ADR-0001; ADR-0003; ADR-0007; ADR-0008; ADR-0009; ADR-0010; ADR-0011; ADR-0013; ADR-0005		> **Status:** Proposed > **Supersedes:** - > **Superseded-by:** - > **Owner:** `tenancy-identity` > **Date:** 2026-05-09 > **Related:** ADR-0001, ADR-0003, ADR-0007, ADR-0008, ADR-0009, ADR-0010
ADR-0003	0003	proposed	2026-05-09	Unknown	Audit chain and evidence emission as the single tamper-evident record-keeping substrate	docs/decisions/ADR-0003-audit-chain-and-evidence-emission.md	ADR-0001; ADR-0002; ADR-0004; ADR-0005; ADR-0007; ADR-0008; ADR-0011; ADR-0019; ADR-0013; ADR-0009		> **Status:** Proposed > **Supersedes:** - > **Superseded-by:** - > **Owner:** `platform-audit-chain` > **Date:** 2026-05-09 > **Related:** ADR-0001, ADR-0002, ADR-0004, ADR-0005, ADR-0007, ADR-0008, ADR-0011, ADR-0019
ADR-0004	0004	proposed	2026-05-09	Unknown	Plane separation across control / data / analytics with catalog-declared plane class	docs/decisions/ADR-0004-plane-separation-control-data-analytics.md	ADR-0001; ADR-0002; ADR-0003; ADR-0005; ADR-0006; ADR-0011; ADR-0015; ADR-0010; ADR-0007; ADR-0009		> **Status:** Proposed > **Supersedes:** - > **Superseded-by:** - > **Owner:** `council-architecture` > **Date:** 2026-05-09 > **Related:** ADR-0001, ADR-0002, ADR-0003, ADR-0005, ADR-0006, ADR-0011, ADR-0015
ADR-0005	0005	proposed	2026-05-09	Unknown	Eventing backbone on Apache Kafka with outbox pattern, CloudEvents envelope, and per-tenant per-cell partitioning	docs/decisions/ADR-0005-eventing-backbone-outbox-pattern.md	ADR-0001; ADR-0002; ADR-0003; ADR-0004; ADR-0009; ADR-0011; ADR-0013; ADR-0008; ADR-0007; ADR-0050		> **Status:** Proposed > **Supersedes:** - > **Superseded-by:** - > **Owner:** `foundry` (eventing kernel) + `council-architecture` > **Date:** 2026-05-09 > **Related:** ADR-0001, ADR-0002, ADR-0003, ADR-0004, ADR-0009, ADR-0011, ADR-0013
ADR-0006	0006	accepted	2026-05-09	Unknown	Ontology as the engine-enforced typed-entity layer with per-property tier classification	docs/decisions/ADR-0006-ontology-typed-entity-layer.md	ADR-0001; ADR-0002; ADR-0003; ADR-0007; ADR-0008; ADR-0009; ADR-0011; ADR-0055; ADR-0059; ADR-0106; ADR-0056; ADR-0107; ADR-0132; ADR-0019; ADR-0013		> **Status:** Accepted > **Owner:** `oya-ontology` > **Date:** 2026-05-09 (rewritten 2026-05-13 — "Ontology" renamed to "Ontology") > **Related:** ADR-0001, ADR-0002, ADR-0003, ADR-0007, ADR-0008, ADR-0009, ADR-0011, ADR-0055, ADR-0059
ADR-0007	0007	proposed	2026-05-09	Unknown	Cedar policy engine for RBAC/ABAC + persona-tier autonomy ceiling (T1–T4) with per-capability runtime enforcement	docs/decisions/ADR-0007-cedar-authorization-policy-and-persona-tier.md	ADR-0001; ADR-0002; ADR-0003; ADR-0008; ADR-0011; ADR-0006; ADR-0019; ADR-0010		> **Status:** Proposed > **Supersedes:** - > **Superseded-by:** - > **Owner:** `tenancy-identity` (Cedar surface) + `foundry` (autonomy ceiling) + `council-privacy` > **Date:** 2026-05-09 > **Related:** ADR-0001, ADR-0002, ADR-0003, ADR-0008, ADR-0011
ADR-0008	0008	accepted	2026-05-09	Unknown	Data Use Boundary — twelve data classes with HARD_DENY for PHI/PCI/PIPA-Art23/CHILDREN, orthogonal subject_class, purpose-permission matrix, and four-pillar flow matrix	docs/decisions/ADR-0008-data-use-boundary.md	ADR-0001; ADR-0002; ADR-0003; ADR-0006; ADR-0007; ADR-0010; ADR-0005; ADR-0012; ADR-0009		> **Status:** Accepted > **Supersedes:** - > **Superseded-by:** - > **Owner:** `council-privacy` > **Date:** 2026-05-09 (accepted 2026-05-14) > **Related:** ADR-0001, ADR-0002, ADR-0003, ADR-0006, ADR-0007, ADR-0010
ADR-0009	0009	proposed	2026-05-09	Unknown	Cell architecture — per-tenant per-region blast-radius cells with cell-routing primitives at edge / mesh / store / event	docs/decisions/ADR-0009-cell-architecture-per-tenant-per-region.md	ADR-0001; ADR-0002; ADR-0003; ADR-0004; ADR-0005; ADR-0006; ADR-0010; ADR-0007; ADR-0013; ADR-0044; ADR-0008; ADR-0019; ADR-0011		> **Status:** Proposed > **Supersedes:** - > **Superseded-by:** - > **Owner:** `cloud` > **Date:** 2026-05-09 > **Related:** ADR-0001, ADR-0002, ADR-0003, ADR-0004, ADR-0005, ADR-0006, ADR-0010
ADR-0010	0010	proposed	2026-05-09	Unknown	Regional pack architecture — canonical seams + per-locale plug-ins for regulatory, compliance, i18n, currency, calendar, tax, identity, payment, address, ecosystem partners, content safety, ad policy, industry data models, and vendor partners	docs/decisions/ADR-0010-regional-pack-architecture.md	ADR-0001; ADR-0002; ADR-0003; ADR-0008; ADR-0009; ADR-0011; ADR-0012; ADR-0013		> **Status:** Proposed > **Supersedes:** - > **Superseded-by:** - > **Owner:** `regional-packs` + `council-architecture` > **Date:** 2026-05-09 > **Related:** ADR-0001, ADR-0002, ADR-0003, ADR-0008, ADR-0009, ADR-0011, ADR-0012
ADR-0011	0011	accepted	2026-05-09	Unknown	Cross-microservice contract registry — `contracts/microservice-contracts.yaml` source-of-truth, openapi/proto/asyncapi sub-directories, oya-check-contracts CI lane, cross-microservice contract change protocol, auto-generated SDKs	docs/decisions/ADR-0011-cross-microservice-contract-registry.md	ADR-0001; ADR-0002; ADR-0003; ADR-0004; ADR-0005; ADR-0006; ADR-0007; ADR-0010; ADR-0015; ADR-0019; ADR-0058; ADR-0055; ADR-0059		> **Status:** Accepted > **Owner:** `oya-foundry` (registry surface) + `council-architecture` > **Date:** 2026-05-09 (rewritten 2026-05-13 — "axis" terminology replaced with "microservice") > **Related:** ADR-0001, ADR-0002, ADR-0003, ADR-0004, ADR-0005, ADR-0006, ADR-0007, ADR-0010, ADR-0015, ADR-0019, ADR-0058
ADR-0013	0013	proposed	2026-05-09	Unknown	Product license policy — allowed (Apache-2 / MIT / BSD-2/3 / ISC / 0BSD / MPL-2 / Unicode), forbidden in product code (AGPL / GPL), requires-review tier (LGPL / SSPL / BUSL / Elastic / RSAL / TSL / Confluent / AWS-FSL / Commons Clause), dev-only carve-out, oya-governance-license CI lane, per-release SBOM	docs/decisions/ADR-0013-product-license-policy.md	ADR-0001; ADR-0011; ADR-0014; ADR-0019; ADR-0010; ADR-0003		> **Status:** Proposed > **Supersedes:** - > **Superseded-by:** - > **Owner:** `council-architecture` + `ops-security` + `legal` > **Date:** 2026-05-09 > **Related:** ADR-0001, ADR-0011, ADR-0014, ADR-0019
ADR-0014	0014	proposed	2026-05-09	Unknown	Build-vs-buy policy — per-microservice matrix (in-house obligatory / external acceptable / requires-review), decision flow chart, per-dep metadata (license tier + maturity + isolation + replacement plan + owning team), oya-governance-build-vs-buy CI lane	docs/decisions/ADR-0014-build-vs-buy-policy.md	ADR-0001; ADR-0011; ADR-0013; ADR-0015; ADR-0019; ADR-0044; ADR-0045; ADR-0005; ADR-0050; ADR-0028; ADR-0039; ADR-0043; ADR-0023; ADR-0010		> **Status:** Proposed > **Supersedes:** - > **Superseded-by:** - > **Owner:** `council-architecture` + per-microservice leads > **Date:** 2026-05-09 > **Related:** ADR-0001, ADR-0011, ADR-0013, ADR-0015, ADR-0019
ADR-0015	0015	accepted	2026-05-09	Unknown	Architectural flattening target — flat-crates `crates/oya-<context>-<role>[-<capability>]/`, role taxonomy (kernel / domain / app / api / worker / adapter / runtime), dep-direction kernel←domain←app←api/worker/adapter←runtime, boundary validator, migration path from legacy modules / services / platform tree	docs/decisions/ADR-0015-architectural-flattening-target.md	ADR-0001; ADR-0002; ADR-0006; ADR-0011; ADR-0014; ADR-0017; ADR-0105; ADR-0106; ADR-0013; ADR-0004; ADR-0008; ADR-0007; ADR-0010		> **Status:** Accepted > **Supersedes:** - > **Superseded-by:** - > **Owner:** `council-architecture` > **Date:** 2026-05-09 > **Related:** ADR-0001, ADR-0002, ADR-0006, ADR-0011, ADR-0014, ADR-0017, ADR-0105, ADR-0106
ADR-0016	0016	proposed	2026-05-09	Unknown	Wave and plane integration framework — descriptive wave names (W-Foundation through W-Region-Fan-Out), per-wave gate criteria, status labels (preview / stable / GA), no M0/M1/M2/M3/minimum-shippable-tier vocab	docs/decisions/ADR-0016-wave-and-plane-integration-framework.md	ADR-0001; ADR-0004; ADR-0010; ADR-0011; ADR-0012; ADR-0017; ADR-0018; ADR-0019; ADR-0003; ADR-0002; ADR-0005; ADR-0006; ADR-0007; ADR-0008; ADR-0009; ADR-0013; ADR-0014; ADR-0015		> **Status:** Proposed > **Supersedes:** - > **Superseded-by:** - > **Owner:** `council-architecture` + `tactical-first-vertical-pilot` until first vertical preview ships > **Date:** 2026-05-09 > **Related:** ADR-0001, ADR-0004, ADR-0010, ADR-0011, ADR-0012, ADR-0017, ADR-0018, ADR-0019
ADR-0017	0017	accepted	2026-05-09	Unknown	Brand naming and repo layout — Oyatie / oYa logo / oyatie.com domain, oya-<microservice>-<layer> Cargo prefix, repo path / GitHub slug oyatie retained	docs/decisions/ADR-0017-brand-naming-and-repo-layout.md	ADR-0001; ADR-0011; ADR-0018; ADR-0056; ADR-0003		> **Status:** Accepted > **Owner:** `council-architecture` + `gtm-marketing` > **Date:** 2026-05-09 (rewritten 2026-05-13 — Cargo prefix updated to BNF v4.1; "axis" references removed) > **Related:** ADR-0001, ADR-0011, ADR-0018, ADR-0056
ADR-0018	0018	accepted	2026-05-09	Unknown	Glossary and terminology canon — industry-aligned vocabulary, Oyatie-specific terms with industry analog, Korean-English parity table, oya-check-glossary CI lane	docs/decisions/ADR-0018-glossary-and-terminology-canon.md	ADR-0001; ADR-0011; ADR-0056; ADR-0017; ADR-0019; ADR-0055; ADR-0058; ADR-0006; ADR-0035; ADR-0007; ADR-0004; ADR-0016		> **Status:** Accepted > **Owner:** `council-architecture` > **Date:** 2026-05-09 (rewritten 2026-05-13 — canonical glossary updated) > **Related:** ADR-0001, ADR-0011, ADR-0056, ADR-0017, ADR-0019, ADR-0055, ADR-0058
ADR-0019	0019	proposed	2026-05-09	council-privacy	Doc catalog and update protocol — every consolidated doc has owner / trigger / cadence / dependent-docs / validation; pre-flight + authoring + validation + review + publish stages; agent-authoring policy (agents propose; humans approve; catalog-validated additions auto-approved by the catalog gate); machine-readable mirror at machine-readable/catalog.json	docs/decisions/ADR-0019-doc-catalog-and-update-protocol.md	ADR-0001; ADR-0003; ADR-0011; ADR-0013; ADR-0016; ADR-0017; ADR-0018; ADR-0008; ADR-0010; ADR-0014; ADR-0015; ADR-0007		> **Status:** Proposed > **Supersedes:** - > **Superseded-by:** - > **Owner:** `council-architecture` > **Date:** 2026-05-09 > **Related:** ADR-0001, ADR-0003, ADR-0011, ADR-0013, ADR-0016, ADR-0017, ADR-0018
ADR-0020	0020	proposed	2026-05-09	Unknown	Foundry multi-provider adapter model — `ProviderAdapter` trait, ProviderAuth, capability-level routing	docs/decisions/ADR-0020-foundry-multi-provider-adapter-model.md	ADR-0021; ADR-0022; ADR-0024; ADR-0026; ADR-0043		> **Status:** Proposed > **Supersedes:** - > **Superseded-by:** - > **Owner:** `foundry` > **Date:** 2026-05-09 > **Related:** ADR-0021 (capability registry + MCP gateway), ADR-0022 (autonomy ceiling enforcement), ADR-0024 (eval harness + replay), ADR-0026 (in-house model substrate roadmap)
ADR-0021	0021	proposed	2026-05-09	Unknown	Foundry capability registry and MCP gateway — `Capability` schema, MCP-compatible discovery, per-tenant endpoint	docs/decisions/ADR-0021-foundry-capability-registry-and-mcp-gateway.md	ADR-0020; ADR-0022; ADR-0024; ADR-0025		> **Status:** Proposed > **Supersedes:** - > **Superseded-by:** - > **Owner:** `foundry` > **Date:** 2026-05-09 > **Related:** ADR-0020 (provider adapter model), ADR-0022 (autonomy ceiling enforcement), ADR-0024 (eval harness — gates publish), ADR-0025 (Foundry as engineering platform)
ADR-0022	0022	proposed	2026-05-09	Unknown	Autonomy ceiling — runtime enforcement via Cedar policy at every capability invocation	docs/decisions/ADR-0022-autonomy-ceiling-runtime-enforcement.md	ADR-0020; ADR-0021; ADR-0023; ADR-0024; ADR-0025		> **Status:** Proposed > **Supersedes:** - > **Superseded-by:** - > **Owner:** `foundry` > **Date:** 2026-05-09 > **Related:** ADR-0020 (provider adapter), ADR-0021 (capability registry), ADR-0023 (sandbox; complements process-level isolation), ADR-0024 (eval harness; adversarial cases test the ceiling), ADR-0025 (engineering-platform; same gates apply to agent-authored PRs)
ADR-0023	0023	proposed	2026-05-09	Unknown	Foundry sandbox — Wasmtime + WASI Preview 2 for short-lived tools, Firecracker microVMs for full-kernel tools	docs/decisions/ADR-0023-foundry-sandbox-wasmtime-firecracker.md	ADR-0020; ADR-0021; ADR-0022; ADR-0025; ADR-0024		> **Status:** Proposed > **Supersedes:** - > **Superseded-by:** - > **Owner:** `foundry` > **Date:** 2026-05-09 > **Related:** ADR-0020 (provider adapter), ADR-0021 (capability registry — capability declares which sandbox class it needs), ADR-0022 (autonomy ceiling — sandbox is process-level defense-in-depth), ADR-0025 (engineering platform — sandbox-spawn metering rolls into scorecards)
ADR-0024	0024	proposed	2026-05-09	Unknown	Foundry eval harness and replay — per-capability golden sets, A/B routing, adversarial cohorts, regional linguistic eval	docs/decisions/ADR-0024-foundry-eval-harness-and-replay.md	ADR-0020; ADR-0021; ADR-0022; ADR-0023; ADR-0026; ADR-0043; ADR-0003		> **Status:** Proposed > **Supersedes:** - > **Superseded-by:** - > **Owner:** `foundry` > **Date:** 2026-05-09 > **Related:** ADR-0020 (provider adapter — A/B targets), ADR-0021 (capability registry — eval gate at publish), ADR-0022 (autonomy ceiling — adversarial cohort tests bypass attempts), ADR-0023 (sandbox — replay needs deterministic tool execution), ADR-0026 (in-house substrate — eval is the gate that decides when an in-house variant supplants a provider)
ADR-0025	0025	proposed	2026-05-09	Unknown	Foundry as the engineering platform — repoctl, catalog, gates, fitness functions, supply chain, customer-facing builder surfaces all under one axis	docs/decisions/ADR-0025-foundry-as-engineering-platform.md	ADR-0020; ADR-0021; ADR-0022; ADR-0023; ADR-0024		> **Status:** Proposed > **Supersedes:** - > **Superseded-by:** - > **Owner:** `foundry` > **Date:** 2026-05-09 > **Related:** ADR-0020 (provider adapter), ADR-0021 (capability registry), ADR-0022 (autonomy ceiling), ADR-0023 (sandbox), ADR-0024 (eval harness — same gate substrate)
ADR-0026	0026	proposed	2026-05-09	Unknown	In-house AI model substrate — long-horizon W-AI-Model-Substrate; consume providers until per-vertical eval suite favors in-house	docs/decisions/ADR-0026-in-house-ai-model-substrate-roadmap.md	ADR-0020; ADR-0024; ADR-0025; ADR-0027; ADR-0021		> **Status:** Proposed > **Supersedes:** - > **Superseded-by:** - > **Owner:** `foundry` > **Date:** 2026-05-09 > **Related:** ADR-0020 (provider adapter — the trait extends to in-house IDs), ADR-0024 (eval harness — the cutover gate), ADR-0025 (engineering platform — supplies the data and gate substrate), ADR-0027 (vision/speech/robotics sub-substrates — built on the same kernel)
ADR-0027	0027	proposed	2026-05-09	Unknown	Robotics, vision, and speech sub-substrates — vision/speech model crates, robotics control plane, deterministic latency, safety-critical anti-scope	docs/decisions/ADR-0027-robotics-vision-speech-sub-substrates.md	ADR-0020; ADR-0022; ADR-0024; ADR-0026; ADR-0021; ADR-0023		> **Status:** Proposed > **Supersedes:** - > **Superseded-by:** - > **Owner:** `foundry` (model substrates) + `vertical-industrial` (robotics control consumers) > **Date:** 2026-05-09 > **Related:** ADR-0020 (provider adapter — vision/speech models extend the trait), ADR-0022 (autonomy ceiling — T4 disabled by default for safety-critical actuation), ADR-0024 (eval harness — per-substrate eval cohorts), ADR-0026 (in-house substrate — vision/speech models live on the same kernel)
ADR-0028	0028	accepted	2026-05-09	Unknown	Cloud microservice — compute substrate with stable product surface across three infrastructure phases	docs/decisions/ADR-0028-cloud-microservice-architecture.md	ADR-0001; ADR-0002; ADR-0003; ADR-0007; ADR-0011; ADR-0032; ADR-0042; ADR-0043; ADR-0044; ADR-0045; ADR-0049; ADR-0058; ADR-0056		> **Status:** Accepted > **Owner:** `oya-cloud` > **Date:** 2026-05-09 (rewritten 2026-05-13 — Cloud is a flat µservice, not an "axis") > **Related:** ADR-0001, ADR-0002, ADR-0003, ADR-0007, ADR-0011, ADR-0032, ADR-0042, ADR-0043, ADR-0044, ADR-0045, ADR-0049, ADR-0058
ADR-0029	0029	accepted	2026-05-09	Unknown	Connect microservice — dual-context communications (Professional + Personal) as cohesion-bound replacement for Google Workspace / M365 / Naver Works / Kakao Work	docs/decisions/ADR-0029-connect-dual-context-architecture.md	ADR-0001; ADR-0002; ADR-0003; ADR-0007; ADR-0011; ADR-0028; ADR-0035; ADR-0038; ADR-0043; ADR-0049; ADR-0055; ADR-0058; ADR-0060; ADR-0208; ADR-0215; ADR-0056; ADR-0036; ADR-0045; ADR-0042		> **Status:** Accepted > **Owner:** `oya-connect` > **Date:** 2026-05-09 (rewritten 2026-05-13 — "Workspace" product renamed to "Connect"; flat µservice framing) > **Related:** ADR-0001, ADR-0002, ADR-0003, ADR-0007, ADR-0011, ADR-0028, ADR-0035, ADR-0038, ADR-0043, ADR-0049, ADR-0055, ADR-0058, ADR-0060
ADR-0030	0030	accepted	2026-05-09	Unknown	Search microservice — crawler / parser / index / ranker / SERP architecture with KR-first morphology and Data-Use-Boundary segregation	docs/decisions/ADR-0030-search-microservice-architecture.md	ADR-0001; ADR-0003; ADR-0007; ADR-0008; ADR-0011; ADR-0028; ADR-0031; ADR-0046; ADR-0047; ADR-0048; ADR-0049; ADR-0058; ADR-0035; ADR-0006; ADR-0055; ADR-0056		> **Status:** Accepted > **Owner:** `oya-search` > **Date:** 2026-05-09 (rewritten 2026-05-13 — Search is a flat µservice, not an "axis") > **Related:** ADR-0001, ADR-0003, ADR-0007, ADR-0008, ADR-0011, ADR-0028, ADR-0031, ADR-0046, ADR-0047, ADR-0048, ADR-0049, ADR-0058
ADR-0031	0031	accepted	2026-05-09	Unknown	Ads + Analytics microservice — singleton tenant-ads-gate sourcing, sub-100ms auction, privacy-preserving attribution, Data-Use-Boundary at runtime	docs/decisions/ADR-0031-ads-and-analytics-microservice-architecture.md	ADR-0001; ADR-0003; ADR-0007; ADR-0008; ADR-0011; ADR-0028; ADR-0029; ADR-0030; ADR-0038; ADR-0058; ADR-0056; ADR-0045		> **Status:** Accepted > **Owner:** `oya-ads` > **Date:** 2026-05-09 (rewritten 2026-05-13 — Ads+Analytics is a flat µservice, not an "axis") > **Related:** ADR-0001, ADR-0003, ADR-0007, ADR-0008, ADR-0011, ADR-0028, ADR-0029, ADR-0030, ADR-0038, ADR-0058
ADR-0032	0032	proposed	2026-05-09	Unknown	DCIM software for Oyatie-owned DC operations — `crates/oya-cloud-dcops-*` with anti-scope on custom silicon	docs/decisions/ADR-0032-dcim-software-for-own-dc-ops.md	ADR-0001; ADR-0003; ADR-0007; ADR-0011; ADR-0028; ADR-0029; ADR-0042; ADR-0049; ADR-0002; ADR-0038		> **Status:** Proposed > **Supersedes:** - > **Superseded-by:** - > **Owner:** `cloud` > **Date:** 2026-05-09 > **Related:** ADR-0001, ADR-0003, ADR-0007, ADR-0011, ADR-0028, ADR-0029, ADR-0042, ADR-0049
ADR-0034	0034	accepted	2026-05-09	Unknown	Per-microservice data class overrides — microservice-side hard-deny pack that tenant admin cannot raise	docs/decisions/ADR-0034-per-microservice-data-class-overrides.md	ADR-0001; ADR-0007; ADR-0008; ADR-0011; ADR-0029; ADR-0030; ADR-0031; ADR-0038; ADR-0049; ADR-0058; ADR-0056; ADR-0062		> **Status:** Accepted > **Owner:** `council-architecture` > **Date:** 2026-05-09 (rewritten 2026-05-13 — "vertical" terminology replaced with "microservice") > **Related:** ADR-0001, ADR-0007, ADR-0008, ADR-0011, ADR-0029, ADR-0030, ADR-0031, ADR-0038, ADR-0049, ADR-0058
ADR-0035	0035	proposed	2026-05-09	Unknown	Workflow engine — hybrid state-machine + DAG (not pure BPMN), per-tenant versioning, jurisdiction overlay, agent-authored steps	docs/decisions/ADR-0035-workflow-engine-state-machine-and-dag-hybrid.md	ADR-0001; ADR-0003; ADR-0007; ADR-0011; ADR-0028; ADR-0029; ADR-0033; ADR-0034; ADR-0049; ADR-0045; ADR-0038; ADR-0037; ADR-0042		> **Status:** Proposed > **Supersedes:** - > **Superseded-by:** - > **Owner:** `foundry` > **Date:** 2026-05-09 > **Related:** ADR-0001, ADR-0003, ADR-0007, ADR-0011, ADR-0028, ADR-0029, ADR-0033, ADR-0034, ADR-0049
ADR-0036	0036	proposed	2026-05-09	Unknown	Plugin substrate — Wasmtime + WASI Preview 2 with capability-gated context, Cosign signing, trust tiers, marketplace economics	docs/decisions/ADR-0036-plugin-substrate-wasm-and-trust.md	ADR-0001; ADR-0003; ADR-0007; ADR-0011; ADR-0029; ADR-0033; ADR-0034; ADR-0037; ADR-0038; ADR-0039; ADR-0028; ADR-0002; ADR-0043; ADR-0042		> **Status:** Proposed > **Supersedes:** - > **Superseded-by:** - > **Owner:** `foundry` > **Date:** 2026-05-09 > **Related:** ADR-0001, ADR-0003, ADR-0007, ADR-0011, ADR-0029, ADR-0033, ADR-0034, ADR-0037, ADR-0038, ADR-0039
ADR-0037	0037	proposed	2026-05-09	Unknown	Public API stability tiers — preview / stable / GA with semver-diff PR gate, contract-first SDK generation, per-deprecation telemetry	docs/decisions/ADR-0037-public-api-stability-tiers-and-deprecation.md	ADR-0001; ADR-0003; ADR-0011; ADR-0033; ADR-0036; ADR-0038; ADR-0042; ADR-0050; ADR-0029; ADR-0034		> **Status:** Proposed > **Supersedes:** - > **Superseded-by:** - > **Owner:** `council-architecture` > **Date:** 2026-05-09 > **Related:** ADR-0001, ADR-0003, ADR-0011, ADR-0033, ADR-0036, ADR-0038, ADR-0042, ADR-0050
ADR-0038	0038	proposed	2026-05-09	Unknown	Trust framework — cross-microservice lineage, DSR cascade across all all microservices, Cosign-signed proof-of-erasure, tenant trust portal	docs/decisions/ADR-0038-trust-framework-and-dsr-cascade-and-proof-of-erasure.md	ADR-0001; ADR-0003; ADR-0007; ADR-0008; ADR-0028; ADR-0029; ADR-0030; ADR-0031; ADR-0033; ADR-0034; ADR-0039; ADR-0043; ADR-0049; ADR-0011; ADR-0037; ADR-0042; ADR-0036		> **Status:** Proposed > **Supersedes:** - > **Superseded-by:** - > **Owner:** `council-architecture` > **Date:** 2026-05-09 > **Related:** ADR-0001, ADR-0003, ADR-0007, ADR-0008, ADR-0028, ADR-0029, ADR-0030, ADR-0031, ADR-0033, ADR-0034, ADR-0039, ADR-0043, ADR-0049
ADR-0039	0039	proposed	2026-05-09	Unknown	Supply chain security — Trivy 4-layer scan, Cosign keyless signing, SBOM dual-format, signed commits and tags, Kyverno admission	docs/decisions/ADR-0039-supply-chain-security-trivy-cosign-sbom-signed-commits.md	ADR-0001; ADR-0003; ADR-0036; ADR-0037; ADR-0038; ADR-0040; ADR-0041; ADR-0043; ADR-0050; ADR-0028; ADR-0042		> **Status:** Proposed > **Supersedes:** - > **Superseded-by:** - > **Owner:** `foundry` > **Date:** 2026-05-09 > **Related:** ADR-0001, ADR-0003, ADR-0036, ADR-0037, ADR-0038, ADR-0040, ADR-0041, ADR-0043, ADR-0050
ADR-0040	0040	proposed	2026-05-09	Unknown	Progressive delivery — Argo Rollouts canary, blue-green for stateful surfaces, metric-gated rollback at SLO burn-rate ≥ 14.4×	docs/decisions/ADR-0040-progressive-delivery-canary-blue-green-metric-gated-rollback.md	ADR-0001; ADR-0003; ADR-0028; ADR-0037; ADR-0038; ADR-0041; ADR-0042; ADR-0050; ADR-0045; ADR-0039; ADR-0034		> **Status:** Proposed > **Supersedes:** - > **Superseded-by:** - > **Owner:** `foundry` > **Date:** 2026-05-09 > **Related:** ADR-0001, ADR-0003, ADR-0028, ADR-0037, ADR-0038, ADR-0041, ADR-0042, ADR-0050
ADR-0041	0041	proposed	2026-05-09	Unknown	GitOps — trunk-based development with release branch cut at tag, merge queue with one-PR-at-a-time root-Cargo-touch	docs/decisions/ADR-0041-gitops-trunk-based-and-release-branch-cut-at-tag.md	ADR-0001; ADR-0037; ADR-0039; ADR-0040; ADR-0042; ADR-0050; ADR-0031; ADR-0034; ADR-0032; ADR-0035; ADR-0028		> **Status:** Proposed > **Supersedes:** - > **Superseded-by:** - > **Owner:** `foundry` > **Date:** 2026-05-09 > **Related:** ADR-0001, ADR-0037, ADR-0039, ADR-0040, ADR-0042, ADR-0050
ADR-0042	0042	proposed	2026-05-09	Unknown	Observability stack — OpenTelemetry SDK + VictoriaMetrics, in-house Leptos portal long-horizon, gen_ai semconv per capability	docs/decisions/ADR-0042-observability-stack-otel-and-in-house-ui.md	ADR-0001; ADR-0003; ADR-0007; ADR-0011; ADR-0028; ADR-0036; ADR-0037; ADR-0038; ADR-0040; ADR-0043; ADR-0034		> **Status:** Proposed > **Supersedes:** - > **Superseded-by:** - > **Owner:** `foundry` > **Date:** 2026-05-09 > **Related:** ADR-0001, ADR-0003, ADR-0007, ADR-0011, ADR-0028, ADR-0036, ADR-0037, ADR-0038, ADR-0040, ADR-0043
ADR-0043	0043	proposed	2026-05-09	Unknown	Secrets management — OpenBao (MPL-2; supersedes Vault BUSL), per-tenant per-cell HSM partition (KCminimum-shippable-tier + FIPS 140-3), per-capability SecretProvider	docs/decisions/ADR-0043-secrets-management-openbao-and-hsm-per-cell.md	ADR-0001; ADR-0003; ADR-0007; ADR-0011; ADR-0028; ADR-0029; ADR-0036; ADR-0038; ADR-0039; ADR-0044; ADR-0026; ADR-0042; ADR-0002; ADR-0034		> **Status:** Proposed > **Supersedes:** - > **Superseded-by:** - > **Owner:** `foundry` > **Date:** 2026-05-09 > **Related:** ADR-0001, ADR-0003, ADR-0007, ADR-0011, ADR-0028, ADR-0029, ADR-0036, ADR-0038, ADR-0039
ADR-0044	0044	proposed	2026-05-09	Unknown	Service mesh — Istio Ambient mode for east-west, Envoy as edge gateway, mTLS everywhere, per-cell namespace, audited cross-cell traffic	docs/decisions/ADR-0044-service-mesh-istio-ambient-and-envoy-gateway.md	ADR-0001; ADR-0003; ADR-0007; ADR-0028; ADR-0042; ADR-0043; ADR-0038; ADR-0030; ADR-0002; ADR-0049; ADR-0029		> **Status:** Proposed > **Supersedes:** - > **Superseded-by:** - > **Owner:** `cloud` > **Date:** 2026-05-09 > **Related:** ADR-0001, ADR-0003, ADR-0007, ADR-0028, ADR-0042, ADR-0043
ADR-0045	0045	proposed	2026-05-09	Unknown	Database tier strategy — PostgreSQL + Citus for OLTP, ClickHouse-fork for OLAP, Iceberg + DataFusion for lakehouse	docs/decisions/ADR-0045-database-tier-strategy.md	ADR-0001; ADR-0003; ADR-0028; ADR-0033; ADR-0034; ADR-0040; ADR-0042; ADR-0049; ADR-0038; ADR-0046; ADR-0047; ADR-0037; ADR-0043; ADR-0013		> **Status:** Proposed > **Supersedes:** - > **Superseded-by:** - > **Owner:** `foundry` > **Date:** 2026-05-09 > **Related:** ADR-0001, ADR-0003, ADR-0028, ADR-0033, ADR-0034, ADR-0040, ADR-0042, ADR-0049
ADR-0046	0046	proposed	2026-05-09	Unknown	Vector store strategy — pgvector day-1, in-house Rust HNSW/IVF at billion-scale long-horizon, FAISS only as adapter	docs/decisions/ADR-0046-vector-store-strategy.md	ADR-0001; ADR-0026; ADR-0030; ADR-0033; ADR-0045; ADR-0047; ADR-0007; ADR-0008; ADR-0038; ADR-0049; ADR-0034		> **Status:** Proposed > **Supersedes:** - > **Superseded-by:** - > **Owner:** `foundry` > **Date:** 2026-05-09 > **Related:** ADR-0001, ADR-0026, ADR-0030, ADR-0033, ADR-0045, ADR-0047
ADR-0047	0047	proposed	2026-05-09	Unknown	Search backend strategy — pgroonga day-1 (LGPL legal isolation), Tantivy in-Rust at scale, OpenSearch as Apache-2 adapter, in-house long-horizon	docs/decisions/ADR-0047-search-backend-strategy.md	ADR-0001; ADR-0030; ADR-0045; ADR-0046; ADR-0048; ADR-0039; ADR-0034; ADR-0028; ADR-0038		> **Status:** Proposed > **Supersedes:** - > **Superseded-by:** - > **Owner:** `axis-search` > **Date:** 2026-05-09 > **Related:** ADR-0001, ADR-0030, ADR-0045, ADR-0046, ADR-0048
ADR-0048	0048	proposed	2026-05-09	Unknown	Korean morphology + multilingual tokenization — `Tokenizer` trait per language family, mecab-ko + khaiii FFI day-1, in-house Rust port long-horizon	docs/decisions/ADR-0048-korean-morphology-and-multilingual-tokenization.md	ADR-0001; ADR-0013; ADR-0030; ADR-0033; ADR-0047; ADR-0029; ADR-0026; ADR-0046; ADR-0042; ADR-0003		> **Status:** Proposed > **Supersedes:** - > **Superseded-by:** - > **Owner:** `axis-search` > **Date:** 2026-05-09 > **Related:** ADR-0001, ADR-0013, ADR-0030, ADR-0033, ADR-0047
ADR-0049	0049	proposed	2026-05-09	Unknown	Cross-region replication + residency — per-pack default residency class, opt-in cross-region per consent, immutable post-create	docs/decisions/ADR-0049-cross-region-replication-and-residency.md	ADR-0001; ADR-0008; ADR-0028; ADR-0029; ADR-0033; ADR-0034; ADR-0038; ADR-0043; ADR-0045; ADR-0007; ADR-0044; ADR-0003		> **Status:** Proposed > **Supersedes:** - > **Superseded-by:** - > **Owner:** `council-architecture` > **Date:** 2026-05-09 > **Related:** ADR-0001, ADR-0008, ADR-0028, ADR-0029, ADR-0033, ADR-0034, ADR-0038, ADR-0043, ADR-0045
ADR-0050	0050	proposed	2026-05-09	Unknown	Automation-first pipeline — Google + Amazon doctrine, sccache + remote execution, affected-graph testing, Foundry-driven PR triage	docs/decisions/ADR-0050-automation-first-pipeline.md	ADR-0001; ADR-0007; ADR-0011; ADR-0037; ADR-0039; ADR-0040; ADR-0041; ADR-0042; ADR-0028; ADR-0034		> **Status:** Proposed > **Supersedes:** - > **Superseded-by:** - > **Owner:** `foundry` > **Date:** 2026-05-09 > **Related:** ADR-0001, ADR-0007, ADR-0011, ADR-0037, ADR-0039, ADR-0040, ADR-0041, ADR-0042
ADR-0051	0051	accepted	2026-05-09	Unknown	Mobile and Native Client Strategy	docs/decisions/ADR-0051-mobile-and-native-client-strategy.md	ADR-0001; ADR-0010; ADR-0017; ADR-0044; ADR-0021; ADR-0022; ADR-0011; ADR-0008; ADR-0039; ADR-0003		- **Status:** Accepted - **Date:** 2026-05-09 - **Owner:** `axis-workspace` (productivity native apps) + `axis-saas` (tenant-builder native apps) + `council-architecture` - **Supersedes:** the legacy mobile-clients quality-bar, multi-form-factor, and Compose↔SwiftUI parity cluster per [`ADR-LEGACY-REGRESSION-MAPPING.md`](../ADR-LEGACY-REGRESSION-MAPPING.md) - **Related:** ADR-0001 (cohesion thesis — single brand surface across all clients), ADR-0010 (regional-pack architecture — per-region store / privacy variations), ADR-0017 (brand naming + repo layout), ADR-0044 (gateway / mTLS — mobile-to-API edge)
ADR-0052	0052	Superseded	2026-05-12	council-architecture; foundry	Canonical Inventory Ledger for the grit/icm Cutover	docs/decisions/ADR-0052-inventory-grit-cutover.md	ADR-0118; ADR-0053; ADR-0054; ADR-0015; ADR-0019; ADR-0025; ADR-0039; ADR-0001; ADR-0018		Canonical inventory ledger for the grit/icm cutover; classifies every file/dir/script under oyatie/ and bominal/agents/ + bominal/docs/ scope by closed-set action (KEEP/KEEP+ANNOTATE/REPLACE-WITH-GRIT/REPLACE-WITH-ICM/REPLACE-WITH-HELPER/ARCHIVE/DELETE/FLAG-FOR-USER).
ADR-0053	0053	Accepted	2026-05-12	council-architecture; foundry	grit + icm + oya-tooling-agent-read as sole sanctioned primitives for agentic work	docs/decisions/ADR-0053-grit-icm-as-sanctioned-primitives.md	ADR-0052; ADR-0054; ADR-0116		Fix the agent-callable coordination/state-transition primitive set at {grit, icm, oya-tooling-agent-read}. Direct git/gh permitted only with documented rationale per Directive 12.
ADR-0054	0054	deprecated	2026-05-16	Unknown	Resolve new-crate chicken-and-egg via grit scaffold-claim pattern (icm-coordination-lock fallback)	docs/decisions/ADR-0054-grit-scaffold-claim-pattern.md	ADR-0116; ADR-0052; ADR-0053; ADR-0015; ADR-0041; ADR-0056; ADR-0057		> **Superseded by ADR-0116 (2026-05-16)** — external agent-coordination tooling (grit, rtk, icm, vox) is retired; the Foundry pipeline (M01-P18) is the canonical workflow. See `docs/decisions/ADR-0116-retire-external-agent-coordination-tooling.md`.
ADR-0055	0055	accepted	2026-05-13	Unknown	Object Graph renamed to Ontology	docs/decisions/ADR-0055-object-graph-renamed-to-ontology.md	ADR-0006; ADR-0059; ADR-0018; ADR-0106; ADR-0056; ADR-0107; ADR-0003; ADR-0132; ADR-0062; ADR-0060		> **Status:** Accepted > **Owner:** `council-architecture` > **Date:** 2026-05-13 > **Related:** ADR-0006, ADR-0059, ADR-0018
ADR-0056	0056	Accepted	2026-05-13	Unknown	Rust Clean Architecture BNF v4.1 — Flat Microservice Grammar + 12-Layer Enum	docs/decisions/ADR-0056-rust-clean-architecture-bnf.md	ADR-0015; ADR-0017; ADR-0054; ADR-0057; ADR-0058; ADR-0062; ADR-0037; ADR-0100; ADR-0101; ADR-0102; ADR-0103; ADR-0105; ADR-0125; ADR-0060		Formalise the canonical BNF v4.1 `oya-<microservice>-(<bc-tokens>-)?<layer>` with 12 closed layer values for every oya-* Rust crate. Replaces v4.0 `shared|vertical` slot2 enum with open microservice kebab token. Establishes the bounded-context registry as a living document, the cloud dual-role + public_layers mechanism, the build-tooling vs coordination-primitive distinction, and the flat oya-check-<rule-name> namespace for cross-cutting checks. Sources docs/plans/rename-plan-v4-clean-arch-2026-05-13.md §2 + §11 and session decisions 2026-05-13.
ADR-0057	0057	Accepted	2026-05-13	Unknown	Cutover Mechanics — Rename Plan v4 (Hybrid C)	docs/decisions/ADR-0057-cutover-mechanics-rename-plan-v4.md	ADR-0055; ADR-0015; ADR-0053; ADR-0054; ADR-0056		Formalise the Hybrid C cutover topology for the v4 rename plan: Shard 0 pure-tooling precursor + atomic Shard 1 rename/metadata/dep-edge/CI cutover. Supersedes ADR-0055 (v3-era taxonomy, fitness/freeze/expedite primitives). Documents lockfile-rename xtask, 4-partition reviewer streams, cross-vertical refusal enforcement, rollback/expedite protocol.
ADR-0058	0058	accepted	2026-05-13	Unknown	Flat microservice catalog — Product Groups retired	docs/decisions/ADR-0058-flat-microservice-catalog.md	ADR-0001; ADR-0056; ADR-0059; ADR-0060; ADR-0061; ADR-0062; ADR-0101		> **Status:** Accepted > **Owner:** `council-architecture` > **Date:** 2026-05-13 > **Related:** ADR-0001, ADR-0056, ADR-0059, ADR-0060, ADR-0061, ADR-0062
ADR-0059	0059	accepted	2026-05-13	Unknown	Workflow + Ontology = ecosystem adapter layer	docs/decisions/ADR-0059-workflow-ontology-ecosystem-adapter-layer.md	ADR-0001; ADR-0006; ADR-0035; ADR-0055; ADR-0058; ADR-0060; ADR-0062; ADR-0107; ADR-0132; ADR-0116; ADR-0101; ADR-0103; ADR-0056; ADR-0106		> **Status:** Accepted > **Owner:** `council-architecture` > **Date:** 2026-05-13 > **Related:** ADR-0001, ADR-0006, ADR-0035, ADR-0055, ADR-0058, ADR-0060, ADR-0062
ADR-0060	0060	accepted	2026-05-13	Unknown	Bominal-inheritance precedence — default inherit Bominal ADRs; session decisions override	docs/decisions/ADR-0060-bominal-inheritance-precedence.md	ADR-0001; ADR-0055; ADR-0056; ADR-0058; ADR-0059; ADR-0061; ADR-0062; ADR-0011; ADR-0232; ADR-0018; ADR-0106; ADR-0208; ADR-0121; ADR-0017; ADR-0019; ADR-0020; ADR-0021; ADR-0028; ADR-0100; ADR-0105; ADR-0107; ADR-0108; ADR-0112; ADR-0116; ADR-0117; ADR-0118; ADR-0119; ADR-0120; ADR-0123; ADR-0125; ADR-0126; ADR-0127; ADR-0128; ADR-0190; ADR-0132; ADR-0140; ADR-0145; ADR-0209; ADR-0210; ADR-0215; ADR-0223; ADR-0224; ADR-0231		> **Status:** Accepted > **Owner:** `council-architecture` > **Date:** 2026-05-13 > **Related:** ADR-0001, ADR-0055, ADR-0056, ADR-0058, ADR-0059, ADR-0061, ADR-0062
ADR-0061	0061	accepted	2026-05-13	Unknown	Application — B2B unified shell with à-la-carte product enablement	docs/decisions/ADR-0061-application-b2b-unified-shell.md	ADR-0001; ADR-0002; ADR-0007; ADR-0058; ADR-0059; ADR-0060; ADR-0062; ADR-0121; ADR-0056; ADR-0123; ADR-0011; ADR-0035; ADR-0003; ADR-0208; ADR-0118; ADR-0101; ADR-0125		> **Status:** Accepted > **Owner:** `council-architecture` > **Date:** 2026-05-13 > **Related:** ADR-0001, ADR-0002, ADR-0007, ADR-0058, ADR-0059, ADR-0060, ADR-0062
ADR-0062	0062	accepted	2026-05-13	Unknown	Quality/Performance/Scalability bar — industry leaders + hyperscaler scale, mandatory from day one	docs/decisions/ADR-0062-quality-performance-scalability-bar.md	ADR-0001; ADR-0009; ADR-0056; ADR-0058; ADR-0059; ADR-0060; ADR-0123; ADR-0107; ADR-0116; ADR-0028; ADR-0020; ADR-0118; ADR-0117; ADR-0049; ADR-0037; ADR-0100; ADR-0101; ADR-0102; ADR-0103; ADR-0105; ADR-0125; ADR-0050; ADR-0019		> **Status:** Accepted > **Owner:** `council-architecture` > **Date:** 2026-05-13 > **Related:** ADR-0001, ADR-0009, ADR-0056, ADR-0058, ADR-0059, ADR-0060
ADR-0063	0063	accepted	2026-05-13	Unknown	Documentation suite coverage — every planned feature ships with a complete doc suite, CI-enforced	docs/decisions/ADR-0063-documentation-suite-coverage.md	ADR-0001; ADR-0011; ADR-0056; ADR-0058; ADR-0059; ADR-0060; ADR-0062; ADR-0064; ADR-0020		> **Status:** Accepted > **Owner:** `council-architecture` > **Date:** 2026-05-13 > **Related:** ADR-0001, ADR-0011, ADR-0056, ADR-0058, ADR-0059, ADR-0060, ADR-0062, ADR-0064
ADR-0064	0064	accepted	2026-05-13	Unknown	Canonical base + localization packs — pack-pluggable µservice architecture, Korea is pack #1	docs/decisions/ADR-0064-canonical-base-and-localization-packs.md	ADR-0056; ADR-0058; ADR-0059; ADR-0060; ADR-0062; ADR-0063; ADR-0140; ADR-0145; ADR-0190		> **Status:** Accepted > **Owner:** `council-architecture` > **Date:** 2026-05-13 > **Related:** ADR-0056, ADR-0058, ADR-0059, ADR-0060, ADR-0062, ADR-0063, Bominal ADR-0140 (retired per ADR-0145) (inherited)
ADR-0065	0065	accepted	2026-05-13	<team-id>	Documentation as Leptos web pages with machine-readable JSON/YAML/TOML co-emission	docs/decisions/ADR-0065-docs-as-leptos-webapp-with-machine-readable-coemit.md	ADR-0056; ADR-0058; ADR-0059; ADR-0061; ADR-0063; ADR-0064; ADR-0208; ADR-0209		> **Status:** Accepted > **Owner:** `council-architecture` + `axis-foundry` > **Date:** 2026-05-13 > **Related:** ADR-0056, ADR-0058, ADR-0059, ADR-0061, ADR-0063, ADR-0064
ADR-0066	0066	accepted	2026-05-13	Unknown	Live code-introspection — docs portal reflects realtime project state with full endpoint / dep graph / dead-code coverage	docs/decisions/ADR-0066-live-code-introspection-docs-portal.md	ADR-0056; ADR-0058; ADR-0061; ADR-0063; ADR-0064; ADR-0065; ADR-0059; ADR-0020; ADR-0209		> **Status:** Accepted > **Owner:** `axis-foundry` + `council-architecture` > **Date:** 2026-05-13 > **Related:** ADR-0056, ADR-0058, ADR-0061, ADR-0063, ADR-0064, ADR-0065
ADR-0067	0067	accepted	2026-05-13	Unknown	`ops.oyatie.com` — the canonical hyperscaler-grade operations console for the entire oyatie platform	docs/decisions/ADR-0067-ops-oyatie-com-hyperscaler-operations-console.md	ADR-0061; ADR-0063; ADR-0064; ADR-0065; ADR-0066; ADR-0020; ADR-0117; ADR-0132; ADR-0123; ADR-0209; ADR-0224; ADR-0028; ADR-0009; ADR-0049; ADR-0107		> **Status:** Accepted > **Owner:** `council-architecture` + `axis-foundry` + `ops-sre-reliability` > **Date:** 2026-05-13 > **Related:** ADR-0061 (Application B2B shell), ADR-0063, ADR-0064, ADR-0065 (docs Leptos), ADR-0066 (live introspection), Bominal ADR-0020 (observability), Bominal ADR-0117 (cell architecture), Bominal ADR-0132 (Cedar pillars)
ADR-0069	0069	accepted	2026-05-13	Unknown	Active machine-readable artifact contract — 9-capability declaration, knowledge-graph substrate, registry-pattern control plane	docs/decisions/ADR-0069-active-machine-readable-artifact-contract.md	ADR-0015; ADR-0056; ADR-0063; ADR-0067; ADR-0088		> **Status:** Accepted > **Owner:** `council-architecture` + `axis-foundry` > **Date:** 2026-05-13 > **Related:** ADR-0015 (flat-crates), ADR-0056 (BNF v4.1), ADR-0063 (doc-coverage), ADR-0067 (ops portal), ADR-0088 (foundry microservice scaffolding)
ADR-0083	0083	Accepted	2026-05-15	Unknown	Rust Error-Handling Tier Decision — thiserror at libraries / anyhow at binaries / no panics in library code	docs/decisions/ADR-0083-rust-error-handling-tier-decision.md	ADR-0015; ADR-0017; ADR-0037; ADR-0056; ADR-0069		Formalise the thiserror (library crates) / anyhow (binary crates) tier decision + `.unwrap()` / `.expect()` prohibition in non-test library code + silent-failure prevention via the `silent-failure-hunter` reviewer agent. Resolves the missing-ADR finding from TG3 sprawl audit pair-7 (docs/standards/error-handling.md was the sole authority for these rules; this ADR provides the decision-log entry for traceability).
ADR-0090	0090	accepted	2026-05-14	Unknown	Hyper canonical HTTP backbone (ADR-tracked LTS extension for hyper 1.x)	docs/decisions/ADR-0090-hyper-canonical-http-backbone.md	ADR-0064		> **Status:** Accepted > **Date:** 2026-05-14 > **Owner:** `council-architecture` > **Supersedes:** — > **Superseded-by:** — > **Related:** ADR-0064
ADR-0091	0091	accepted	2026-05-14	Unknown	Foundry write-gate foundations (Phase 05 contract)	docs/decisions/ADR-0091-foundry-write-gate-foundations.md	ADR-0054; ADR-0090; ADR-0064		> **Status:** Accepted > **Date:** 2026-05-14 > **Owner:** `council-foundry` > **Supersedes:** — > **Superseded-by:** — > **Related:** ADR-0054, ADR-0090
ADR-0092	0092	accepted	2026-05-14	Unknown	Workspace dependency-seam policy	docs/decisions/ADR-0092-workspace-dependency-seam-policy.md	ADR-0054; ADR-0056; ADR-0062; ADR-0069; ADR-0090; ADR-0093; ADR-0094; ADR-0095		> **Status:** Accepted > **Date:** 2026-05-14 > **Owner:** `council-architecture` > **Supersedes:** — > **Superseded-by:** — > **Related:** ADR-0054, ADR-0056, ADR-0062, ADR-0069, ADR-0090, ADR-0093, ADR-0094, ADR-0095
ADR-0093	0093	accepted	2026-05-14	Unknown	DeadlineMiddleware → LatencyBudgetReporter (honest naming)	docs/decisions/ADR-0093-latency-budget-reporter-rename.md	ADR-0092		> **Status:** Accepted > **Date:** 2026-05-14 > **Owner:** `council-architecture` > **Related:** ADR-0092
ADR-0094	0094	accepted	2026-05-14	Unknown	`Handler` trait with associated `Error` type	docs/decisions/ADR-0094-handler-trait-with-associated-error.md	ADR-0090; ADR-0092		> **Status:** Accepted > **Date:** 2026-05-14 > **Owner:** `council-architecture` > **Related:** ADR-0090, ADR-0092
ADR-0095	0095	accepted	2026-05-14	Unknown	`TenantSlug` centralized in `oya-tenancy-kernel`	docs/decisions/ADR-0095-tenant-slug-in-tenancy-kernel.md	ADR-0092; ADR-0056		> **Status:** Accepted > **Date:** 2026-05-14 > **Owner:** `council-architecture` > **Related:** ADR-0092, ADR-0056
ADR-0096	0096	accepted	2026-05-15	council-architecture	Supervisor Language: Rust, not Node	docs/decisions/ADR-0096-supervisor-language-rust-not-node.md	ADR-0056; ADR-0092; ADR-0003; ADR-0042		Status
ADR-0097	0097	accepted	2026-05-15	council-architecture	Rename `oya-foundry-account-adapter-*` — Layer Token Must Be Last	docs/decisions/ADR-0097-foundry-account-adapter-rename-target-slot-last.md	ADR-0056; ADR-0096		Status
ADR-0098	0098	accepted	2026-05-15	council-architecture	Supervisor Dep-Policy Branch Y: Zero Net-New External Deps + Best-Effort Durability	docs/decisions/ADR-0098-supervisor-dep-policy-Y-zero-deps-best-effort-durability.md	ADR-0092; ADR-0096; ADR-0003		Status
ADR-0099	0099	accepted	2026-05-15	council-architecture	Cedar Policy Extension: Foundry Supervisor Capabilities at T1–T4	docs/decisions/ADR-0099-cedar-policy-extend-supervisor-capabilities.md	ADR-0007; ADR-0022; ADR-0096; ADR-0098		Status
ADR-0100	0100	Accepted	2026-05-15	council-architecture	Foundry Supervisor Public Contract (Lean-a10)	docs/decisions/ADR-0100-supervisor-public-contract-lean-a10.md	ADR-0056		Status Accepted
ADR-0101	0101	Accepted	2026-05-15	council-architecture	Foundry Supervisor Mountpoint (Direct Hyper)	docs/decisions/ADR-0101-supervisor-mountpoint-direct-hyper.md			Status Accepted
ADR-0102	0102	Accepted	2026-05-15	council-architecture	Foundry Settings Template Canonical Rendering	docs/decisions/ADR-0102-foundry-settings-template-canonical-rendering.md			Status Accepted
ADR-0103	0103	Accepted	2026-05-14	council-architecture	Grit cutover inventory of legacy primitives	docs/decisions/ADR-0103-grit-cutover-inventory.md	ADR-0052; ADR-0054		Context
ADR-0104	0104	Accepted	2026-05-15	council-architecture	Ecosystem-expansion principle for check-lane + adapter crate reintroduction	docs/decisions/ADR-0104-ecosystem-expansion-toolchain-and-adapters.md	ADR-0056; ADR-0059; ADR-0062; ADR-0118		Status Accepted
ADR-0105	0105	Accepted	2026-05-15	council-architecture	13-value canonical layer enum + check-family + backend-suffix patterns (amends ADR-0056)	docs/decisions/ADR-0105-13-layer-enum-and-check-family-patterns.md	ADR-0056; ADR-0104; ADR-0107; ADR-0053; ADR-0106		Status Accepted (amends ADR-0056 §"12-Value Layer Enum")
ADR-0106	0106	Accepted	2026-05-15	council-architecture	Rename `application` layer to `usecase` (amends ADR-0105)	docs/decisions/ADR-0106-rename-application-to-usecase.md	ADR-0105; ADR-0056; ADR-0061		Status Accepted
ADR-0107	0107	Superseded	2026-05-15	council-architecture	`tools/` directory canonical-suffix binding (was: implicit `app` layer — superseded)	docs/decisions/ADR-0107-tools-implicit-app-convention.md	ADR-0105; ADR-0056; ADR-0104; ADR-0106; ADR-0108; ADR-0053; ADR-0118; ADR-0054; ADR-0109		Status **Superseded by ADR-0105** (2026-05-15 lifecycle transition; see §"Amendment 2026-05-15 — Superseded" below). The original "implicit-app" exception was REMOVED on 2026-05-15 by self-amendment; the canonical `tools/` suffix-binding rule that replaced it has since been fully absorbed by ADR-0105 §"Amendment 2026-05-15 — `tools/` canonical-suffix binding (paired with ADR-0107 supersede)". ADR-0107 retains no unique decision content and exists as a historical record only.
ADR-0108	0108	Accepted	2026-05-15	council-architecture	Sunset → deprecation → removal lifecycle automation schema (machine-readable)	docs/decisions/ADR-0108-sunset-lifecycle-automation.md	ADR-0037; ADR-0054; ADR-0056; ADR-0083; ADR-0104; ADR-0105; ADR-0107; ADR-0109; ADR-0067		Status Accepted — 2026-05-15.
ADR-0109	0109	Accepted	2026-05-15	council-architecture	Lifecycle-automation framework (generic kernel + per-lifecycle configs)	docs/decisions/ADR-0109-lifecycle-automation-framework.md	ADR-0037; ADR-0054; ADR-0056; ADR-0104; ADR-0105; ADR-0107; ADR-0108; ADR-0083		Status Accepted — 2026-05-15.
ADR-0110	0110	Proposed	2026-05-16	council-foundry-vcs	Changeset state machine	docs/decisions/ADR-0110-changeset-state-machine.md	ADR-0054; ADR-0083; ADR-0086; ADR-0112; ADR-0113; ADR-0111; ADR-0058; ADR-0056		Define the canonical changeset state machine and event log shape that the dev > staging > production pipeline orchestrates against.
ADR-0111	0111	Proposed	2026-05-16	council-foundry-vcs	Merge queue: projected-merge-state + fix-at-any-stage	docs/decisions/ADR-0111-merge-queue-projected-state-fix-at-any-stage.md	ADR-0110; ADR-0112; ADR-0113; ADR-0056		Define the merge-queue algorithm (projected-merge-state diff validation + fix-at-any-stage adjustment) that prevents divergence + conflicts under heavy agentic concurrency.
ADR-0112	0112	Proposed	2026-05-16	council-foundry-vcs	Webhook-driven Foundry agent invocation	docs/decisions/ADR-0112-webhook-driven-foundry-agent-invocation.md	ADR-0110; ADR-0111; ADR-0113; ADR-0058; ADR-0056		Define the webhook-driven Foundry-agent invocation substrate (HTTP receiver, HMAC verify, dedup, retry, post-back) that makes the agentic pipeline event-driven instead of poll-driven.
ADR-0113	0113	Proposed	2026-05-16	council-foundry-vcs	VCS orchestrator (`oya vcs done`) end-to-end	docs/decisions/ADR-0113-vcs-orchestrator-end-to-end.md	ADR-0110; ADR-0111; ADR-0112; ADR-0083		Define the `oya vcs done` orchestrator that drives a changeset through the full agentic pipeline (PR-open → CI → review → merge → promote) and the agentic subscription contract for callers.
ADR-0114	0114	Proposed	2026-05-16	council-foundry-vcs	Canary observability gate + rollback	docs/decisions/ADR-0114-canary-observability-rollback.md	ADR-0110; ADR-0111; ADR-0112; ADR-0113; ADR-0033; ADR-0058		Define the canary observability gate that conditions dev→staging→production auto-promotion + the rollback mechanism when canary fails.
ADR-0115	0115	Accepted	2026-05-16	council-architecture	Registry consolidation: flat singular `registry/`	docs/decisions/ADR-0115-registry-consolidation-flat-singular.md	ADR-0054; ADR-0069; ADR-0097		Promote `registry/` (flat, singular) as the canonical home for all machine-readable registry entries; retire `registries/cross-cutting/` (plural + nested).
ADR-0116	0116	accepted	2026-05-16	Unknown	Retire external agent-coordination tooling (grit, rtk, icm, vox) in favour of the Foundry pipeline	docs/decisions/ADR-0116-retire-external-agent-coordination-tooling.md	ADR-0054; ADR-0052; ADR-0110; ADR-0115; ADR-0053; ADR-0111; ADR-0112; ADR-0113		> **Status:** Accepted — 2026-05-16 > **Supersedes:** ADR-0054 (grit scaffold-claim pattern) > **Owner:** `council-architecture` + `foundry-vcs` > **Date:** 2026-05-16 > **doc_class:** DecisionRecord > **purpose:** Formally retire grit, rtk, icm, and vox from the repo's prescribed agent-coordination surface. The in-repo Foundry pipeline (M01-P18 substrate landed in PR #5 + the wave-A webhook-receiver work) is now the sole canonical workflow for concurrent agent work. > **enforced_by:** `oya-foundry-vcs-admission-gate` + branch-pipeline review/CI lanes > **Related:** ADR-0054 (deprecated by this ADR), ADR-0052/0053 (historical inventories of the retired primitives), ADR-0110/0111/0112/0113 (Foundry pipeline substrate), ADR-0115 (sibling registry consolidation landed via PR #9)
ADR-0117	0117	Accepted	2026-05-16	council-developer-experience	Repo hygiene: gitignore .audit/, consolidate kyverno admission	docs/decisions/ADR-0117-repo-hygiene-gitignore-audit-config-and-kyverno-consolidation.md	ADR-0039; ADR-0041; ADR-0052; ADR-0115; ADR-0118		Document the small hygiene PR that gitignores accidentally tracked session-scoped audit artifacts (.audit/) and consolidates the single-file deploy/gitops/oya-vcs-admission policy under the established infra/kyverno/ admission-policy root. The tracked .config/nextest.toml stays because CI requires [profile.ci].
ADR-0118	0118	Accepted	2026-05-16	axis-foundry	Retire archive-orphan fitness lane	docs/decisions/ADR-0118-retire-archive-orphan-fitness-lane.md	ADR-0052; ADR-0116; ADR-0110; ADR-0111; ADR-0112; ADR-0113; ADR-0117; ADR-0108; ADR-0056		Retire the one-time archive-orphan fitness lane and pre-grit archive payload after ADR-0116 establishes the Foundry pipeline (M01-P18) as the canonical VCS substrate.
ADR-0119	0119	Accepted	2026-05-16	council-architecture	Specs flat-root topology	docs/decisions/ADR-0119-specs-flat-root-topology.md	ADR-0115; ADR-0116; ADR-0121; ADR-0110		Retire the former nested spec scope directory by hoisting its machine-readable specifications to the flat `specs/` root, preserving history through git moves and aligning spec topology with the Foundry pipeline contribution substrate.
ADR-0120	0120	accepted	2026-05-16	Unknown	Rust-first on-prem tooling; every install paired with uninstall	docs/decisions/ADR-0120-rust-first-onprem-tooling-with-paired-uninstall.md	ADR-0083; ADR-0121		> **Status:** Accepted > **Owner:** `axis-foundry` + `ops-sre` > **Date:** 2026-05-16 > **Decision driver:** user directive 2026-05-16 ("we only keep limited number of shell scripts and keep everything else rust"; "every install, cleanup, action, script, bootstrap should come with cleanup and uninstall").
ADR-0121	0121	accepted	2026-05-16	Unknown	On-prem Kubernetes stack — vanilla kubeadm + containerd + Istio + Envoy	docs/decisions/ADR-0121-onprem-k8s-stack-kubeadm-containerd-istio-envoy.md	ADR-0009; ADR-0028; ADR-0043; ADR-0044; ADR-0117; ADR-0119; ADR-0120		> **Status:** Accepted > **Owner:** `axis-cloud` + `axis-foundry` > **Date:** 2026-05-16 > **Decision driver:** user directive 2026-05-16 ("istio + envoy + kubeadm + containerd"), ADR-0043 production-cell hardening, ADR-0117 OKE parity
ADR-0122	0122	Accepted	2026-05-16	council-architecture	Ontology crate rename — retire "object-graph" naming	docs/decisions/ADR-0122-ontology-crate-rename-from-object-graph.md	ADR-0056; ADR-0106; ADR-0107; ADR-0133		Rename oya-platform-object-graph-kernel crate (and any siblings) to oya-ontology-* per the glossary rename Object Graph → Ontology (matching Palantir terminology); aligns crate names with /specs/microservices/ontology.json + Bominal-ADR-0106; eliminates the stale "object-graph" token from the canonical naming surface.
ADR-0123	0123	Accepted	2026-05-17	council-architecture	Hyperscaler maturity claim gate	docs/decisions/ADR-0123-hyperscaler-maturity-claim-gate.md	ADR-0116		Make "we are hyperscaler mature" an evidence-gated claim, with Workflow Studio, integrations, pipeline, CI/CD, toolchain, development cycle, guardrails, safety, UX, ease of use, and competitor response as blocking surfaces.
ADR-0124	0124	accepted	2026-05-17	jason931225	Own merge-queue policy — webhook-driven, GitHub-merge-queue-free	docs/decisions/ADR-0124-own-merge-queue-webhook-driven.md	ADR-0111; ADR-0112; ADR-0113; ADR-0116		Context
ADR-0128	0128	Accepted	2026-05-17	council-architecture; ops-sre-reliability; ops-security	Hyperscaler architecture invariants — canonical spec + portfolio binding	docs/decisions/ADR-0128-hyperscaler-architecture-invariants.md	ADR-0114; ADR-0119; ADR-0123		Bind the canonical hyperscaler systems + cloud architecture invariant spec (specs/hyperscaler-architecture-invariants.json) as the portfolio-wide source of truth for architectural evidence. Product PRD citation enforcement remains advisory until the validator, fixture tests, workflow, and branch-protection context exist together.
ADR-0129	0129	Accepted	2026-05-17	council-architecture	ChangeSet Plan DAG and Honest Claims Gate	docs/decisions/ADR-0129-changeset-plan-dag-and-honest-claims-gate.md	ADR-0116; ADR-0124; ADR-0128		Bind existing ImplementationPlan IDs as canonical ChangeSet identities and require a repository scanner that blocks deferred active claims plus invalid plan graph edges.
ADR-0130	0130	Unknown	2026-05-17	Unknown	Deprecate `registry/knowledge-graph-semantic.json` and Migrate to Ontology Type System	docs/decisions/ADR-0130-deprecate-knowledge-graph-registry-file-migrate-to-ontology.md	ADR-0122; ADR-0119		**Status:** Accepted **Date:** 2026-05-17 **Owner:** council-architecture + ontology-team **Supersedes:** N/A **References:** ADR-0122 (ontology rename), D-09 product-level Ontology+KG merge, OP-11 (no compat seams), [[glossary-ontology-not-object-graph]] memory note
ADR-0131	0131	Accepted	2026-05-17	council-architecture	Per-microservice flat layout (universal)	docs/decisions/ADR-0131-per-microservice-flat-layout.md	ADR-0015; ADR-0119; ADR-0056; ADR-0105; ADR-0110; ADR-0115; ADR-0116; ADR-0122; ADR-0139; ADR-0132		Mandate one universal artifact layout — per-microservice flat folder containing PRD, phase specs, IPs, service-scoped ADRs, contracts, catalog, specs, runbooks, threat model, IaC, OpenSLO, crates, tests — for every µservice and every product oyatie ships, matching the convention used by AWS, Google, Microsoft, Oracle, and Stripe.
ADR-0132	0132	Accepted	2026-05-17	council-architecture	No-suite forward-policy (universal flat catalog)	docs/decisions/ADR-0132-product-suite-and-bundle-dissolution.md	ADR-0056; ADR-0105; ADR-0110; ADR-0115; ADR-0119; ADR-0122; ADR-0127; ADR-0139; ADR-0131; ADR-0135; ADR-0126; ADR-0145; ADR-0029		Forward-policy — no new suite, bundle, or vertical-grouping µservices anywhere in oyatie. Every new µservice ships flat as a single-concern µservice consistent with AWS / Google / Microsoft / Stripe per-service practice and with ADR-0131 (per-microservice flat layout).
ADR-0133	0133	Accepted	2026-05-17	council-architecture	Industry-best-practice + hyperscaler-grade conformance program	docs/decisions/ADR-0133-industry-best-practice-conformance-program.md	ADR-0056; ADR-0105; ADR-0106; ADR-0123; ADR-0139; ADR-0131; ADR-0132; ADR-0135; ADR-0030; ADR-0041; ADR-0117; ADR-0114; ADR-0110; ADR-0028; ADR-0140; ADR-0145		Establish a continuous, 6-axis industry-best-practice + hyperscaler-grade conformance program optimised for oyatie's fully-agentic development team. Every artifact in the repo (pipeline, directory, naming, standards, practices, policies) is audited against named industry references; a new BLOCKER CI lane refuses regression; quarterly refresh re-validates against current industry state.
ADR-0134	0134	Proposed	2026-05-17	ops-sre-reliability	Portfolio Hyperscaler Pattern Remediation Backlog	docs/decisions/ADR-0134-portfolio-hyperscaler-pattern-remediation-backlog.md	ADR-0114; ADR-0123; ADR-0133		Record the portfolio hyperscaler remediation backlog as proposed acceptance criteria without claiming that the named validators or branch-protected CI lanes already exist.
ADR-0135	0135	Accepted	2026-05-17	council-architecture	Aspirational Enforcement Gate	docs/decisions/ADR-0135-aspirational-enforcement-gate.md	ADR-0129; ADR-0133; ADR-0134		Activate a narrow detector that blocks active enforcement claims when the named check crate, workflow, or branch-protection context is absent.
ADR-0136	0136	Accepted	2026-05-18	council-architecture	Foundry as a single µservice (with internal bounded contexts)	docs/decisions/ADR-0136-foundry-as-single-microservice.md	ADR-0022; ADR-0024; ADR-0025; ADR-0056; ADR-0105; ADR-0106; ADR-0110; ADR-0123; ADR-0139; ADR-0131; ADR-0132; ADR-0133; ADR-0134; ADR-0137; ADR-0138; ADR-0145		Establish that foundry is one µservice with six internal bounded contexts, matching the hyperscaler shape (AWS Bedrock, Google Vertex AI Agent Builder, Microsoft Azure AI Foundry, Anthropic Console, Palantir AIP, LangSmith + LangGraph) — each of which ships one product with many internal BCs. The prior 6-way split contradicted this shape and forced cross-µservice deployment dances on every change to the platform's operationally inseparable hot path.
ADR-0137	0137	Accepted	2026-05-18	council-architecture	Foundry bounded contexts	docs/decisions/ADR-0137-foundry-bounded-contexts.md	ADR-0022; ADR-0025; ADR-0056; ADR-0105; ADR-0106; ADR-0123; ADR-0139; ADR-0131; ADR-0132; ADR-0136; ADR-0138; ADR-0145		Companion to ADR-0136. Names the six internal bounded contexts of the foundry µservice (runtime, supervisor, eval, evidence, guardrails, providers), enumerates each BC's contract surface, owner sub-axis, and inter-BC dependency rules. Establishes the BC-boundary invariants that ADR-0136's "one product, six BCs" decision depends on.
ADR-0138	0138	Accepted	2026-05-18	council-architecture	Foundry six-path deprecation — Strangler migration	docs/decisions/ADR-0138-foundry-six-path-deprecation.md	ADR-0056; ADR-0105; ADR-0110; ADR-0114; ADR-0123; ADR-0139; ADR-0131; ADR-0132; ADR-0133; ADR-0134; ADR-0136; ADR-0137; ADR-0126		Operationalise the foundry 6-way → 1-way consolidation via Strangler Pattern. Govern path remapping, deprecation notices, zero-active-usage verification, soak period, and the terminal-state deletion of the six prior paths.
ADR-0139	0139	Accepted	2026-05-17	council-architecture	Agentic SLO-gated promotion	docs/decisions/ADR-0139-agentic-slo-gated-promotion.md	ADR-0041; ADR-0056; ADR-0105; ADR-0110; ADR-0111; ADR-0112; ADR-0113; ADR-0114; ADR-0116; ADR-0123; ADR-0131; ADR-0009; ADR-0019; ADR-0145		Make every fast-forward of `staging` and `production` strictly conditional on hyperscaler-grade SLO evidence, by adopting the OSS observability leaders (Grafana Alloy + Prometheus + Mimir + Loki + Tempo + Pyroscope + Grafana + Alertmanager + Grafana OnCall) as the substrate and owning the differentiator (OpenSLO-driven SLO engine + per-component release pointers + agentic promotion-eligibility ledger + event-driven promote workflows + automated rollback + canary cohort weighting).
ADR-0140	0140	Superseded	2026-05-18	council-architecture	Cross-cutting carriers — adapter-rule exemption	docs/decisions/ADR-0140-cross-cutting-carriers-adapter-exemption.md	ADR-0145; ADR-0011; ADR-0056; ADR-0064; ADR-0105; ADR-0123; ADR-0131; ADR-0132; ADR-0135; ADR-0136; ADR-0139		Define `drive`, `mail`, `messenger`, `calendar`, `recordings` as CROSS-CUTTING CARRIERS (not app-tier µservices) and permit direct gRPC egress from any oyatie app-tier µservice to these five carrier namespaces as a defined exemption to the Workflow+Ontology adapter rule (`feedback_workflow_objectgraph_adapter_layer`). All other cross-µservice flows continue to route through workflow-engine (orchestration) or Ontology (entity reads/writes). Mirrors AWS S3 / Google Cloud Storage / Anthropic Files API: the storage / mail / messaging carrier is a substrate every product binds to directly because the carrier IS the inter-product seam.
ADR-0141	0141	Superseded	2026-05-18	council-architecture	Workflow + Ontology — read path direct; write path orchestrated	docs/decisions/ADR-0141-workflow-ontology-read-path-direct.md	ADR-0145; ADR-0056; ADR-0064; ADR-0067; ADR-0128; ADR-0131; ADR-0139; ADR-0140; ADR-0009		Split the "every cross-µservice call goes through Workflow + Ontology" rule into a READ path (direct cell-bounded gRPC to Ontology) vs. a WRITE path (orchestrated through Workflow). Mitigates the Google Stubby-class concern that Workflow becomes the platform's SLO ceiling.
ADR-0142	0142	Accepted	2026-05-18	council-architecture	CRDT portability trait + alternate-adapter compile gate	docs/decisions/ADR-0142-crdt-portability-trait.md	ADR-0056; ADR-0064; ADR-0131; ADR-0133; ADR-0135		De-risk Loro 1.x bus-factor-1 by introducing a CRDT trait kernel that Loro implements as the primary adapter, with Yjs and Automerge maintained as compile-but-not-deployed alternates at INV-PORTABILITY-CI-COMPILE level.
ADR-0143	0143	Accepted	2026-05-18	council-architecture	Foundry per-BC release pointer	docs/decisions/ADR-0143-foundry-per-bc-release-pointer.md	ADR-0056; ADR-0067; ADR-0131; ADR-0136; ADR-0137; ADR-0138; ADR-0139		Grant each foundry internal bounded context (runtime, supervisor, eval, evidence, guardrails, providers) an independent release pointer so a hot-fix to one BC does not force a coupled redeploy of the other five.
ADR-0144	0144	Accepted	2026-05-18	council-privacy	EU AI Act graduated risk tier model	docs/decisions/ADR-0144-eu-ai-act-graduated-risk-tier-model.md	ADR-0064; ADR-0133; ADR-0140; ADR-0145		Replace the binary "Annex III yes / no" gate with a 5-tier graduated risk model (Minimal / Limited / General-Purpose / High-Risk / Unacceptable) matching EU AI Act Articles 5-9 + Annex III + GPAI obligations. Mitigates Annex-III-binary-gate-is-compliance-theater regret.
ADR-0145	0145	Accepted	2026-05-18	council-architecture	Inter-microservice communication: hyperscaler shape with opt-in Workflow + Ontology	docs/decisions/ADR-0145-inter-microservice-communication-reform.md	ADR-0064; ADR-0131; ADR-0132; ADR-0135; ADR-0136; ADR-0139; ADR-0121; ADR-0148; ADR-0140; ADR-0141; ADR-0142; ADR-0143; ADR-0144		Status
ADR-0146	0146	Unknown	2026-05-18	Unknown	Container base image: distroless `static-debian12:nonroot`	docs/decisions/ADR-0146-container-base-image-distroless-nonroot.md	ADR-0064; ADR-0131; ADR-0083; ADR-0139		Context
ADR-0147	0147	Amended	2026-05-18	ops-security	Container sandboxing runtime ladder	docs/decisions/ADR-0147-container-sandboxing-runtime-ladder.md	ADR-0064; ADR-0117; ADR-0131; ADR-0133; ADR-0139; ADR-0140; ADR-0145; ADR-0144; ADR-0333		Replace the universal `runtimeClassName: gvisor` hard-coded pattern with a workload-class-tiered container sandboxing runtime ladder, matching how AWS / Google / Microsoft / Cloudflare actually pick runtimes per workload class. Eliminates the gvisor-overprescribes-and-underprotects regret. Amended 2026-05-18 to designate Cloud Hypervisor (Kata kata-clh handler) as the primary untrusted-content runtime in place of gVisor; gVisor retained as opt-in for cold-start-sensitive workloads.
ADR-0148	0148	Accepted	2026-05-18	council-architecture	Service-mesh canonical: Cilium L3/L4 + Istio Ambient L7 (layered globally; zero overlap)	docs/decisions/ADR-0148-service-mesh-cilium-ambient-layered.md	ADR-0009; ADR-0121; ADR-0131; ADR-0145; ADR-0146; ADR-0147; ADR-0149; ADR-0150; ADR-0153; ADR-0182; ADR-0183; ADR-0184; ADR-0185; ADR-0186; ADR-0174; ADR-0120		Status
ADR-0149	0149	Unknown	2026-05-18	Unknown	Idempotency Keys Canonical	docs/decisions/ADR-0149-idempotency-keys-canonical.md	ADR-0153; ADR-0145		- Status: Accepted - Date: 2026-05-18 - Deciders: council-architecture, axis-foundry, axis-all-microservices - Tier-A hyperscaler pattern: Stripe idempotent requests + AWS ClientToken
ADR-0150	0150	Unknown	2026-05-18	Unknown	Cursor Pagination Canonical	docs/decisions/ADR-0150-cursor-pagination-canonical.md			- Status: Accepted - Date: 2026-05-18 - Deciders: council-architecture, axis-foundry, axis-all-microservices - Tier-A hyperscaler pattern: AWS NextToken + Stripe starting_after
ADR-0151	0151	Unknown	2026-05-18	Unknown	X-Request-Id Propagation	docs/decisions/ADR-0151-request-id-propagation.md	ADR-0145		- Status: Accepted - Date: 2026-05-18 - Deciders: council-architecture, axis-foundry, axis-observability - Tier-A hyperscaler pattern: AWS x-amzn-RequestId
ADR-0152	0152	Unknown	2026-05-18	Unknown	RPO/RTO Canonical (Five-Tier Recovery Model)	docs/decisions/ADR-0152-rpo-rto-canonical.md			- Status: Accepted - Date: 2026-05-18 - Deciders: ops-sre-reliability, council-architecture - Tier-A hyperscaler pattern: AWS Well-Architected Reliability Pillar
ADR-0153	0153	Unknown	2026-05-18	Unknown	Outbox Pattern	docs/decisions/ADR-0153-outbox-pattern.md			- Status: Accepted - Date: 2026-05-18 - Deciders: council-architecture, axis-foundry, axis-messenger, axis-mail, axis-social, axis-tasks, axis-calendar - Tier-A hyperscaler pattern: Stripe transactional outbox + Uber Cadence
ADR-0154	0154	Unknown	2026-05-18	Unknown	Event Schema Versioning	docs/decisions/ADR-0154-event-schema-versioning.md	ADR-0145; ADR-0156; ADR-0061		- Status: Accepted - Date: 2026-05-18 - Deciders: council-architecture, axis-foundry, axis-all-microservices - Tier-A hyperscaler pattern: AWS EventBridge schema registry + Confluent
ADR-0155	0155	Unknown	2026-05-18	Unknown	Per-Tenant Resource Quotas	docs/decisions/ADR-0155-per-tenant-resource-quotas.md			- Status: Accepted - Date: 2026-05-18 - Deciders: axis-tenancy, council-architecture - Tier-A hyperscaler pattern: AWS SaaS Lens Tenant Isolation
ADR-0156	0156	Unknown	2026-05-18	Unknown	PII Registry Canonical (Cross-Cutting Data Classification)	docs/decisions/ADR-0156-pii-registry-canonical.md	ADR-0008		- Status: Accepted - Date: 2026-05-18 - Deciders: council-architecture, council-privacy, axis-tenancy - Tier-A hyperscaler pattern: AWS Macie + GCP DLP + GDPR Art. 30
ADR-0157	0157	Accepted	2026-05-18	council-architecture	Dedicated API Gateway Tier (separate from per-µservice rate-limit)	docs/decisions/ADR-0157-api-gateway-tier.md	ADR-0009; ADR-0049; ADR-0114; ADR-0121; ADR-0128; ADR-0145; ADR-0148; ADR-0182; ADR-0001; ADR-0064; ADR-0007; ADR-0105; ADR-0131		Status
ADR-0158	0158	Accepted	2026-05-18	council-architecture	Per-µservice Multi-Region Disposition (active-active / active-passive / single-region), Sovereign Tenant Region Pinning, Global Control-Plane	docs/decisions/ADR-0158-multi-region-active-active.md	ADR-0009; ADR-0028; ADR-0049; ADR-0114; ADR-0121; ADR-0128; ADR-0142; ADR-0148; ADR-0157; ADR-0145; ADR-0139		Status
ADR-0159	0159	Accepted	2026-05-18	council-architecture	Dedicated Feature-Flag µservice (runtime gradual rollout) separate from ChangeSet acceptance (code-deploy gating)	docs/decisions/ADR-0159-feature-flag-substrate.md	ADR-0007; ADR-0009; ADR-0049; ADR-0110; ADR-0114; ADR-0128; ADR-0139; ADR-0145; ADR-0157; ADR-0158; ADR-0160; ADR-0003; ADR-0164; ADR-0131		Status
ADR-0160	0160	Accepted	2026-05-18	council-architecture	Progressive Delivery via Flagger 1.x (canary + blue-green + A/B), ArgoCD-integrated, SLO-gated promotion	docs/decisions/ADR-0160-progressive-delivery-flagger.md	ADR-0110; ADR-0114; ADR-0121; ADR-0124; ADR-0139; ADR-0148; ADR-0157; ADR-0158; ADR-0001; ADR-0145; ADR-0003; ADR-0009; ADR-0120		Status
ADR-0161	0161	Accepted	2026-05-18	council-architecture	CSI Driver + StorageClass Abstraction (canonical naming `oya-{pg,s3,redis,object}-{hot,warm,cold}`; per-pack CSI driver pin)	docs/decisions/ADR-0161-csi-storage-class-canonical.md	ADR-0009; ADR-0028; ADR-0043; ADR-0049; ADR-0121; ADR-0143; ADR-0158; ADR-0164		Status
ADR-0162	0162	Accepted	2026-05-18	council-architecture	Per-tenant Audit-Chain Slicing (partition by tenant_id; sovereign-tenant dedicated shard; per-tenant retrieval API)	docs/decisions/ADR-0162-per-tenant-audit-log-slicing.md	ADR-0003; ADR-0008; ADR-0009; ADR-0028; ADR-0038; ADR-0049; ADR-0128; ADR-0143; ADR-0158; ADR-0164; ADR-0161; ADR-0157; ADR-0043		Status
ADR-0163	0163	Accepted	2026-05-18	council-architecture	Per-tenant Environment Tiers (test / staging / prod), Cell-Isolated, Stripe `sk_test_` API-key Pattern	docs/decisions/ADR-0163-tenant-environment-tiers.md	ADR-0001; ADR-0009; ADR-0028; ADR-0049; ADR-0110; ADR-0114; ADR-0157; ADR-0158; ADR-0159; ADR-0160; ADR-0029; ADR-0162		Status
ADR-0164	0164	Accepted	2026-05-18	council-architecture	Sovereign Cloud / Air-Gapped Deployment (per-pack variant; on-prem registry / Bao / audit-chain shard / no external egress)	docs/decisions/ADR-0164-sovereign-cloud-air-gapped.md	ADR-0009; ADR-0043; ADR-0049; ADR-0121; ADR-0143; ADR-0145; ADR-0158; ADR-0161; ADR-0162; ADR-0146; ADR-0147; ADR-0026		Status
ADR-0165	0165	Accepted	2026-05-18	council-architecture	Chaos Engineering Substrate (Chaos Mesh 2.x; SLO-driven nightly drills against staging)	docs/decisions/ADR-0165-chaos-engineering-substrate.md	ADR-0114; ADR-0121; ADR-0128; ADR-0139; ADR-0145; ADR-0148; ADR-0157; ADR-0158; ADR-0160; ADR-0164; ADR-0049		Status
ADR-0166	0166	Accepted	2026-05-18	council-architecture	Schema Registry (Apicurio Registry; Confluent-compat API; AsyncAPI 3.x + proto3 + OpenAPI 3.1; backward-compat lane)	docs/decisions/ADR-0166-schema-registry.md	ADR-0005; ADR-0011; ADR-0029; ADR-0100; ADR-0105; ADR-0128; ADR-0131; ADR-0145; ADR-0148; ADR-0157; ADR-0009; ADR-0164; ADR-0110; ADR-0121		Status
ADR-0167	0167	Accepted	2026-05-18	council-api-sdk	Tenant-facing CLI binary `oya` (separate from internal `oya-dev-cli`)	docs/decisions/ADR-0167-tenant-cli.md	ADR-0002; ADR-0011; ADR-0021; ADR-0037; ADR-0121; ADR-0145; ADR-0146; ADR-0035; ADR-0003; ADR-0120; ADR-0039; ADR-0008; ADR-0168; ADR-0010		Status
ADR-0168	0168	Accepted	2026-05-18	ops-sre-reliability	Public status page derived from SLO state	docs/decisions/ADR-0168-public-status-page.md	ADR-0042; ADR-0121; ADR-0139; ADR-0148; ADR-0167; ADR-0010; ADR-0005; ADR-0001; ADR-0008; ADR-0009; ADR-0038; ADR-0169; ADR-0171		Status
ADR-0169	0169	Accepted	2026-05-18	axis-eventing	Webhook DLQ + exponential-backoff retry (Stripe webhook subscriptions pattern)	docs/decisions/ADR-0169-webhook-dlq-retry.md	ADR-0005; ADR-0011; ADR-0037; ADR-0040; ADR-0145; ADR-0167; ADR-0168; ADR-0009; ADR-0013; ADR-0121; ADR-0008; ADR-0139		Status
ADR-0170	0170	Accepted	2026-05-18	axis-developer-experience	Backstage-style internal developer portal	docs/decisions/ADR-0170-developer-portal.md	ADR-0011; ADR-0019; ADR-0025; ADR-0042; ADR-0131; ADR-0139; ADR-0167; ADR-0002; ADR-0017; ADR-0120; ADR-0137; ADR-0171; ADR-0117		Status
ADR-0171	0171	Accepted	2026-05-18	axis-cloud-iac	Multi-cluster federation via ArgoCD ApplicationSets + Cluster API	docs/decisions/ADR-0171-multi-cluster-federation.md	ADR-0009; ADR-0010; ADR-0049; ADR-0117; ADR-0121; ADR-0131; ADR-0148; ADR-0008; ADR-0040		Status
ADR-0172	0172	Accepted	2026-05-18	axis-eventing	Read replicas + CQRS where appropriate (high-read BCs only, per-µservice opt-in)	docs/decisions/ADR-0172-cqrs-read-replicas.md	ADR-0005; ADR-0009; ADR-0028; ADR-0045; ADR-0131; ADR-0145; ADR-0148; ADR-0171; ADR-0141; ADR-0049; ADR-0139; ADR-0117		Status
ADR-0173	0173	Unknown	2026-05-18	Unknown	Vendor lock-in avoidance and stack ownership	docs/decisions/ADR-0173-vendor-lock-in-avoidance-and-stack-ownership.md	ADR-0013; ADR-0014; ADR-0020; ADR-0026; ADR-0042; ADR-0043; ADR-0064; ADR-0083; ADR-0092; ADR-0104; ADR-0105; ADR-0142; ADR-0146; ADR-0147; ADR-0148; ADR-0050; ADR-0045; ADR-0047; ADR-0028; ADR-0121; ADR-0041; ADR-0007; ADR-0113; ADR-0159; ADR-0039		Context
ADR-0174	0174	Accepted	2026-05-18	council-architecture; ops-finops; axis-cloud	FinOps cost-attribution + chargeback policy	docs/decisions/ADR-0174-finops-cost-attribution-chargeback.md	ADR-0028; ADR-0009; ADR-0020; ADR-0004; ADR-0128; ADR-0067; ADR-0043; ADR-0177; ADR-0179; ADR-0105		Make per-tenant cost attribution and chargeback first-class. Establish the canonical resource-tag vocabulary, the chargeback formula, the cost-anomaly detection thresholds, and the regulator-evidence cadence.
ADR-0175	0175	Accepted	2026-05-18	council-architecture; council-privacy; axis-workspace	Tenant lifecycle workflow	docs/decisions/ADR-0175-tenant-lifecycle-workflow.md	ADR-0002; ADR-0038; ADR-0035; ADR-0222; ADR-0009; ADR-0174		Canonical six-state tenant lifecycle (Pending → Active → Suspended → Migrating → Offboarded → DeletionConfirmed). Every transition is a saga (per ADR-0222). Deletion confirmation requires proof-of-erasure fan-out from every data-class-bearing µservice (per ADR-0038).
ADR-0176	0176	Accepted	2026-05-18	council-architecture; ops-sre-reliability; axis-cloud	Brown-out + graceful-degradation signal API	docs/decisions/ADR-0176-brownout-degradation-signal-api.md	ADR-0128; ADR-0009; ADR-0042; ADR-0044; ADR-0148		Standardize a normative response header `oya-degradation-class: nominal|degraded|brownout|outage` on every public µservice RPC, plus a per-µservice Prometheus gauge. The header is the canonical signal for upstream static-stability fallback (per ADR-0009).
ADR-0177	0177	Accepted	2026-05-18	council-architecture; platform-api-sdk; ops-security	Internal vs external API surface separation	docs/decisions/ADR-0177-internal-external-api-surface-separation.md	ADR-0037; ADR-0157; ADR-0044; ADR-0011; ADR-0148; ADR-0178; ADR-0110; ADR-0036; ADR-0066; ADR-0001; ADR-0132; ADR-0058		Split the public API surface into two gateway tiers — public (`api.oyatie.com`) and internal (`internal-api.oyatie.com`). Public is semver-stable per ADR-0037, rate-limited per public key, fully documented. Internal is mesh-mTLS-only, semver waived, higher rate limits, no external customer exposure.
ADR-0178	0178	Accepted	2026-05-18	council-architecture; ops-security; axis-cloud; platform-api-sdk	Layered throttling — per-tenant / per-user / per-IP / per-key	docs/decisions/ADR-0178-layered-throttling-tiers.md	ADR-0021; ADR-0044; ADR-0148; ADR-0157; ADR-0177; ADR-0176; ADR-0009; ADR-0028		Four throttle layers evaluated outermost-first — per-IP (anti-abuse), per-API-key (developer-facing), per-user (within tenant), per-tenant (cell-level). Each layer has its own counter store, denial semantics, and headroom gauge.
ADR-0179	0179	Accepted	2026-05-18	council-architecture	Postgres connection pooling canonical: pgcat (Rust pgbouncer-class)	docs/decisions/ADR-0179-postgres-connection-pooling-pgcat.md	ADR-0009; ADR-0028; ADR-0045; ADR-0121; ADR-0131; ADR-0148; ADR-0158; ADR-0173; ADR-0120		Status
ADR-0180	0180	Accepted	2026-05-18	council-architecture	SLO composition + inheritance arithmetic	docs/decisions/ADR-0180-slo-composition-inheritance-arithmetic.md	ADR-0042; ADR-0093; ADR-0128; ADR-0139; ADR-0160; ADR-0174; ADR-0121		Status
ADR-0181	0181	Accepted	2026-05-18	council-architecture	Container image promotion pipeline: dev → staging → prod (cosign-signed tier promotion)	docs/decisions/ADR-0181-container-image-promotion-pipeline.md	ADR-0039; ADR-0041; ADR-0114; ADR-0124; ADR-0146; ADR-0148; ADR-0160; ADR-0175; ADR-0117; ADR-0145; ADR-0043; ADR-0112		Status
ADR-0182	0182	Accepted	2026-05-18	council-architecture	API Gateway (north-south) vs Service Mesh (east-west) separation; zero overlap	docs/decisions/ADR-0182-api-gateway-north-south-vs-service-mesh-east-west-separation.md	ADR-0121; ADR-0145; ADR-0148; ADR-0150; ADR-0157; ADR-0183; ADR-0184; ADR-0185; ADR-0186; ADR-0163; ADR-0153; ADR-0098		Status
ADR-0183	0183	Accepted	2026-05-18	council-architecture	Kubernetes policy engine separation: Cedar (app authz) vs Kyverno (admission)	docs/decisions/ADR-0183-policy-engine-separation-cedar-app-authz-kyverno-admission.md	ADR-0121; ADR-0145; ADR-0146; ADR-0148; ADR-0182; ADR-0184; ADR-0185; ADR-0186; ADR-0131; ADR-0147; ADR-0098		Status
ADR-0184	0184	Accepted	2026-05-18	council-architecture	Storage tier layering: OLTP / read-replica / cache / search; each tier owns one access pattern	docs/decisions/ADR-0184-storage-tier-layering.md	ADR-0145; ADR-0161; ADR-0172; ADR-0179; ADR-0182; ADR-0183; ADR-0185; ADR-0186; ADR-0098		Status
ADR-0185	0185	Accepted	2026-05-18	council-architecture	Workflow Studio client stack: per-surface native rendering; OpenAPI contract is the cross-ecosystem unifier	docs/decisions/ADR-0185-workflow-studio-client-stack.md	ADR-0064; ADR-0131; ADR-0145; ADR-0148; ADR-0182; ADR-0183; ADR-0184; ADR-0186; ADR-0120; ADR-0098		Status
ADR-0186	0186	Accepted	2026-05-18	council-architecture	Observability backplane layering: collection / storage / query / alert / SLO authoring; zero overlap	docs/decisions/ADR-0186-observability-backplane-layering.md	ADR-0139; ADR-0145; ADR-0148; ADR-0153; ADR-0180; ADR-0182; ADR-0183; ADR-0184; ADR-0185; ADR-0131; ADR-0130; ADR-0098		Status
ADR-0187	0187	Accepted	2026-05-18	axis-identity	Canonical OIDC IdP: Zitadel primary; OIDC/SAML/SCIM/Passkeys/WebAuthn first-class	docs/decisions/ADR-0187-canonical-oidc-idp-zitadel-primary.md	ADR-0145; ADR-0182; ADR-0183; ADR-0173; ADR-0189; ADR-0190; ADR-0188; ADR-0240; ADR-0175; ADR-0179; ADR-0172; ADR-0117; ADR-0028; ADR-0148; ADR-0191		Status
ADR-0188	0188	Accepted	2026-05-18	axis-identity	Passkey / WebAuthn Level-3 substrate; phishing-resistant first-factor; TOTP fallback; SMS rejected	docs/decisions/ADR-0188-passkey-webauthn-substrate.md	ADR-0145; ADR-0187; ADR-0189; ADR-0175; ADR-0173; ADR-0166		Status
ADR-0189	0189	Accepted	2026-05-18	axis-identity	Step-up authentication ACR classes (`routine`, `elevated`, `sensitive`, `critical`); ACR-bound Cedar gates	docs/decisions/ADR-0189-step-up-authentication-acr-classes.md	ADR-0145; ADR-0183; ADR-0187; ADR-0188; ADR-0162		Status
ADR-0190	0190	Accepted	2026-05-18	axis-identity	SCIM 2.0 inbound provisioning for enterprise tenants; pluggable adapter for non-SCIM HRIS	docs/decisions/ADR-0190-scim-2-provisioning-enterprise-tenants.md	ADR-0145; ADR-0187; ADR-0175; ADR-0117; ADR-0156; ADR-0149		Status
ADR-0191	0191	Accepted	2026-05-18	axis-identity + axis-api-gateway	Edge authz tier separation: Envoy Gateway edge (IP/rate/WAF/bot/DDoS) vs Istio waypoint Cedar PDP origin (identity/context/step-up/data-class); never overlap	docs/decisions/ADR-0191-edge-authz-tier-vs-origin-cedar-pdp.md	ADR-0145; ADR-0148; ADR-0157; ADR-0178; ADR-0182; ADR-0183; ADR-0187; ADR-0155; ADR-0189; ADR-0149; ADR-0028; ADR-0173		Status
ADR-0192	0192	Accepted	2026-05-18	council-architecture	Vector database canonical: Milvus disaggregated cluster; pgvector adapter only for ≤10M-vector tenants	docs/decisions/ADR-0192-vector-database-canonical-milvus.md	ADR-0046; ADR-0026; ADR-0030; ADR-0038; ADR-0043; ADR-0049; ADR-0131; ADR-0145; ADR-0153; ADR-0155; ADR-0184; ADR-0186; ADR-0193; ADR-0194; ADR-0195; ADR-0014; ADR-0135; ADR-0152; ADR-0241; ADR-0005		Status
ADR-0193	0193	Accepted	2026-05-18	council-architecture	OLAP analytics warehouse canonical: ClickHouse 26.3 LTS; tenant-facing analytics, telemetry rollups, audit-log query, billing rollups	docs/decisions/ADR-0193-olap-analytics-warehouse-clickhouse.md	ADR-0031; ADR-0042; ADR-0043; ADR-0131; ADR-0145; ADR-0152; ADR-0155; ADR-0184; ADR-0186; ADR-0192; ADR-0194; ADR-0195; ADR-0161; ADR-0014		Status
ADR-0194	0194	Accepted	2026-05-18	council-architecture	Tenant-facing time-series canonical: TimescaleDB 2.26 Community Edition (Apache-2.0) as a Postgres 18 extension; ops/SRE metrics remain in Prometheus + Mimir	docs/decisions/ADR-0194-tenant-facing-timeseries-timescaledb.md	ADR-0042; ADR-0043; ADR-0131; ADR-0145; ADR-0153; ADR-0155; ADR-0179; ADR-0184; ADR-0186; ADR-0192; ADR-0193; ADR-0195; ADR-0161; ADR-0152; ADR-0014		Status
ADR-0195	0195	Accepted	2026-05-18	council-architecture	Stream processing tier: ClickHouse Materialized Views + Kafka Engine default; Apache Flink 2.2 escalation under explicit ADR amendment	docs/decisions/ADR-0195-stream-processing-tier.md	ADR-0005; ADR-0042; ADR-0131; ADR-0145; ADR-0153; ADR-0184; ADR-0186; ADR-0192; ADR-0193; ADR-0194; ADR-0014; ADR-0098		Status
ADR-0196	0196	Accepted	2026-05-18	council-architecture	Object storage canonical: SeaweedFS primary, Ceph RGW scale-up path	docs/decisions/ADR-0196-object-storage-canonical-seaweedfs-primary-ceph-scale-up.md	ADR-0064; ADR-0131; ADR-0161; ADR-0173; ADR-0184; ADR-0186; ADR-0197; ADR-0199; ADR-0240; ADR-0043; ADR-0142		Status
ADR-0197	0197	Accepted	2026-05-18	council-architecture	Backup substrate: 3-pronged (Velero + pgBackRest + Restic) on SeaweedFS, age-encrypted	docs/decisions/ADR-0197-backup-substrate-velero-pgbackrest-restic.md	ADR-0064; ADR-0131; ADR-0152; ADR-0162; ADR-0165; ADR-0173; ADR-0240; ADR-0241; ADR-0184; ADR-0186; ADR-0196; ADR-0180; ADR-0043; ADR-0174		Status
ADR-0198	0198	Accepted	2026-05-18	council-architecture	Kubernetes node autoscaling: Karpenter primary, NodePool per workload class	docs/decisions/ADR-0198-k8s-node-autoscaling-karpenter.md	ADR-0064; ADR-0131; ADR-0152; ADR-0161; ADR-0173; ADR-0240; ADR-0184; ADR-0186; ADR-0199		Status
ADR-0199	0199	Accepted	2026-05-18	council-architecture	Per-tenant cost attribution + FinOps substrate (OpenCost + FOCUS 1.3)	docs/decisions/ADR-0199-per-tenant-cost-attribution-finops-substrate.md	ADR-0064; ADR-0131; ADR-0173; ADR-0174; ADR-0240; ADR-0184; ADR-0186; ADR-0196; ADR-0197; ADR-0198		Status
ADR-0200	0200	Unknown	2026-05-18	Unknown	WASM runtime canonical: Wasmtime	docs/decisions/ADR-0200-wasm-runtime-canonical-wasmtime.md	ADR-0147; ADR-0173; ADR-0174; ADR-0182; ADR-0183; ADR-0185; ADR-0136; ADR-0056; ADR-0171; ADR-0064		- Status: Accepted - Date: 2026-05-18 - Deciders: Substrate architecture authority (oya-architecture-authority) - Tags: substrate, runtime, sandboxing, extensibility, supply-chain - Supersedes: none - Superseded by: none - Related: ADR-0147 (container sandboxing runtime ladder), ADR-0173 (vendor lock-in avoidance and stack ownership), ADR-0174 (FinOps cost attribution chargeback — quotas apply to WASM execution as well), ADR-0182 (north-south vs east-west separation — WASM is the preferred surface for Envoy filter logic), ADR-0183 (policy engine separation — WASM filters are NOT a policy engine; Cedar + Kyverno own that lane).
ADR-0201	0201	Unknown	2026-05-18	Unknown	Email + transactional comms adapter substrate	docs/decisions/ADR-0201-email-transactional-comms-adapter-substrate.md	ADR-0064; ADR-0145; ADR-0166; ADR-0173; ADR-0174; ADR-0202		- Status: Accepted - Date: 2026-05-18 - Deciders: Substrate architecture authority (oya-architecture-authority) - Tags: substrate, communications, adapters, deliverability, multi-tenant - Supersedes: none - Superseded by: none - Related: ADR-0064 (canonical base + localization packs — DKIM domain set is per-pack), ADR-0145 (inter-microservice communication reform — webhook events flow into the audit chain), ADR-0166 (event-schema versioning — email delivery events are versioned events), ADR-0173 (vendor lock-in avoidance — no single-provider lock-in allowed for comms), ADR-0174 (FinOps cost attribution — per-tenant email cost attributed via send metering).
ADR-0202	0202	Unknown	2026-05-18	Unknown	GitOps + IaC + Cluster lifecycle: three-tier separation	docs/decisions/ADR-0202-gitops-iac-cluster-lifecycle-three-tier.md	ADR-0171; ADR-0147; ADR-0173; ADR-0181; ADR-0183; ADR-0131		- Status: Accepted - Date: 2026-05-18 - Deciders: Substrate architecture authority (oya-architecture-authority) - Tags: substrate, gitops, iac, cluster-lifecycle, supply-chain - Supersedes: none (refines tier boundaries already implicit in ADR-0171) - Superseded by: none - Related: ADR-0147 (container sandboxing runtime ladder), ADR-0171 (multi-cluster federation — picked ArgoCD + Cluster API; this ADR completes the third tier), ADR-0173 (vendor lock-in avoidance — OpenTofu vs Terraform BSL), ADR-0181 (container image promotion pipeline), ADR-0183 (policy engine separation — Kyverno admission policy is applied during GitOps reconciliation, not via IaC).
ADR-0203	0203	Unknown	2026-05-18	Unknown	Documentation engine: three-tier separation	docs/decisions/ADR-0203-documentation-engine-three-tier.md	ADR-0170; ADR-0173; ADR-0185		- Status: Accepted - Date: 2026-05-18 - Deciders: Substrate architecture authority (oya-architecture-authority) - Tags: substrate, documentation, developer-experience, marketing - Supersedes: none - Superseded by: none - Related: ADR-0170 (developer portal — Backstage + TechDocs already selected), ADR-0173 (vendor lock-in avoidance — no commercial-only docs platform allowed), ADR-0185 (Workflow Studio client stack — SvelteKit Phase 1).
ADR-0204	0204	Accepted	2026-05-18	council-architecture	Workflow Studio canvas / node-editor library: svelte-flow (Phase 1) + oya-canvas (Phase 2 in-house)	docs/decisions/ADR-0204-workflow-studio-canvas-library.md	ADR-0145; ADR-0185; ADR-0205; ADR-0206; ADR-0207; ADR-0208; ADR-0173; ADR-0098		Status
ADR-0205	0205	Accepted	2026-05-18	council-architecture	Code editor canonical: CodeMirror 6 (web) + native text systems	docs/decisions/ADR-0205-code-editor-canonical-codemirror.md	ADR-0185; ADR-0204; ADR-0207; ADR-0183; ADR-0098		Status
ADR-0206	0206	Accepted	2026-05-18	council-architecture	i18n substrate: Fluent (Mozilla) as source-of-truth + ICU MessageFormat surface	docs/decisions/ADR-0206-i18n-substrate-fluent-icu.md	ADR-0064; ADR-0185; ADR-0204; ADR-0205; ADR-0207; ADR-0098		Status
ADR-0207	0207	Accepted	2026-05-18	council-architecture	Accessibility bar: WCAG 2.2 AA mandated; AAA on regulated surfaces	docs/decisions/ADR-0207-accessibility-wcag-2-2-aa.md	ADR-0185; ADR-0204; ADR-0205; ADR-0206; ADR-0064; ADR-0098		Status
ADR-0208	0208	Accepted	2026-05-18	council-architecture	Realtime transport tier: SSE / WebSocket / gRPC streaming with closed responsibility split	docs/decisions/ADR-0208-realtime-transport-tier.md	ADR-0145; ADR-0153; ADR-0182; ADR-0185; ADR-0204; ADR-0098		Status
ADR-0209	0209	Accepted	2026-05-18	council-architecture	Compliance evidence automation: in-house pipeline replacing Drata / Vanta	docs/decisions/ADR-0209-compliance-evidence-automation.md	ADR-0145; ADR-0153; ADR-0170; ADR-0181; ADR-0183; ADR-0028; ADR-0180; ADR-0174; ADR-0164; ADR-0186; ADR-0098		Status
ADR-0210	0210	Accepted	2026-05-18	council-architecture	OpenTelemetry tail-sampling: 100% error / p99 / new-endpoint traces + 1% baseline	docs/decisions/ADR-0210-otel-tail-sampling.md	ADR-0139; ADR-0145; ADR-0153; ADR-0174; ADR-0186; ADR-0173; ADR-0164; ADR-0098		Status
ADR-0211	0211	Unknown	2026-05-18	Unknown	In-House Tech Stack Policy	docs/decisions/ADR-0211-in-house-tech-stack-policy.md	ADR-0186; ADR-0185; ADR-0173; ADR-0136; ADR-0220; ADR-0028; ADR-0009; ADR-0214; ADR-0213; ADR-0209; ADR-0221; ADR-0216; ADR-0210; ADR-0061; ADR-0083; ADR-0145; ADR-0148; ADR-0192; ADR-0193; ADR-0196; ADR-0197; ADR-0198; ADR-0199; ADR-0200; ADR-0201; ADR-0202; ADR-0205; ADR-0212		- **Status:** Accepted - **Date:** 2026-05-18 - **Deciders:** council-architecture, axis-foundry, axis-platform, council-security - **Lane:** governance / substrate-doctrine - **Supersedes:** none - **Superseded by:** none - **Amends:** none - **PR:** #143 close-out
ADR-0212	0212	Unknown	2026-05-18	Unknown	Buildability Doctrine	docs/decisions/ADR-0212-buildability-doctrine.md	ADR-0221; ADR-0139; ADR-0220; ADR-0083; ADR-0145; ADR-0211		- **Status:** Accepted - **Date:** 2026-05-18 - **Deciders:** council-architecture, axis-foundry, council-quality - **Lane:** governance / substrate-doctrine - **PR:** #143 close-out
ADR-0213	0213	Proposed	2026-05-18	council-architecture + axis-ecosystem	Ecosystem-as-a-Service architecture — Plugin/App Store substrate	docs/decisions/ADR-0213-ecosystem-as-a-service-architecture.md	ADR-0001; ADR-0002; ADR-0003; ADR-0007; ADR-0008; ADR-0028; ADR-0037; ADR-0056; ADR-0065; ADR-0105; ADR-0110; ADR-0123; ADR-0131; ADR-0132; ADR-0139; ADR-0147; ADR-0170; ADR-0181; ADR-0185; ADR-0199; ADR-0200; ADR-0211; ADR-0212; ADR-0064; ADR-0145; ADR-0207		<!-- Canonical-base: specs/adr/canonical-frontmatter-schema.json + docs/templates/adr-boilerplate-fragments.md (SWEEP-I Slice 6 per ADR-0064) -->
ADR-0214	0214	Unknown	2026-05-18	Unknown	Cross-Tenant Real-Time Visibility (Consent-Graph + Ontology Projection Extension)	docs/decisions/ADR-0214-cross-tenant-real-time-visibility.md	ADR-0003; ADR-0028; ADR-0131; ADR-0056; ADR-0105; ADR-0110; ADR-0130; ADR-0132; ADR-0183; ADR-0058; ADR-0043; ADR-0034		- Status: Proposed (target: Accepted upon PR #143 merge to `dev`) - Date: 2026-05-18 - Authors: oyatie axis-consent-graph (with axis-ontology + axis-audit-chain consults) - Supersedes: none - Superseded by: none - Related ADRs: - ADR-0003 Audit Chain And Evidence Emission (bilateral chain entries use this substrate) - ADR-0028 Cloud Microservice Architecture (per-µservice flat layout per ADR-0131) - ADR-0056 Rust Clean Architecture BNF (12+1 layer enum boundary) - ADR-0105 13-Layer Enum (canonical layer set used here) - ADR-0110 Changeset State Machine (lifecycle states reused for agreement state machine) - ADR-0130 Agentic SLO-Gated Promotion (SLO authoring mandatory before dev→stage) - ADR-0131 Per-Microservice Flat Layout (consent-graph µservice ships under `microservices/consent-graph/`) - ADR-0132 No-Suite Policy (consent-graph is single-concern, not a suite) - Coordination surface: `governance_pipeline` - Regulatory packs touched: kr, eu, us, us-healthcare, jp, sg, au, in, br, ae, ksa
ADR-0215	0215	Unknown	2026-05-18	Unknown	Multi-Context Platform Architecture	docs/decisions/ADR-0215-multi-context-platform-architecture.md	ADR-0136; ADR-0211; ADR-0212; ADR-0214; ADR-0218; ADR-0220; ADR-0239		- **Status:** Accepted - **Date:** 2026-05-18 - **Owner:** council-architecture - **Deciders:** council-architecture, axis-identity, axis-connect, axis-consent-graph, council-security - **Lane:** governance / substrate-doctrine - **Supersedes:** none - **Superseded by:** none - **Related:** ADR-0136, ADR-0211, ADR-0212, ADR-0214, ADR-0218, ADR-0220 - **Source:** `evidence/pr-143-session-decisions-checkpoint-2026-05-18.json#queued_adrs_to_author.ADR-0215` - **Task:** #E substrate doctrines follow-up
ADR-0216	0216	Unknown	2026-05-18	Unknown	Open Integration and Migration-Out Policy	docs/decisions/ADR-0216-open-integration-and-migration-out-policy.md	ADR-0211; ADR-0212; ADR-0213; ADR-0217; ADR-0221		- **Status:** Accepted - **Date:** 2026-05-18 - **Owner:** council-architecture - **Deciders:** council-architecture, axis-platform, axis-developer-experience, council-security - **Lane:** governance / substrate-doctrine - **Supersedes:** none - **Superseded by:** none - **Related:** ADR-0211, ADR-0212, ADR-0213, ADR-0217, ADR-0221 - **Source:** `evidence/pr-143-session-decisions-checkpoint-2026-05-18.json#queued_adrs_to_author.ADR-0216` - **Task:** #E substrate doctrines follow-up
ADR-0217	0217	Unknown	2026-05-18	Unknown	Vertical Slice Rollout Order	docs/decisions/ADR-0217-vertical-slice-rollout-order.md	ADR-0211; ADR-0212; ADR-0215; ADR-0216; ADR-0218; ADR-0219; ADR-0220		- **Status:** Accepted - **Date:** 2026-05-18 - **Owner:** council-architecture - **Deciders:** council-architecture, council-product, council-governance, axis-platform - **Lane:** governance / substrate-doctrine - **Supersedes:** none - **Superseded by:** none - **Related:** ADR-0211, ADR-0212, ADR-0215, ADR-0216, ADR-0218, ADR-0219, ADR-0220 - **Source:** `evidence/pr-143-session-decisions-checkpoint-2026-05-18.json#queued_adrs_to_author.ADR-0217` - **Task:** #E substrate doctrines follow-up
ADR-0218	0218	Unknown	2026-05-18	Unknown	Tenant Granular Control Surface	docs/decisions/ADR-0218-tenant-granular-control-surface.md	ADR-0061; ADR-0212; ADR-0215; ADR-0216; ADR-0219; ADR-0220; ADR-0211		- **Status:** Accepted - **Date:** 2026-05-18 - **Owner:** council-architecture - **Deciders:** council-architecture, axis-application, axis-identity, axis-tenancy, council-security - **Lane:** governance / substrate-doctrine - **Supersedes:** none - **Superseded by:** none - **Related:** ADR-0061, ADR-0212, ADR-0215, ADR-0216, ADR-0219, ADR-0220 - **Source:** `evidence/pr-143-session-decisions-checkpoint-2026-05-18.json#queued_adrs_to_author.ADR-0218` - **Task:** #E substrate doctrines follow-up
ADR-0219	0219	Unknown	2026-05-18	Unknown	No-Code-First UX with Optional AI-Assist	docs/decisions/ADR-0219-no-code-first-ux-with-optional-ai-assist.md	ADR-0212; ADR-0215; ADR-0218; ADR-0220		- **Status:** Accepted - **Date:** 2026-05-18 - **Owner:** council-architecture - **Deciders:** council-architecture, axis-application, axis-workflow-studio, axis-intelligence, council-product - **Lane:** governance / substrate-doctrine - **Supersedes:** none - **Superseded by:** none - **Related:** ADR-0212, ADR-0215, ADR-0218, ADR-0220 - **Source:** `evidence/pr-143-session-decisions-checkpoint-2026-05-18.json#queued_adrs_to_author.ADR-0219` - **Task:** #E substrate doctrines follow-up
ADR-0220	0220	Unknown	2026-05-18	Unknown	Consumer Intelligence Substrate	docs/decisions/ADR-0220-consumer-intelligence-substrate.md	ADR-0136; ADR-0211; ADR-0212; ADR-0215; ADR-0218; ADR-0219; ADR-0221		- **Status:** Accepted - **Date:** 2026-05-18 - **Owner:** council-architecture - **Deciders:** council-architecture, axis-intelligence, axis-foundry, council-security, council-product - **Lane:** governance / substrate-doctrine - **Supersedes:** none - **Superseded by:** none - **Related:** ADR-0136, ADR-0211, ADR-0212, ADR-0215, ADR-0218, ADR-0219, ADR-0221 - **Source:** `evidence/pr-143-session-decisions-checkpoint-2026-05-18.json#queued_adrs_to_author.ADR-0220` - **Task:** #E substrate doctrines follow-up
ADR-0221	0221	Unknown	2026-05-18	Unknown	Agentic Development Pipeline Hardening	docs/decisions/ADR-0221-agentic-development-pipeline-hardening.md	ADR-0174; ADR-0211; ADR-0212; ADR-0220; ADR-0116; ADR-0136		- **Status:** Accepted - **Date:** 2026-05-18 - **Deciders:** council-architecture, axis-foundry, council-quality - **Lane:** governance / substrate-doctrine - **PR:** #143 close-out
ADR-0222	0222	Accepted	2026-05-18	council-architecture; ops-sre-reliability; axis-workspace	Saga + compensating-transaction portfolio policy	docs/decisions/ADR-0222-saga-compensation-portfolio-policy.md	ADR-0005; ADR-0035; ADR-0145; ADR-0128; ADR-0003; ADR-0148; ADR-0040; ADR-0024; ADR-0140; ADR-0175; ADR-0009; ADR-0083		Make sagas the only sanctioned shape for cross-microservice writes. Every cross-µservice mutation declares (forward_action, compensation_action, idempotency_key). The workflow engine is the coordinator. Two-phase commit remains banned (per ADR-0145). The audit chain records both forward and compensating actions.
ADR-0223	0223	Accepted	2026-05-18	Unknown	oya git drop-in surface with explicit policy verbs	docs/decisions/ADR-0223-oya-git-drop-in-surface-with-explicit-policy-verbs.md	ADR-0111; ADR-0116; ADR-0132		Make `oya git <git-subcommand>` a true drop-in git surface with audit-ledger emission while keeping policy lifecycle verbs explicit.
ADR-0234	0234	Accepted	2026-05-17	connect-product-council	Connect Social Expansion Planning Contract	docs/decisions/ADR-0234-connect-social-expansion-planning-contract.md	ADR-0001; ADR-0029; ADR-0056; ADR-0105; ADR-0123; ADR-0126		Record the PR #130 Connect expansion as a planning contract, not an implemented production or enforcement claim.
ADR-0235	0235	Accepted	2026-05-17	connect-product-council	Connect Core Public Contracts	docs/decisions/ADR-0235-connect-core-public-contracts.md	ADR-0001; ADR-0003; ADR-0008; ADR-0059; ADR-0234		Authorize the Connect core public contracts added by the OP-11 industry audit and bind them to Workflow/Ontology mediation, audit emission, and dual-context safety rules.
ADR-0236	0236	Proposed	2026-05-17	council-architecture	OP-11 Corpus Remediation Planning Contract	docs/decisions/ADR-0236-op11-corpus-remediation-planning-contract.md	ADR-0116; ADR-0123		Record the OP-11 corpus-audit remediation plan without claiming that the aspirational-enforcement detector, workflow, branch-protection status check, or full source corpus already exists.
ADR-0237	0237	Accepted	2026-05-17	council-architecture	Connect dissolution — Strangler-pattern migration	docs/decisions/ADR-0237-connect-dissolution-strangler-migration.md	ADR-0056; ADR-0105; ADR-0110; ADR-0114; ADR-0123; ADR-0139; ADR-0131; ADR-0132; ADR-0133; ADR-0238; ADR-0145; ADR-0126		Operationalise the Connect → 8-flat-µservice dissolution via Strangler Pattern (per agent-skills deprecation-and-migration SKILL.md §"Migration Patterns"). Govern adapter-layer translation, feature-flagged traffic-shifting, zero- active-usage verification, code-removal sweep, and umbrella-folder retirement.
ADR-0238	0238	Accepted	2026-05-17	council-architecture	Connect super-app expansion into 8 flat µservices	docs/decisions/ADR-0238-connect-super-app-expansion.md	ADR-0056; ADR-0060; ADR-0105; ADR-0110; ADR-0123; ADR-0139; ADR-0131; ADR-0132; ADR-0133; ADR-0237; ADR-0126; ADR-0300; ADR-0145		Decompose the legacy Connect super-app into 8 first-class, flat, single-concern µservices per ADR-0131 + ADR-0132. Establish the new µservice topology, per-µservice SLO authority, per-µservice ChangeSet lane, and the umbrella retirement trigger that ADR-0237 then operationalises as a Strangler-pattern migration.
ADR-0239	0239	Unknown	2026-05-18	Unknown	Foundry Scope Clarification (Internal-Only Amendment)	docs/decisions/ADR-0239-amendment-foundry-internal-scope-clarification-2026-05-18.md	ADR-0136; ADR-0220; ADR-0192; ADR-0200; ADR-0150; ADR-0198; ADR-0211; ADR-0221		- **Status:** Accepted (amendment) - **Date:** 2026-05-18 - **Owner:** council-architecture - **Amends:** ADR-0136 (Foundry consolidation 6→1) - **Related:** ADR-0220 (Consumer Intelligence Substrate — `microservices/intelligence/`) - **PR:** #143 close-out
ADR-0240	0240	Accepted	2026-05-18	council-architecture; council-privacy; axis-cloud; ops-compliance	Sovereign cloud per regional pack	docs/decisions/ADR-0240-sovereign-cloud-per-regional-pack.md	ADR-0010; ADR-0049; ADR-0028; ADR-0009; ADR-0144; ADR-0128; ADR-0105; ADR-0099; ADR-0121; ADR-0044; ADR-0148; ADR-0174; ADR-0180; ADR-0176		Each regional pack declares a `sovereign_cloud_overlay` block enumerating the substrate providers it MUST use (primary + secondary) and the data classes that must remain on those providers. Cross-provider traffic for sovereign-tagged data is denied at policy time.
ADR-0241	0241	Accepted	2026-05-18	council-architecture; ops-dr-capacity; ops-sre-reliability; ops-compliance	DR + business-continuity portfolio policy	docs/decisions/ADR-0241-dr-business-continuity-portfolio-policy.md	ADR-0049; ADR-0009; ADR-0128; ADR-0040; ADR-0240; ADR-0176; ADR-0174		Four DR tiers per µservice (T1 < 5 min RTO + 0 RPO through T4 < 24 h RTO + < 1 h RPO). Drill cadence quarterly for T1/T2, semi-annual for T3/T4. Every µservice manifest declares its tier; observability visualizes per-µservice last-drill-success-timestamp.
ADR-0242	0242	Proposed	2026-05-20	council-architecture; council-product; council-privacy; council-security; ops-compliance; ops-sre-reliability; axis-tenancy; axis-identity; axis-audit-chain	`oyatie`-is-a-tenant doctrine	docs/decisions/ADR-0242-oyatie-is-a-tenant-doctrine.md	ADR-0136; ADR-0220; ADR-0239; ADR-0221; ADR-0009; ADR-0010; ADR-0049; ADR-0105; ADR-0128; ADR-0131; ADR-0132; ADR-0145; ADR-0150; ADR-0183; ADR-0211; ADR-0212; ADR-0213; ADR-0215; ADR-0218; ADR-0240; ADR-0241; ADR-0243; ADR-0244; ADR-0245; ADR-0246; ADR-0247; ADR-0248; ADR-0255; ADR-0192; ADR-0200; ADR-0028	oya gate validate oyatie-tenant-coherence; oya gate validate no-audience-on-microservice; oya gate validate reserved-namespace-protection	Establish `oyatie` as the canonical, first-class, reserved-namespace org-tenant of its own multi-tenant platform. Eliminate the "internal-vs-consumer" µservice audience distinction (ADR-0136-amendment, ADR-0220, ADR-0239 audience-as-µservice-scope framings) in favour of a uniform tenant model where every workload is a principal under a tenant, and `oyatie` is one tenant among many. No internal carve-outs, no bypass paths, no special audit-chain streams. Same Cedar gates, same DSAR cascade, same compliance machinery, same FinOps cost attribution for `oyatie` as for any customer tenant.
ADR-0243	0243	Proposed	2026-05-20	council-architecture; council-security; council-privacy; axis-policy-engine; axis-identity; axis-audit-chain; ops-compliance; ops-sre-reliability	Cedar as Universal Gate	docs/decisions/ADR-0243-cedar-as-universal-gate.md	ADR-0150; ADR-0183; ADR-0028; ADR-0099; ADR-0105; ADR-0128; ADR-0140; ADR-0145; ADR-0144; ADR-0176; ADR-0240; ADR-0241; ADR-0242; ADR-0244; ADR-0246; ADR-0247; ADR-0248; ADR-0251; ADR-0255	oya gate validate cedar-coverage; oya gate validate no-policy-in-code; oya gate validate cedar-fragment-signature; oya gate validate cedar-default-deny-coverage	Establish that EVERY routing, authorization, activation, attribution, retention, eligibility, gate, and decision-with-policy-implication in the oyatie platform is evaluated by the Cedar policy engine. Code never decides policy; code asks the policy engine and acts on the answer. Policy lives in versioned, signed, hot-reloadable Cedar fragments. Coverage is CI-enforced — every gate has a permit fragment plus a default-deny.
ADR-0244	0244	Proposed	2026-05-20	council-architecture; council-product; council-privacy; council-security; ops-compliance; ops-sre-reliability; axis-tenancy; axis-identity; axis-audit-chain; axis-finops	Tenant as Universal Scoping Primitive	docs/decisions/ADR-0244-tenant-as-universal-scoping-primitive.md	ADR-0220; ADR-0239; ADR-0221; ADR-0009; ADR-0010; ADR-0028; ADR-0049; ADR-0099; ADR-0105; ADR-0128; ADR-0131; ADR-0132; ADR-0144; ADR-0145; ADR-0150; ADR-0174; ADR-0183; ADR-0211; ADR-0212; ADR-0215; ADR-0218; ADR-0240; ADR-0241; ADR-0242; ADR-0243; ADR-0245; ADR-0246; ADR-0247; ADR-0248; ADR-0251; ADR-0263; ADR-0292; ADR-0297; ADR-0298; ADR-0311; ADR-0313; ADR-0317; ADR-0319; ADR-0321; ADR-0314; ADR-0315; ADR-0316; ADR-0318; ADR-0255	oya gate validate tenant-id-format; oya gate validate sub-scope-depth; oya gate validate no-audience-on-microservice; oya gate validate tenant-schema-coherence; oya gate validate reserved-namespace-protection; oya gate validate cross-tenant-permit-coverage	Establish tenant ID + dotted hierarchical sub-scope as the universal scoping primitive for every routing, authorization, attribution, retention, residency, audit-stream, cost-center, isolation, encryption, and compliance decision in the oyatie platform. Replace the audience-as-µservice-scope framing inherited from ADR-0220, ADR-0239, and ADR-0221 §M-04 with a uniform tenant model where audience is a property of the tenant, never of the µservice.
ADR-0245	0245	Proposed	2026-05-20	council-architecture; council-product; council-engineering; ops-sre-reliability; ops-compliance; axis-foundry; axis-workflow-engine; axis-ontology; axis-policy-engine; axis-identity; axis-tenancy; axis-audit-chain	Substrate vs Product Layering	docs/decisions/ADR-0245-substrate-vs-product-layering.md	ADR-0131; ADR-0132; ADR-0145; ADR-0009; ADR-0028; ADR-0049; ADR-0056; ADR-0099; ADR-0105; ADR-0110; ADR-0128; ADR-0135; ADR-0136; ADR-0139; ADR-0148; ADR-0150; ADR-0174; ADR-0176; ADR-0183; ADR-0211; ADR-0212; ADR-0213; ADR-0218; ADR-0220; ADR-0239; ADR-0240; ADR-0241; ADR-0242; ADR-0243; ADR-0244; ADR-0246; ADR-0247; ADR-0248; ADR-0249; ADR-0250; ADR-0251; ADR-0255	oya gate validate substrate-vs-product-tier-coherence; oya gate validate cross-tier-dependency-direction; oya gate validate substrate-slo-bar; oya gate validate reserved-microservice-skeleton-completeness; oya gate validate tier-versioning-policy	Establish the canonical two-rule doctrine that every µservice declares a tier: substrate (audience-neutral capability-focused), product (tenant- scoped surface-focused), service-cell (dedicated-function peer cell), or reserved (placeholder for a future certification-gated capability). The tier is a manifest field, CI-enforced, and governs SLO bar, versioning policy, sunset policy, dependency direction, deployment cadence, and observability defaults. Substrates serve all tenants and the platform; products are tenant-scoped surfaces; service cells are dedicated- function peer cells; reserved µservices declare intent without shipping live workloads. This ADR replaces the ad-hoc substrate-vs- product distinction that has accumulated across the portfolio since ADR-0131 with a uniform, declarative, CI-enforced rule.
ADR-0246	0246	Proposed	2026-05-20	council-architecture; council-security; council-privacy; council-product; ops-sre-reliability; ops-compliance; axis-policy-engine; axis-tenancy; axis-identity; axis-audit-chain; axis-ontology; axis-intelligence	Amendment — Library-First / Network-Opt-In Clarification	docs/decisions/ADR-0246-amendment-library-first-network-opt-in-clarification.md	ADR-0028; ADR-0050; ADR-0099; ADR-0105; ADR-0128; ADR-0131; ADR-0140; ADR-0144; ADR-0145; ADR-0148; ADR-0150; ADR-0176; ADR-0183; ADR-0211; ADR-0212; ADR-0241; ADR-0242; ADR-0243; ADR-0244; ADR-0245; ADR-0247; ADR-0248; ADR-0251; ADR-0255	oya gate validate policy-engine-library-first-default; oya gate validate policy-engine-network-opt-in-cedar-gated; oya gate validate no-unnecessary-policy-engine-service-hop; oya gate validate library-only-evaluation-failure-perimeter; oya gate validate library-fragment-snapshot-coherence; oya gate validate library-audit-emission-coherence-policy-engine; oya gate validate library-credential-sidecar-coherence-policy-engine	Status
ADR-0246	0246	Proposed	2026-05-20	council-architecture; council-security; council-privacy; axis-policy-engine; axis-ontology; axis-identity; axis-audit-chain; ops-compliance; ops-sre-reliability	Policy-Engine Substrate Promotion	docs/decisions/ADR-0246-policy-engine-substrate-promotion.md	ADR-0150; ADR-0183; ADR-0009; ADR-0028; ADR-0049; ADR-0050; ADR-0099; ADR-0105; ADR-0106; ADR-0128; ADR-0131; ADR-0132; ADR-0140; ADR-0144; ADR-0145; ADR-0148; ADR-0176; ADR-0211; ADR-0240; ADR-0241; ADR-0242; ADR-0243; ADR-0244; ADR-0245; ADR-0247; ADR-0248; ADR-0251; ADR-0255; ADR-0220; ADR-0239	oya gate validate policy-engine-substrate-promoted; oya gate validate cedar-coverage; oya gate validate no-policy-in-code; oya gate validate cedar-fragment-signature; oya gate validate cedar-default-deny-coverage	Promote the existing `cedar-fragment-coverage` bounded context out of the `ontology` microservice and into its own peer substrate µservice `microservices/policy-engine/`. The promotion is justified because ADR-0243 (Cedar-as-Universal-Gate) elevated Cedar from an app-tier authorization concern to a load-bearing universal-gate substrate that every other µservice in the portfolio consults on the hot path of every state-changing action. BC-level isolation inside Ontology no longer matches the substrate's load-bearing role; per ADR-0131 the unit of independent deployment, SLO ownership, and team accountability is the µservice; per ADR-0241 the universal-gate's DR tier (T1, 5min RTO, 0 RPO) cannot be subordinated to Ontology's tier (T2/T3 depending on BC); per ADR-0245 substrates must be peer µservices so that products can compose them without coupling to upstream BC churn.
ADR-0247	0247	Proposed	2026-05-20	council-architecture; council-product; council-security; council-privacy; ops-sre-reliability; ops-compliance; axis-workflow-engine; axis-intelligence; axis-audit-chain; axis-policy-engine; axis-cell; axis-identity; axis-tenancy	Self-Hosting / Self-Modification Doctrine	docs/decisions/ADR-0247-self-hosting-self-modification-doctrine.md	ADR-0136; ADR-0239; ADR-0137; ADR-0138; ADR-0009; ADR-0028; ADR-0049; ADR-0105; ADR-0111; ADR-0112; ADR-0113; ADR-0116; ADR-0123; ADR-0128; ADR-0131; ADR-0132; ADR-0139; ADR-0144; ADR-0145; ADR-0150; ADR-0174; ADR-0183; ADR-0192; ADR-0200; ADR-0211; ADR-0212; ADR-0220; ADR-0221; ADR-0240; ADR-0241; ADR-0242; ADR-0243; ADR-0244; ADR-0245; ADR-0246; ADR-0248; ADR-0249; ADR-0250; ADR-0251; ADR-0255; ADR-0022; ADR-0024; ADR-0025	oya gate validate self-modification-permitted; oya gate validate bootstrap-tier-coherence; oya gate validate foundry-dissolution-complete; oya gate validate workflow-version-immutability; oya gate validate cedar-self-modification-permit-present	Establish the self-hosting / self-modification doctrine. The oyatie tenant's workflow library (formerly named "Foundry") has the self-hosting property — it can modify the platform that runs it, including itself, under Cedar-gated policy. The Foundry-as-µservice framing (ADR-0136 + ADR-0136-amendment + ADR-0239) DISSOLVES; its six bounded contexts redistribute to Workflow Engine + Intelligence + audit-chain + policy-engine. The internal-CI capability becomes a named bundle of workflow definitions + Cedar fragments + eval criteria running in `dev-tools-cell-N`. A strict bootstrap minimum (Tier 0: hardware + DNS + git host + container registry) is defined as external; everything above self-hosts.
ADR-0248	0248	Proposed	2026-05-20	council-architecture; council-product; council-security; council-privacy; ops-sre-reliability; ops-dr-capacity; ops-compliance; ops-security; axis-cell; axis-cloud-iac; axis-cloud-k8s; axis-network; axis-observability; axis-tenancy; axis-identity; axis-policy-engine; axis-audit-chain	Amazon-shape Cellular Architecture	docs/decisions/ADR-0248-amazon-shape-cellular-architecture.md	ADR-0009; ADR-0010; ADR-0028; ADR-0049; ADR-0099; ADR-0105; ADR-0121; ADR-0128; ADR-0131; ADR-0132; ADR-0145; ADR-0148; ADR-0150; ADR-0174; ADR-0176; ADR-0183; ADR-0211; ADR-0212; ADR-0240; ADR-0241; ADR-0242; ADR-0243; ADR-0244; ADR-0245; ADR-0246; ADR-0247; ADR-0249; ADR-0250; ADR-0251; ADR-0253; ADR-0255; ADR-0220; ADR-0239; ADR-0333; ADR-0139	oya gate validate cell-tier-coherence; oya gate validate shuffle-sharding-parameters; oya gate validate cell-isolation-tolerance; oya gate validate cross-cell-traffic-permits; oya gate validate cell-deployment-pattern; oya gate validate static-stability-coverage; oya gate validate constant-work-control-plane	Adopt the AWS-canonical cell-based architecture as the platform's canonical topology. Establish a four-tier model — Tier 0 (external dependencies), Tier 1 (bootstrap cell), Tier 2 (control plane cells), Tier 3 (data plane cells) — plus dedicated peer-tier service cells (marketplace, dev-tools, audit-aggregator, analytics) plus Tier 4 reserved for post-certification financial- grade + fulfillment-grade workloads. Mandate shuffle sharding for tenant→cell assignment, static stability for cell isolation tolerance, constant-work patterns for control plane sizing, Cloud Hypervisor + Kata Containers for sandboxing, and Cloudflare- to-Pingora at edge per ADR-0253. Cells are the universal blast- radius primitive; every workload runs in a cell; every cell is K8s-everything except the edge POP layer.
ADR-0249	0249	Proposed	2026-05-20	council-architecture; council-product; council-privacy; council-security; council-design-system; ops-compliance; ops-sre-reliability; axis-ecosystem; axis-commerce; axis-tenancy; axis-finops	Multi-Category Marketplace Doctrine	docs/decisions/ADR-0249-multi-category-marketplace-doctrine.md	ADR-0213; ADR-0132; ADR-0009; ADR-0010; ADR-0028; ADR-0049; ADR-0099; ADR-0105; ADR-0110; ADR-0128; ADR-0131; ADR-0144; ADR-0145; ADR-0147; ADR-0150; ADR-0174; ADR-0181; ADR-0183; ADR-0199; ADR-0200; ADR-0211; ADR-0212; ADR-0215; ADR-0218; ADR-0240; ADR-0241; ADR-0242; ADR-0243; ADR-0244; ADR-0245; ADR-0246; ADR-0247; ADR-0248; ADR-0250; ADR-0251; ADR-0255	oya gate validate marketplace-substrate-coverage; oya gate validate marketplace-category-readiness; oya gate validate plugin-app-store-substrate-dependence; oya gate validate marketplace-cell-projection; oya gate validate marketplace-cedar-coverage	Establish oyatie Marketplace as a unified multi-category commerce surface combining Amazon retail, Facebook Marketplace, Apple App Store, Upwork-class services, and Substack-class subscriptions under one brand. Decompose the surface into eight shared substrate microservices (catalog, inventory, orders, fulfillment, reviews, discovery, pricing, trust-safety) built day-one and four category- specific bounded contexts (physical-goods, c2c, services, subscriptions) rolled out by per-category certification readiness per ADR-0250. Refactor plugin-app-store onto the shared substrates so digital plugins/apps are the first category to ship rather than a parallel commerce stack.
ADR-0250	0250	Proposed	2026-05-20	council-architecture; council-product; council-privacy; council-security; council-legal; ops-compliance; ops-sre-reliability; ops-dr-capacity; axis-payments; axis-healthcare; axis-government; axis-education; axis-marketplace; axis-financial-services; axis-defense; axis-pharma	Build-Ahead-of-Certification Doctrine	docs/decisions/ADR-0250-build-ahead-of-certification-doctrine.md	ADR-0009; ADR-0010; ADR-0049; ADR-0064; ADR-0099; ADR-0105; ADR-0128; ADR-0144; ADR-0150; ADR-0183; ADR-0211; ADR-0212; ADR-0218; ADR-0240; ADR-0241; ADR-0242; ADR-0243; ADR-0244; ADR-0245; ADR-0246; ADR-0247; ADR-0248; ADR-0249; ADR-0251; ADR-0252; ADR-0253; ADR-0254; ADR-0255	oya gate validate capability-three-state-coherence; oya gate validate built-but-unlaunched-cedar-gate; oya gate validate capability-launch-runbook-completeness; oya gate validate certification-evidence-retention; oya gate validate anti-bypass-built-only-tenant	Establish that every certification-gated capability in the portfolio (payments, healthcare, government, education, pharma, defense, marketplace physical-goods, marketplace services, marketplace c2c, financial-services data) is architected and built day-one and launched per-market only after regulatory clearance lands. Build precedes certification; certifications drop on working systems rather than triggering build-from-zero. Replicates the Apple Pay per-country rollout pattern, the Stripe geographic expansion shape, and the AWS regional service-availability pattern. Eliminates the "wait for certification, then start coding" failure mode that produces months of post-cert delay and a permanent build vs market race condition.
ADR-0251	0251	Proposed	2026-05-20	council-architecture; council-privacy; council-security; council-legal; ops-compliance; ops-sre-reliability; ops-dr-capacity; axis-policy-engine; axis-audit-chain; axis-cell; axis-tenancy; axis-identity	Compliance Pack + Cell Certification Levels	docs/decisions/ADR-0251-compliance-pack-cell-certification-levels.md	ADR-0099; ADR-0144; ADR-0150; ADR-0009; ADR-0010; ADR-0028; ADR-0049; ADR-0064; ADR-0105; ADR-0128; ADR-0131; ADR-0132; ADR-0140; ADR-0145; ADR-0174; ADR-0176; ADR-0183; ADR-0188; ADR-0211; ADR-0212; ADR-0218; ADR-0240; ADR-0241; ADR-0242; ADR-0243; ADR-0244; ADR-0245; ADR-0246; ADR-0247; ADR-0248; ADR-0249; ADR-0250; ADR-0255; ADR-0263	oya gate validate compliance-pack-schema; oya gate validate compliance-pack-signature; oya gate validate cell-certification-coherence; oya gate validate tenant-pack-cell-pinning; oya gate validate cross-pack-traffic-cedar-gated; oya gate validate baa-dpa-coverage; oya gate validate breach-notification-workflow-coverage; oya gate validate consent-record-coverage; oya gate validate dpia-template-coverage; oya gate validate auditor-evidence-emission	Establish Compliance Pack as a first-class versioned signed bundle that wraps a single regulation (HIPAA, PCI DSS, FedRAMP, EU GDPR, KR-PIPA, KR-FSS, DoD IL5/6, FERPA, FDA 21 CFR Part 11, EU AI Act, EU NIS2, EU DSA, JP APPI, SG PDPA, AU Privacy Act, KSA NDMO/SDAIA, etc.). Cells declare a SET of certifications (certification levels) enumerating which packs they can host. Tenants install packs onto themselves; the policy-engine aggregates installed packs at evaluation time, deny-wins. Cross-pack traffic is Cedar-gated. The mechanism is the unit of regulator response, the unit of evidence emission, and the unit of pack-versioned drift.
ADR-0252	0252	Proposed	2026-05-20	council-architecture; council-security; ops-sre-reliability; ops-compliance; axis-workflow-engine; axis-audit-chain; axis-observability; axis-tenancy; axis-identity	Time, Coordination, and Distributed Consistency	docs/decisions/ADR-0252-time-coordination-distributed-consistency.md	ADR-0035; ADR-0145; ADR-0128; ADR-0005; ADR-0009; ADR-0010; ADR-0028; ADR-0040; ADR-0049; ADR-0099; ADR-0105; ADR-0140; ADR-0150; ADR-0174; ADR-0176; ADR-0183; ADR-0211; ADR-0212; ADR-0222; ADR-0240; ADR-0241; ADR-0242; ADR-0243; ADR-0244; ADR-0245; ADR-0246; ADR-0247; ADR-0248; ADR-0251; ADR-0255	oya gate validate hlc-integration-coverage; oya gate validate no-wall-clock-for-ordering; oya gate validate idempotency-key-coverage; oya gate validate no-distributed-lock; oya gate validate leap-smear-configured; oya gate validate per-cell-cron-jitter; oya gate validate timeout-deadline-propagation	Establish Hybrid Logical Clocks (HLC) as the default clock primitive across the platform; reserve TrueTime-style atomic-clock-backed clocks for Tier-4 financial-grade cells and IL5+ classified cells; mandate Workflow Engine sagas (per ADR-0222) for cross-microservice coordination instead of distributed locks; require caller-supplied idempotency keys (Stripe pattern) for retry safety; default to causal consistency with strict total order opt-in; smear leap seconds (Google approach); per-cell cron with jitter — no global scheduler. Code never reads a wall clock for ordering decisions; code asks the HLC primitive. Locks are an anti-pattern at distributed scale and are forbidden outside the narrow exceptions enumerated in D-5.
ADR-0253	0253	Proposed	2026-05-20	council-architecture; council-security; council-privacy; axis-network; axis-cloud-k8s; axis-edge; ops-sre-reliability; ops-security; ops-compliance	Amendment — HTTP/3 Fallback Chain, Strict TLS, ECH, PQC Hybrid	docs/decisions/ADR-0253-amendment-http3-fallback-strict-tls-ech-pqc.md	ADR-0044; ADR-0121; ADR-0148; ADR-0149; ADR-0211; ADR-0243; ADR-0246; ADR-0293; ADR-0295; ADR-0251	oya gate validate tls13-strict-profile; oya gate validate http3-fallback-chain-declared; oya gate validate ech-endpoint-coverage; oya gate validate pqc-hybrid-kem-declared	Codify the HTTP/3 → HTTP/2 → HTTP/1.1 protocol fallback chain, the strict TLS 1.3 profile, Encrypted Client Hello (ECH, RFC 9460) for all external-facing endpoints, and the post-quantum hybrid cipher suite (X25519MLKEM768 KEM + ed25519/ml_dsa_65 hybrid signature). Provides per-microservice protocol applicability table and CI enforcement lanes. Amends ADR-0253 §D-4 (TLS), §D-5 (protocol version), and §D-7 (observability) with binding operational parameters that were advisory in the original ADR.
ADR-0253	0253	Proposed	2026-05-20	council-architecture; council-security; council-privacy; axis-network; axis-cloud-k8s; axis-edge; ops-sre-reliability; ops-security; ops-compliance	Network topology — Anycast apex + edge POPs + Cilium ambient service mesh inside cells	docs/decisions/ADR-0253-network-topology-edge-service-mesh.md	ADR-0009; ADR-0010; ADR-0028; ADR-0043; ADR-0044; ADR-0049; ADR-0105; ADR-0117; ADR-0121; ADR-0128; ADR-0131; ADR-0145; ADR-0148; ADR-0149; ADR-0150; ADR-0153; ADR-0183; ADR-0211; ADR-0223; ADR-0240; ADR-0241; ADR-0242; ADR-0243; ADR-0244; ADR-0245; ADR-0246; ADR-0247; ADR-0248; ADR-0252; ADR-0255; ADR-0136	oya gate validate network-topology-coherence; oya gate validate edge-pop-presence; oya gate validate tls13-only; oya gate validate spiffe-svid-coverage; oya gate validate post-quantum-hybrid-readiness	Establish the canonical network topology spanning planetary apex DNS, edge POPs, per-cell ingress termination, the Cilium-ambient service mesh inside cells (per ADR-0148), workload identity via SPIFFE/SPIRE, TLS 1.3 with post-quantum hybrid key exchange, HTTP/3 client-side, inter-cell + cross-provider mesh, and the migration path from Cloudflare-hosted edge to self-hosted Pingora POPs by Year 3+. This ADR sets the broader network shape around the in-cell service mesh already chosen in ADR-0148.
ADR-0254	0254	Proposed	2026-05-20	council-architecture; council-product; council-security; council-compliance; ops-sre-reliability; ops-dr-capacity; ops-compliance; ops-security; axis-cloud; axis-tenancy; axis-deployment	Deployment model spectrum	docs/decisions/ADR-0254-deployment-model-spectrum.md	ADR-0009; ADR-0010; ADR-0028; ADR-0040; ADR-0044; ADR-0049; ADR-0105; ADR-0121; ADR-0128; ADR-0131; ADR-0132; ADR-0144; ADR-0145; ADR-0148; ADR-0150; ADR-0174; ADR-0176; ADR-0180; ADR-0183; ADR-0211; ADR-0212; ADR-0213; ADR-0215; ADR-0218; ADR-0240; ADR-0241; ADR-0242; ADR-0243; ADR-0244; ADR-0245; ADR-0246; ADR-0247; ADR-0248; ADR-0249; ADR-0250; ADR-0251; ADR-0252; ADR-0253; ADR-0255	oya gate validate deployment-model-coherence; oya gate validate artifact-bundle-signature; oya gate validate air-gap-bundle-manifest; oya gate validate per-model-slo-declaration; oya gate validate cell-topology-per-model	Establish the canonical five-model deployment spectrum for the oyatie platform — shared-cloud (multi-tenant SaaS), dedicated-cloud (single-tenant cell operated by oyatie), hybrid / BYO-cloud (cell in tenant's own cloud account), on-prem connected (cell on tenant's own hardware with periodic sync), and on-prem air-gapped (cell on tenant's own hardware with cross-domain bundle delivery). All five models ship the same Helm charts, Cedar policy bundles, container images, and workflow definitions; the substrate beneath the cell varies, the cell contents do not. A new µservice `microservices/deployment-control-plane/` (Palantir Apollo equivalent) orchestrates upgrades, canary, rollback, and air-gapped bundle delivery across all five models.
ADR-0255	0255	Proposed	2026-05-20	council-architecture; council-product; council-privacy; council-security; ops-sre-reliability; ops-compliance; axis-intelligence; axis-foundry; axis-policy-engine; axis-tenancy; axis-audit-chain	Amendment — Library-First / Network-Opt-In Clarification	docs/decisions/ADR-0255-amendment-library-first-network-opt-in-clarification.md	ADR-0028; ADR-0050; ADR-0105; ADR-0128; ADR-0136; ADR-0144; ADR-0145; ADR-0148; ADR-0150; ADR-0176; ADR-0183; ADR-0211; ADR-0212; ADR-0242; ADR-0243; ADR-0244; ADR-0245; ADR-0247; ADR-0249	oya gate validate intelligence-library-first-default; oya gate validate intelligence-network-opt-in-cedar-gated; oya gate validate no-unnecessary-intelligence-service-hop; oya gate validate library-only-failure-perimeter; oya gate validate library-cedar-gate-coherence; oya gate validate library-audit-emission-coherence	Status
ADR-0255	0255	Proposed	2026-05-20	council-architecture; council-product; council-privacy; council-security; council-legal; ops-compliance; ops-sre-reliability; axis-intelligence; axis-foundry; axis-policy-engine; axis-tenancy; axis-audit-chain	Intelligence as Two-Layer AI Substrate	docs/decisions/ADR-0255-intelligence-as-two-layer-ai-substrate.md	ADR-0220; ADR-0028; ADR-0050; ADR-0099; ADR-0105; ADR-0128; ADR-0136; ADR-0144; ADR-0145; ADR-0150; ADR-0174; ADR-0176; ADR-0183; ADR-0188; ADR-0192; ADR-0200; ADR-0211; ADR-0212; ADR-0213; ADR-0215; ADR-0218; ADR-0219; ADR-0221; ADR-0239; ADR-0240; ADR-0241; ADR-0242; ADR-0243; ADR-0244; ADR-0245; ADR-0246; ADR-0247; ADR-0248; ADR-0249; ADR-0251	oya gate validate intelligence-two-layer-coherence; oya gate validate byok-everywhere-coherence; oya gate validate no-credentials-in-substrate; oya gate validate multi-modal-transport-coverage; oya gate validate caller-side-rag-only; oya gate validate audience-tag-on-every-call; oya gate validate foundry-bc-absorption-complete	Rewrite ADR-0220's framing of Intelligence as a consumer-only µservice with model-routing baked in as one of its responsibilities. Establish Intelligence as a two-layer µservice: (a) an audience- neutral AI Substrate layer that serves every tenant — including `oyatie` itself — for any LLM, embedding, multi-modal, tool-calling, guardrail, eval, or attribution decision; and (b) a Consumer Brand Surface layer scoped to B2B-tenant and B2C-consumer audiences that renders the "oyatie intelligence" brand UX. Establish opt-in provider-BYOK as the canonical LLM/provider credential model (Anthropic / OpenAI / Google / Bedrock / self-hosted vLLM / etc.): in B2B-regulated and provider-BYOK-elected paths the substrate owns zero provider credentials, while consumer (B2C) surfaces fall back to platform-default provider credentials owned by the `oyatie` tenant when a tenant has not opted in to provider-BYOK; every provider credential — default or tenant-owned — is a SecretReference with an explicit owner. encryption-BYOK (tenant KMS / HSM root) is a separate concern, owned by ADR-0251 §D-10. Establish multi-modal transport (text, image, audio, video, code) as day-one. Establish stateless dispatch composed with Workflow durability. Establish caller-side RAG. Promote `microservices/embeddings/` and `microservices/fine-tuning/` as separate substrate µservices. Absorb Foundry's `providers`, `guardrails`, and `eval` bounded contexts into Intelligence. Deploy per-cell.
ADR-0257	0257	Proposed	2026-05-20	council-architecture; council-product; council-privacy; council-security; ops-sre-reliability; ops-compliance; axis-ontology; axis-policy-engine; axis-workflow-engine; axis-audit-chain; axis-tenancy; axis-intelligence	Amendment — Library-First Ontology Read-Path Clarification	docs/decisions/ADR-0257-amendment-library-first-ontology-read-path.md	ADR-0005; ADR-0009; ADR-0028; ADR-0050; ADR-0055; ADR-0099; ADR-0105; ADR-0106; ADR-0122; ADR-0128; ADR-0131; ADR-0141; ADR-0144; ADR-0145; ADR-0148; ADR-0150; ADR-0176; ADR-0211; ADR-0212; ADR-0242; ADR-0243; ADR-0244; ADR-0245; ADR-0246; ADR-0247; ADR-0248; ADR-0252; ADR-0255	oya gate validate ontology-read-library-first-default; oya gate validate ontology-read-network-opt-in-cedar-gated; oya gate validate no-unnecessary-ontology-read-service-hop; oya gate validate ontology-read-library-only-failure-perimeter; oya gate validate ontology-read-projection-coherence; oya gate validate ontology-write-always-network-via-service; oya gate validate ontology-read-credential-sidecar-coherence	Status
ADR-0257	0257	Proposed	2026-05-20	council-architecture; council-product; council-privacy; council-security; axis-ontology; axis-policy-engine; axis-workflow-engine; axis-audit-chain; ops-compliance; ops-sre-reliability	Ontology Object-Type Versioning + Deprecation Handshake	docs/decisions/ADR-0257-ontology-object-type-versioning-deprecation-handshake.md	ADR-0106; ADR-0145; ADR-0005; ADR-0009; ADR-0028; ADR-0050; ADR-0055; ADR-0099; ADR-0105; ADR-0107; ADR-0108; ADR-0109; ADR-0110; ADR-0111; ADR-0112; ADR-0122; ADR-0128; ADR-0131; ADR-0132; ADR-0144; ADR-0150; ADR-0172; ADR-0222; ADR-0242; ADR-0243; ADR-0244; ADR-0245; ADR-0246; ADR-0251; ADR-0252; ADR-0255; ADR-0240	oya gate validate schema-revision-present; oya gate validate schema-revision-semver; oya gate validate consumer-pin-declared; oya gate validate deprecation-handshake-shape; oya gate validate tombstone-grace-period; oya gate validate schema-evolution-event-emitted; oya gate validate schema-revision-cedar-gate; oya gate validate dual-write-window-respected	Lock down the Ontology Object Type schema-evolution surface so that cross-microservice consumers can pin to a versioned schema and never experience a silent regression when the producer evolves its types. Every Ontology Object Type carries a `schema_revision` (semver); evolution is additive-by-default; breaking changes require a three-state deprecation handshake (ACTIVE -> DEPRECATED -> TOMBSTONED) with a grace period >= 12 months, explicit consumer acknowledgement, Cedar-gated writes, and Workflow-engine-emitted schema-evolution events. Inherits Bominal ADR-0106 + Stripe API versioning + Palantir Foundry Ontology schema evolution patterns. Hyperscaler-grade.
ADR-0258	0258	Accepted	2026-05-20	council-architecture	API Versioning Model (Stripe-style request-time pinning for public, URL versioning for internal mesh)	docs/decisions/ADR-0258-api-versioning-model.md	ADR-0011; ADR-0037; ADR-0064; ADR-0131; ADR-0145; ADR-0150; ADR-0244; ADR-0250; ADR-0001; ADR-0251; ADR-0130; ADR-0038; ADR-0243		Status
ADR-0263	0263	Proposed	2026-05-20	council-architecture; council-product; council-security; council-privacy; ops-sre-reliability; ops-compliance; axis-observability; axis-audit-chain; axis-tenancy; axis-identity; axis-finops	Observability Emission Contract	docs/decisions/ADR-0263-observability-emission-contract.md	ADR-0042; ADR-0153; ADR-0186; ADR-0003; ADR-0009; ADR-0010; ADR-0028; ADR-0049; ADR-0105; ADR-0131; ADR-0132; ADR-0139; ADR-0145; ADR-0174; ADR-0210; ADR-0242; ADR-0243; ADR-0244; ADR-0297; ADR-0313; ADR-0319; ADR-0311; ADR-0316	oya gate validate observability-emission-contract; oya gate validate tenant-label-presence; oya gate validate trace-context-propagation; oya gate validate metric-naming-convention; oya gate validate log-schema-conformance; oya gate validate pii-scrubbing-at-emission; oya gate validate audit-id-on-state-change	Lock the Tier-1 observability emission contract for every oyatie µservice. Every workload — substrate, product, internal `oyatie.*` principal, customer tenant call — emits structured JSON logs, OpenTelemetry traces with W3C Trace Context propagation, Prometheus metrics with mandatory tenant_id label, and exemplars linking metrics to representative traces. Mimir+Loki+Tempo+ ClickHouse stack (per existing observability µservice) is the canonical storage substrate. The Three Pillars of Observability (Charity Majors, Honeycomb 2017) — metrics + logs + traces — are unified via correlation IDs. Schema is versioned and evolves additive-only; field deprecation requires a contract handshake. PII scrubbing happens at the emission boundary, never at the storage boundary. Audit-chain integration ensures every state-changing emission carries an `audit_id` linking back to ADR-0003 sealed evidence.
ADR-0272	0272	Proposed	2026-05-20	council-privacy; council-legal; council-architecture; council-security; council-frontend; ops-compliance; ops-sre-reliability; axis-consent-ledger; axis-audit-chain; axis-policy-engine; axis-tenancy; axis-identity; axis-analytics; axis-i18n-localization	Cookie Consent + Per-Purpose Analytics Opt-In	docs/decisions/ADR-0272-cookie-consent-per-purpose-analytics-opt-in.md	ADR-0099; ADR-0251; ADR-0010; ADR-0049; ADR-0064; ADR-0105; ADR-0128; ADR-0140; ADR-0145; ADR-0150; ADR-0183; ADR-0188; ADR-0218; ADR-0240; ADR-0242; ADR-0243; ADR-0244; ADR-0245; ADR-0246; ADR-0255	oya gate validate cookie-consent-schema; oya gate validate consent-purpose-taxonomy; oya gate validate cmp-wcag-2-2-aa; oya gate validate gpc-signal-honored; oya gate validate no-pre-checked-opt-ins; oya gate validate cookie-less-analytics-default; oya gate validate first-party-cookie-only; oya gate validate per-jurisdiction-overlay-strictest-wins; oya gate validate consent-revocation-one-click; oya gate validate consent-audit-chain-coverage; oya gate validate tenant-policy-override-surface; oya gate validate dark-pattern-lint	Establish Tier-1 cookie consent and per-purpose analytics opt-in as the canonical privacy surface for every oyatie web/mobile property. Mandates GDPR + ePrivacy + KR-PIPA + KSA-PDPL + US-CCPA/CPRA + BR-LGPD compliance simultaneously through a per-jurisdiction overlay that resolves to the strictest applicable rule. Pre-checked opt-ins are forbidden. Cookie-less analytics is the default. The CMP (Consent Management Platform) is a substrate-layer concern with first-party-only cookies, no third-party trackers, Global Privacy Control honored, IAB TCF v2.2 reserved for any future ad-tech surface (currently scoped out), and per-tenant policy overlays so B2B tenants set their workforce policy.
ADR-0273	0273	Proposed	2026-05-20	axis-mail; council-deliverability; council-privacy; council-security; council-architecture; ops-sre-reliability; ops-deliverability; ops-secrets; axis-tenancy; axis-audit-chain; axis-policy-engine; axis-cloud-secrets; axis-cloud-network-dns	Per-tenant DKIM/SPF/DMARC email deliverability	docs/decisions/ADR-0273-per-tenant-dkim-spf-dmarc-email-deliverability.md	ADR-0201; ADR-0008; ADR-0028; ADR-0056; ADR-0064; ADR-0105; ADR-0106; ADR-0117; ADR-0123; ADR-0131; ADR-0132; ADR-0133; ADR-0135; ADR-0139; ADR-0140; ADR-0145; ADR-0166; ADR-0173; ADR-0174; ADR-0208; ADR-0210; ADR-0215; ADR-0238; ADR-0240; ADR-0241; ADR-0242; ADR-0243; ADR-0244; ADR-0245; ADR-0251; ADR-0255		> Tier-1 lockdown. The `mail` µservice cannot ship — neither the > B2C Personal Mail surface nor the B2B Work Mail surface — until > the per-tenant DKIM/SPF/DMARC pipeline described here is built, > wired into `cloud-secrets` / `cloud-network-dns` / `audit-chain` > / `events-bus`, and observed end-to-end at SLO. This ADR is the > deliverability contract for every outbound and inbound mail flow > in oyatie, including `oyatie-corp` itself (per ADR-0242).
ADR-0276	0276	Proposed	2026-05-20	council-architecture; council-product; council-privacy; council-security; council-legal; council-compliance; ops-compliance; ops-sre-reliability; ops-security; axis-tenancy; axis-audit-chain; axis-data-portability; axis-ontology; axis-cloud; axis-policy-engine	Backup + Portability Format (GDPR Article 20)	docs/decisions/ADR-0276-backup-portability-format-gdpr-article-20.md	ADR-0002; ADR-0003; ADR-0006; ADR-0008; ADR-0009; ADR-0010; ADR-0011; ADR-0028; ADR-0034; ADR-0037; ADR-0038; ADR-0039; ADR-0049; ADR-0105; ADR-0128; ADR-0145; ADR-0150; ADR-0180; ADR-0211; ADR-0212; ADR-0218; ADR-0240; ADR-0241; ADR-0242; ADR-0243; ADR-0244; ADR-0245; ADR-0247; ADR-0248; ADR-0251; ADR-0131	oya gate validate portability-format-coherence; oya gate validate manifest-schema-conformance; oya gate validate per-microservice-export-coverage; oya gate validate ontology-export-completeness; oya gate validate audit-chain-merkle-proof; oya gate validate dual-signature-attestation; oya gate validate import-roundtrip-fidelity; oya gate validate schema-evolution-backward-compat	Establish the canonical backup + portability format that satisfies GDPR Article 20 right to data portability and equivalent rights in KR-PIPA Article 35-2, CCPA, LGPD, PIPEDA, and POPIA. Define a single Tier-1 export format — JSON-LD bundled in tar.gz with a JSON Schema manifest, Ed25519 + cosign dual signatures, and per-µservice schemas resolved by URI — that lets every tenant of `oyatie` exit at any time, take every byte of their data with them in a structured, commonly-used, machine-readable form, and (in the limit) re-import into a different oyatie tenant. Tier-1 lockdown semantics apply: the format choice is hard to reverse once tenants depend on it for exit, so it is selected with the full reversibility-cost discount baked in. Establish full vs incremental modes, encryption choice, ontology export, audit chain export with Merkle proof, re-import compatibility for a 5+ year sunset window, and schema evolution rules for the format itself.
ADR-0280	0280	Proposed	2026-05-20	council-architecture; council-engineering; council-security; ops-sre-reliability; ops-compliance; axis-cell; axis-identity; axis-tenancy; axis-policy-engine; axis-cloud-secrets; axis-audit-chain; axis-observability; axis-ontology; axis-intelligence; axis-workflow-engine; axis-foundry	Substrate-of-Substrate Dependency Doctrine	docs/decisions/ADR-0280-substrate-of-substrate-dependency-doctrine.md	ADR-0245; ADR-0246; ADR-0145; ADR-0009; ADR-0028; ADR-0049; ADR-0056; ADR-0099; ADR-0105; ADR-0110; ADR-0111; ADR-0128; ADR-0131; ADR-0132; ADR-0136; ADR-0139; ADR-0148; ADR-0150; ADR-0172; ADR-0174; ADR-0176; ADR-0183; ADR-0211; ADR-0212; ADR-0213; ADR-0220; ADR-0241; ADR-0242; ADR-0243; ADR-0244; ADR-0247; ADR-0248; ADR-0249; ADR-0250; ADR-0251; ADR-0255; ADR-0258	oya gate validate substrate-dependency-dag-acyclicity; oya gate validate substrate-bootstrap-order-matches-topological-sort; oya gate validate substrate-failure-cascade-direction; oya gate validate substrate-slo-composition-bounds; oya gate validate substrate-cross-call-cedar-coverage; oya gate validate substrate-api-version-compatibility; oya gate validate substrate-catalog-registration; oya gate validate substrate-client-crate-build-time-dag-check; oya gate validate substrate-brownout-circuit-breaker-presence; oya gate validate substrate-fault-injection-drill-cadence	Lock down the Tier-1 substrate layer by declaring the substrate-of- substrate dependency Directed Acyclic Graph (DAG) as a machine-readable invariant. ADR-0245 §D-4 introduced the substrate dependency rules in prose; ADR-0246 promoted policy-engine to peer substrate; ADR-0145 permitted direct gRPC between µservices. This ADR converts the scattered prose rules into a single canonical DAG spec (`specs/substrate-dependency-dag.json`), prescribes its acyclicity invariant, derives bootstrap ordering from its topological sort, declares the unidirectional failure-cascade rules referencing ADR-0176 brown-out signal, formalizes deterministic SLO composition via Markov-chain multiplication, and authors the build-time + runtime + chaos-engineering enforcement surface. The doctrine prevents the distributed-monolith failure mode where substrate cycles silently emerge during refactor and convert the platform into a tightly-coupled ball-of- mud (Foote+Yoder 1997 anti-pattern).
ADR-0284	0284	Proposed	2026-05-20	council-architecture; council-product; council-brand; council-legal; council-security; ops-compliance; ops-sre-reliability; axis-tenancy; axis-identity; axis-audit-chain; axis-i18n	Platform-Owner-Name Indirection	docs/decisions/ADR-0284-platform-owner-name-indirection.md	ADR-0242; ADR-0009; ADR-0049; ADR-0063; ADR-0064; ADR-0105; ADR-0128; ADR-0131; ADR-0145; ADR-0183; ADR-0206; ADR-0211; ADR-0212; ADR-0216; ADR-0218; ADR-0240; ADR-0243; ADR-0244; ADR-0245; ADR-0246; ADR-0247; ADR-0249; ADR-0241; ADR-0248; ADR-0255; ADR-0028	oya gate validate platform-owner-constant-indirection; oya gate validate no-hardcoded-platform-owner-slug; oya gate validate platform-owner-brand-vs-slug-separation	Introduce a single named source of truth (`PLATFORM_OWNER_TENANT_SLUG`) for the platform-owner tenant identifier that ADR-0242 hardcoded as the literal string `oyatie` across Cedar fragments, audit-chain code, tenancy bootstrap, identity provisioning, FinOps cost-center hierarchy, observability dashboards, and migration ledgers. Without this indirection, any rebrand of the platform owner becomes a multi-day full-portfolio search-and-replace operation crossing hundreds of files, Cedar policies, sealed audit-chain rows, signed Merkle roots, and deployment manifests — a catastrophe pattern the keystone bundle cannot tolerate. The decision also separates the platform-owner brand *display name* (i18n-able, surface-localised, marketing-controlled) from the platform-owner *slug* (ASCII, lowercase, stable, reserved), matching how Apple Intelligence brand surfaces vary while the underlying tenant slug stays fixed.
ADR-0292	0292	Proposed	2026-05-20	council-architecture; council-privacy; council-security; council-legal; council-product; ops-compliance; ops-trust-and-safety; axis-policy-engine; axis-audit-chain; axis-tenancy; axis-identity; axis-consent; axis-pack-registry	Minor User Doctrine — COPPA + KOSA + EU Age Verification	docs/decisions/ADR-0292-minor-user-doctrine-coppa-kosa-eu-age-verification.md	ADR-0007; ADR-0099; ADR-0218; ADR-0251; ADR-0002; ADR-0003; ADR-0008; ADR-0009; ADR-0010; ADR-0011; ADR-0064; ADR-0105; ADR-0140; ADR-0144; ADR-0145; ADR-0150; ADR-0183; ADR-0188; ADR-0240; ADR-0242; ADR-0243; ADR-0244; ADR-0245; ADR-0249; ADR-0246	oya gate validate minor-user-pack-pinning; oya gate validate age-threshold-per-jurisdiction-coherence; oya gate validate age-assurance-provider-binding; oya gate validate parental-consent-workflow-coverage; oya gate validate minor-default-privacy-maximal; oya gate validate age-down-edit-refusal; oya gate validate age-of-majority-migration-flow; oya gate validate algorithm-transparency-for-minors; oya gate validate marketplace-minor-purchase-gate; oya gate validate per-microservice-minor-ux-binding; oya gate validate audit-emission-on-minor-policy-decision; oya gate validate tenant-override-bounds-check	Establish the Minor User Doctrine as a Tier-1 lockdown precondition for shipping any business-to-consumer (B2C) surface. Bind COPPA (US, under-13), KOSA (US 2024, under-17), EU age-verification guidance (2024-2025 enforcement), UK Age Appropriate Design Code (AADC), KR Youth Protection Revision Act 2024, and JP Act on Provision of Healthy Environment for Young People to a single canonical pack (MINOR-USER-2024) with per-jurisdiction age thresholds, age-assurance flows, parental-consent workflows, default-restricted feature surfaces, age-down protection, algorithm transparency, marketplace + payments restrictions, and per-µservice minor-user-aware UX semantics. The pack composes through ADR-0251 onto cells; tenant overrides flow through ADR-0218; Cedar gates flow through ADR-0243; audit-chain emissions flow through ADR-0246; consent records flow through the Consent µservice. No B2C surface ships without this doctrine; the platform refuses minor-affecting traffic when the doctrine is not pinned.
ADR-0293	0293	Proposed	2026-05-20	council-architecture; council-security; council-privacy; council-legal; ops-compliance; ops-sre-reliability; axis-identity; axis-policy-engine; axis-audit-chain	Foundry Meta-Trust-Root for Self-Modification Witness	docs/decisions/ADR-0293-foundry-meta-trust-root.md	ADR-0247; ADR-0243; ADR-0246; ADR-0009; ADR-0105; ADR-0128; ADR-0131; ADR-0144; ADR-0145; ADR-0150; ADR-0211; ADR-0212; ADR-0240; ADR-0242; ADR-0244; ADR-0248; ADR-0250; ADR-0251; ADR-0255; ADR-0280	oya gate validate meta-trust-root-attestation; oya gate validate meta-trust-root-key-ceremony-evidence; oya gate validate meta-trust-root-shamir-distribution; oya gate validate meta-trust-root-rotation-cadence; oya gate validate self-modification-witness-present	Status
ADR-0294	0294	Proposed	2026-05-20	council-architecture; council-security; council-privacy; axis-policy-engine; axis-audit-chain; axis-cell; ops-sre-reliability; ops-compliance	Cedar Fragment Soak + Anomaly-Rollback	docs/decisions/ADR-0294-cedar-fragment-soak-anomaly-rollback.md	ADR-0243; ADR-0246; ADR-0105; ADR-0128; ADR-0131; ADR-0140; ADR-0145; ADR-0150; ADR-0176; ADR-0183; ADR-0211; ADR-0240; ADR-0242; ADR-0244; ADR-0247; ADR-0248; ADR-0251; ADR-0263; ADR-0293; ADR-0297; ADR-0311; ADR-0313; ADR-0319; ADR-0212; ADR-0250	oya gate validate fragment-soak-window; oya gate validate fragment-anomaly-detector-coverage; oya gate validate fragment-publisher-admission; oya gate validate fragment-rollback-evidence-emitted	Status
ADR-0295	0295	Proposed	2026-05-20	council-architecture; council-security; council-privacy; council-legal; ops-sre-reliability; ops-compliance; axis-identity; axis-policy-engine; axis-audit-chain; axis-cell	Bootstrap CI SPIFFE Identity + T+8h Kill-Switch	docs/decisions/ADR-0295-bootstrap-ci-spiffe-kill-switch.md	ADR-0247; ADR-0243; ADR-0009; ADR-0049; ADR-0105; ADR-0128; ADR-0131; ADR-0144; ADR-0145; ADR-0150; ADR-0211; ADR-0212; ADR-0240; ADR-0242; ADR-0244; ADR-0246; ADR-0248; ADR-0250; ADR-0251; ADR-0280; ADR-0293; ADR-0294	oya gate validate bootstrap-spiffe-identity; oya gate validate bootstrap-runner-ca-ceremony-evidence; oya gate validate bootstrap-artifact-cosign-attestation; oya gate validate bootstrap-budget-ceiling; oya gate validate bootstrap-kill-switch-fragment-present; oya gate validate bootstrap-runner-revocation-coverage	Status
ADR-0296	0296	Proposed	2026-05-20	council-architecture; council-security; council-privacy; axis-intelligence; axis-policy-engine; axis-audit-chain; axis-identity; ops-sre-reliability; ops-compliance	Library-First Credential Sidecar	docs/decisions/ADR-0296-library-first-credential-sidecar.md	ADR-0255; ADR-0294; ADR-0246; ADR-0009; ADR-0028; ADR-0050; ADR-0099; ADR-0105; ADR-0128; ADR-0131; ADR-0145; ADR-0150; ADR-0192; ADR-0200; ADR-0211; ADR-0212; ADR-0242; ADR-0243; ADR-0244; ADR-0247; ADR-0248; ADR-0251; ADR-0263; ADR-0293; ADR-0295; ADR-0245	oya gate validate library-first-credential-sidecar; oya gate validate credential-handle-lifetime-bound; oya gate validate audit-signing-key-not-in-caller-process; oya gate validate openbao-token-ttl-bound; oya gate validate sidecar-uds-protocol-compliance	Status
ADR-0297	0297	Proposed	2026-05-20	council-architecture; council-security; council-privacy; council-product; council-legal; ops-sre-reliability; ops-security; ops-trust-and-safety; ops-compliance; axis-edge; axis-network; axis-identity; axis-policy-engine; axis-audit-chain; axis-consent; axis-tenancy	Abuse-Defence Baseline — Anti-Bot + Anti-Spoof + Anti-Scrape	docs/decisions/ADR-0297-abuse-defence-baseline-anti-bot-spoof-scrape.md	ADR-0028; ADR-0044; ADR-0099; ADR-0105; ADR-0140; ADR-0145; ADR-0148; ADR-0149; ADR-0188; ADR-0211; ADR-0212; ADR-0240; ADR-0242; ADR-0243; ADR-0244; ADR-0245; ADR-0246; ADR-0248; ADR-0250; ADR-0251; ADR-0253; ADR-0258; ADR-0263; ADR-0272; ADR-0273; ADR-0276; ADR-0292; ADR-0293; ADR-0295; ADR-0296; ADR-0313; ADR-0319; ADR-0131; ADR-0132; ADR-0254	oya gate validate abuse-defence-anti-bot-coverage; oya gate validate abuse-defence-anti-spoof-coverage; oya gate validate abuse-defence-anti-scrape-coverage; oya gate validate abuse-defence-cedar-fragment-present; oya gate validate abuse-defence-cell-tier-variant-coherence; oya gate validate abuse-defence-audience-type-tuning; oya gate validate abuse-defence-compliance-surface-present	Establish the Abuse-Defence Baseline — three orthogonal control families (anti-bot, anti-spoof, anti-scrape) wired at three layers (Tier-0 edge, per-µservice, Cedar policy) — as a substrate-level primitive for every internet-facing oyatie surface. The bar is: a determined adversary with hyperscaler-grade resources (residential proxy farms, AI-driven CAPTCHA solvers, distributed credential stuffing as a service, generative scraping at scale, reflection amplification) cannot succeed via volumetric, credential-stuffing, spoofing, or scraping attacks. Defence-in-depth: no single control gates; layered scoring + adaptive challenge + Cedar policy composition. Codifies the 24-row taxonomy from documentation-rigor.md §3.2.3 + the per-cell-tier variants + the per-tenant audience-type tuning + the compliance interactions (GDPR Article 14 / 21, CCPA Do-Not-Sell, COPPA <13 refusal, KOSA minor tier).
ADR-0298	0298	Proposed	2026-05-20	council-architecture; council-security; council-privacy; council-product; council-legal; ops-sre-reliability; ops-security; ops-trust-and-safety; ops-compliance; axis-edge; axis-network; axis-identity; axis-policy-engine; axis-audit-chain; axis-tenancy; axis-emergency-services	Emergency-Services Bypass — Life-Safety Hard Rule	docs/decisions/ADR-0298-emergency-services-bypass-life-safety.md	ADR-0028; ADR-0044; ADR-0099; ADR-0105; ADR-0140; ADR-0145; ADR-0148; ADR-0188; ADR-0211; ADR-0212; ADR-0240; ADR-0242; ADR-0243; ADR-0244; ADR-0245; ADR-0246; ADR-0248; ADR-0250; ADR-0251; ADR-0253; ADR-0258; ADR-0263; ADR-0272; ADR-0273; ADR-0276; ADR-0292; ADR-0293; ADR-0295; ADR-0296; ADR-0297; ADR-0131; ADR-0132	oya gate validate emergency-services-bypass-attestation-chain; oya gate validate emergency-services-bypass-cedar-fragment-present; oya gate validate emergency-services-bypass-audit-event-class; oya gate validate emergency-services-bypass-latency-budget; oya gate validate emergency-services-bypass-revocation-window; oya gate validate emergency-services-bypass-per-pack-registry; oya gate validate emergency-services-bypass-no-rate-limit-floor	Codify the Emergency-Services Bypass — a life-safety hard rule that authenticated emergency-services principals (NENA i3 PSAPs, carrier- pinned SIP gateways, NCMEC CyberTipline, crisis-line federated identity, J-ALERT issuers, EU 112 ESInets, KR 119, AU/NZ Triple Zero, UK 999, HHS 988 988-Suicide-and-Crisis-Lifeline) are cryptographically attested at the Tier-0 edge, bypass all abuse- defence gates from ADR-0297, are NEVER rate-limit-throttled, and emit a separate audit-event-class family with non-repudiable attestation chain so post-hoc forensic review can detect forgery without slowing the life-safety path. The bar is: a real 911 / 112 / 119 / J-ALERT call reaches its destination in ≤200ms p99 from edge ingress to PSAP dispatch even under saturation; a forged emergency claim is detected at audit-time, never at gate-time (cryptographic attestation + revocation, not friction). Per documentation-rigor.md §3.2.3 LIFE-SAFETY HARD RULE and §3.2.5 row 1 of the 30-row critical-path matrix.
ADR-0299	0299	Proposed	2026-05-20	council-architecture; council-security; council-privacy; council-product; council-legal; ops-sre-reliability; ops-security; ops-trust-and-safety; ops-compliance; axis-identity; axis-policy-engine; axis-audit-chain; axis-tenancy; axis-account-recovery	Account-Recovery + Hijack-Recovery Resilience	docs/decisions/ADR-0299-account-recovery-resilience.md	ADR-0028; ADR-0044; ADR-0105; ADR-0140; ADR-0145; ADR-0188; ADR-0211; ADR-0212; ADR-0240; ADR-0242; ADR-0243; ADR-0244; ADR-0245; ADR-0246; ADR-0248; ADR-0250; ADR-0251; ADR-0253; ADR-0258; ADR-0263; ADR-0272; ADR-0273; ADR-0276; ADR-0292; ADR-0293; ADR-0295; ADR-0296; ADR-0297; ADR-0298; ADR-0131; ADR-0132; ADR-0247	oya gate validate account-recovery-multi-factor-required; oya gate validate account-recovery-cooling-period-enforced; oya gate validate account-recovery-cedar-fragment-present; oya gate validate account-recovery-audit-event-class; oya gate validate account-recovery-no-permanent-lockout-without-ombudsman; oya gate validate account-recovery-72h-cooldown-post-recovery; oya gate validate account-recovery-sim-swap-detection-wired	Codify the Account-Recovery + Hijack-Recovery Resilience doctrine — a multi-factor recovery path (passkey backup + recovery code + delegated trusted contact) that closes the locked-out-legitimate- user critical path (§3.2.5 row 2) without creating an exploitable shortcut for hijackers (§3.2.5 row 24). The bar is: a legitimate user who has lost their primary credential (device wiped, SIM swapped, OAuth-token-leaked, phishing-victim, hardware-key-lost) reaches a verifiable recovered state in ≤24h p95 / ≤72h p99 with cryptographic non-repudiation, while an adversary attempting the same path is blocked by per-account cooling-period + step-up auth + behavioural-baseline anomaly detection + per-tenant SIM-swap detection + trusted-contact second-channel verification. Recovery is auditable + tenant-policy-bounded; recovery is never permanent lockout without ombudsman path. Per documentation-rigor.md §3.2.5 row 2 (account-recovery) + row 24 (account-hijack-victim-recovery).
ADR-0300	0300	Proposed	2026-05-20	council-architecture; council-security; council-privacy; council-product; council-legal; ops-sre-reliability; ops-security; ops-trust-and-safety; ops-compliance; axis-identity; axis-policy-engine; axis-audit-chain; axis-tenancy; axis-anonymity; axis-whistleblower-channel	Whistleblower + Press-Freedom + Anonymity Doctrine	docs/decisions/ADR-0300-whistleblower-press-freedom-anonymity.md	ADR-0028; ADR-0044; ADR-0105; ADR-0140; ADR-0145; ADR-0188; ADR-0211; ADR-0212; ADR-0240; ADR-0242; ADR-0243; ADR-0244; ADR-0245; ADR-0246; ADR-0248; ADR-0250; ADR-0251; ADR-0253; ADR-0258; ADR-0263; ADR-0272; ADR-0273; ADR-0276; ADR-0292; ADR-0293; ADR-0295; ADR-0296; ADR-0297; ADR-0298; ADR-0299; ADR-0131; ADR-0132	oya gate validate whistleblower-channel-sealed-sender-envelope; oya gate validate whistleblower-channel-tor-friendly-ingress; oya gate validate whistleblower-channel-metadata-minimization; oya gate validate whistleblower-channel-pseudonymity-scope; oya gate validate whistleblower-channel-cedar-fragment-present; oya gate validate whistleblower-channel-audit-event-class; oya gate validate whistleblower-channel-per-pack-reporter-privilege	Codify the Whistleblower + Press-Freedom + Anonymity doctrine — a per-tenant SecureDrop-class anonymous-submission surface, Tor-friendly ingress, metadata-minimization mode, pseudonymity- class principal scope, chain-of-custody to ombudsman, and per- jurisdiction reporter-privilege overlay that closes rows 6, 7, 16, and 21 of the 30-row critical-path matrix in documentation- rigor.md §3.2.5. The bar is: a whistleblower / journalist source / activist in authoritarian jurisdiction / pseudonymous legitimate user can reach the platform's submission surface WITHOUT linking their identity to their submission, WITHOUT exposing their IP / device fingerprint / behavioural pattern to the receiving tenant or to any oyatie operator beyond the per-pack ombudsman, and WITHOUT triggering any abuse-defence control that would deanonymize them. Anonymity is preserved end-to-end via sealed-sender envelope encryption (per Signal sealed-sender + Apple Private Relay + Tor onion-routing precedents); metadata is minimized via per-submission scope isolation; per-jurisdiction reporter-privilege (SOX 806, EU Whistleblower Directive 2019/1937, KR Anti-Corruption Act, US Dodd-Frank §922; First Amendment + Art-19 + KR Press Freedom) is honored per the active compliance pack overlay.
ADR-0301	0301	Proposed	2026-05-20	council-architecture; council-security; council-privacy; council-product; council-legal; ops-sre-reliability; ops-security; ops-trust-and-safety; ops-compliance; axis-identity; axis-policy-engine; axis-audit-chain; axis-tenancy; axis-survivor-safety	Survivor-Safety + Domestic-Abuse Mode	docs/decisions/ADR-0301-survivor-safety-domestic-abuse-mode.md	ADR-0028; ADR-0044; ADR-0105; ADR-0140; ADR-0145; ADR-0188; ADR-0211; ADR-0212; ADR-0240; ADR-0242; ADR-0243; ADR-0244; ADR-0245; ADR-0246; ADR-0248; ADR-0250; ADR-0251; ADR-0253; ADR-0258; ADR-0263; ADR-0272; ADR-0273; ADR-0276; ADR-0292; ADR-0293; ADR-0295; ADR-0296; ADR-0297; ADR-0298; ADR-0299; ADR-0300; ADR-0131; ADR-0132	oya gate validate survivor-safety-shelter-mode-cedar-fragment-present; oya gate validate survivor-safety-audit-visibility-survivor-only; oya gate validate survivor-safety-no-sms-mfa-fallback; oya gate validate survivor-safety-shared-device-detection; oya gate validate survivor-safety-escape-plan-template-present; oya gate validate survivor-safety-unilateral-lockout-power; oya gate validate survivor-safety-stalkerware-pattern-detection	Codify the Survivor-Safety + Domestic-Abuse Mode doctrine — a per-account silent shelter mode, hide-from-shared-device option, per-tenant escape-plan, alert-when-checked-by-other-party, no-SMS-MFA-fallback (predictable to a shared-device abuser), survivor-unilateral-lockout-power-over-abuser-on-shared-credential, and audit-trail-visible-only-to-survivor that closes row 8 of the 30-row critical-path matrix in documentation-rigor.md §3.2.5. The bar is: a domestic-violence survivor (with stalkerware risk, controlling abuser sharing device or account credentials, financial abuse via shared accounts, post-separation digital harassment) retains exclusive operational control over their account without alerting the abuser, without leaving forensic traces visible on the shared device, and with the ability to unilaterally lock out the abuser even if the abuser holds shared credentials. Per documentation-rigor.md §3.2.5 row 8 — the safety/security/policy invariant: survivor has unilateral power to lock out abuser even if abuser holds shared credentials; audit visible only to survivor; the §3.2.5 anti-pattern call-out "Domestic-violence shelter mode shares audit trail with tenant admin → No. Survivor controls their audit visibility; tenant admin cannot stalk."
ADR-0302	0302	Proposed	2026-05-20	council-architecture; council-security; council-privacy; council-product; council-legal; ops-sre-reliability; ops-security; ops-trust-and-safety; ops-compliance; axis-identity; axis-policy-engine; axis-audit-chain; axis-tenancy; axis-deceased-user-inheritance	Deceased-User Inheritance Doctrine	docs/decisions/ADR-0302-deceased-user-inheritance-doctrine.md	ADR-0028; ADR-0044; ADR-0105; ADR-0140; ADR-0145; ADR-0188; ADR-0211; ADR-0212; ADR-0240; ADR-0242; ADR-0243; ADR-0244; ADR-0245; ADR-0246; ADR-0248; ADR-0250; ADR-0251; ADR-0253; ADR-0258; ADR-0263; ADR-0272; ADR-0273; ADR-0276; ADR-0292; ADR-0293; ADR-0295; ADR-0296; ADR-0297; ADR-0298; ADR-0299; ADR-0300; ADR-0301; ADR-0131; ADR-0132	oya gate validate deceased-user-legacy-contact-attestation-chain; oya gate validate deceased-user-inactive-account-manager-fired; oya gate validate deceased-user-legal-rep-court-order-required; oya gate validate deceased-user-pre-mortem-wish-honored; oya gate validate deceased-user-dsar-cascade-per-adr-0276; oya gate validate deceased-user-per-pack-inheritance-overlay; oya gate validate deceased-user-cedar-fragment-present	Codify the Deceased-User Inheritance Doctrine — a Legacy-Contact (Apple-class) + Inactive-Account-Manager (Google-class) + legal- representative court-order ingress + per-jurisdiction inheritance overlay surface that closes row 10 of the 30-row critical-path matrix in documentation-rigor.md §3.2.5. The bar is: a deceased user's pre-mortem wishes are honored exactly (whatever the survivor designated as Legacy-Contact OR Inactive-Account-Manager OR no-disclosure-and-delete-on-confirmation); beneficiaries are authenticated via per-tenant legacy-contact attestation OR per- pack legal-representative court-order; heirs cannot be unilaterally locked out by the tenant; per-jurisdiction inheritance law (US Revised Uniform Fiduciary Access to Digital Assets Act (RUFADAA) per state, EU Digital Heritage per member-state, KR Inheritance Act + Bukhumeolban (Civil Code), JP Civil Code + Family Court orders, UK Inheritance and Trustees' Powers Act 2014, AU Succession Acts per state) is honored via per-pack overlay. The DSAR-cascade per ADR-0276 honors the deceased-user wish (export to legacy-contact OR delete OR archive-pseudonymously). Per documentation-rigor.md §3.2.5 row 10 — the safety/security/ policy invariant: DSAR-cascade per ADR-0276 honors deceased-user wish; legal-rep access requires court order; tenant cannot unilaterally lock out heirs.
ADR-0303	0303	Proposed	2026-05-20	council-architecture; council-security; council-privacy; council-product; council-legal; council-accessibility; ops-sre-reliability; ops-trust-and-safety; ops-compliance; axis-identity; axis-policy-engine; axis-audit-chain; axis-consent; axis-tenancy; axis-notifications	Cognitive-Impairment and Decision-Resilience Doctrine	docs/decisions/ADR-0303-cognitive-impairment-decision-resilience.md	ADR-0028; ADR-0099; ADR-0105; ADR-0140; ADR-0145; ADR-0188; ADR-0212; ADR-0240; ADR-0242; ADR-0243; ADR-0244; ADR-0245; ADR-0246; ADR-0248; ADR-0250; ADR-0251; ADR-0263; ADR-0272; ADR-0276; ADR-0292; ADR-0297; ADR-0298; ADR-0299; ADR-0300; ADR-0301; ADR-0302; ADR-0304; ADR-0305; ADR-0306; ADR-0131; ADR-0132	oya gate validate cognitive-impairment-cooling-off-coverage; oya gate validate cognitive-impairment-trusted-contact-binding; oya gate validate cognitive-impairment-mutation-cool-down; oya gate validate cognitive-impairment-guardianship-overlay; oya gate validate cognitive-impairment-nudge-non-blocking; oya gate validate cognitive-impairment-audit-emission	Establish the Cognitive-Impairment and Decision-Resilience doctrine — a substrate-level primitive that introduces cooling-off periods on large transfers, trusted-contact alerts (per FINRA Rule 4512), cool-down on rapid sequential mutations, per-jurisdiction guardianship-law overlays, and informational-only nudges that respect autonomy and never block. The bar is: a user in a compromised cognitive state (elder financial-abuse target, intoxication, post-trauma, dementia, medication-impaired, high-stress acute-grief) is protected from irreversible consequential decisions by friction that respects autonomy. Per documentation-rigor.md §3.2.5 rows 4 + 20.
ADR-0304	0304	Proposed	2026-05-20	council-architecture; council-security; council-privacy; council-product; council-legal; council-data-governance; ops-sre-reliability; ops-compliance; axis-policy-engine; axis-audit-chain; axis-tenancy; axis-data-residency	Cross-Jurisdiction Conflict Resolution Doctrine	docs/decisions/ADR-0304-cross-jurisdiction-conflict-resolution.md	ADR-0028; ADR-0099; ADR-0105; ADR-0140; ADR-0145; ADR-0212; ADR-0240; ADR-0242; ADR-0243; ADR-0244; ADR-0245; ADR-0246; ADR-0248; ADR-0250; ADR-0251; ADR-0263; ADR-0272; ADR-0276; ADR-0292; ADR-0297; ADR-0298; ADR-0299; ADR-0300; ADR-0301; ADR-0302; ADR-0303; ADR-0305; ADR-0306; ADR-0131; ADR-0132	oya gate validate cross-jurisdiction-data-residency-hardstop; oya gate validate cross-jurisdiction-pack-precedence-graph; oya gate validate cross-jurisdiction-multi-pack-alignment; oya gate validate cross-jurisdiction-transparency-report-coverage; oya gate validate cross-jurisdiction-conflict-audit-emission	Establish the Cross-Jurisdiction Conflict Resolution doctrine — a substrate-level primitive that enforces per-pack data-residency hard-stops, encodes per-tenant jurisdictional preference + per-pack regulator floors, applies the higher-restriction-pack-wins rule, requires multi-pack alignment for cross-border transfers, and produces a per-request transparency report citing every applicable pack. The bar is: when EU GDPR conflicts with US CLOUD Act, when KR-PIPA conflicts with US subpoena, when CN-PIPL conflicts with EU GDPR, the substrate resolves deterministically by giving the user the highest applicable protection floor + auditing the choice. Per documentation-rigor.md §3.2.5 row 23.
ADR-0305	0305	Proposed	2026-05-20	council-architecture; council-security; council-privacy; council-product; council-legal; council-ai-safety; ops-sre-reliability; ops-security; ops-trust-and-safety; axis-identity; axis-policy-engine; axis-audit-chain; axis-tenancy; axis-consent	Delegated-Agent Authority Chain Doctrine	docs/decisions/ADR-0305-delegated-agent-authority-chain.md	ADR-0028; ADR-0044; ADR-0099; ADR-0105; ADR-0140; ADR-0145; ADR-0188; ADR-0212; ADR-0242; ADR-0243; ADR-0244; ADR-0245; ADR-0246; ADR-0247; ADR-0248; ADR-0251; ADR-0253; ADR-0255; ADR-0263; ADR-0272; ADR-0292; ADR-0295; ADR-0296; ADR-0297; ADR-0298; ADR-0299; ADR-0300; ADR-0301; ADR-0302; ADR-0303; ADR-0304; ADR-0306; ADR-0131; ADR-0132	oya gate validate delegated-agent-token-issuance-coverage; oya gate validate delegated-agent-attestation-chain; oya gate validate delegated-agent-cross-tenant-block; oya gate validate delegated-agent-scope-inheritance; oya gate validate delegated-agent-audit-linkage; oya gate validate delegated-agent-bot-defence-allow-path	Establish the Delegated-Agent Authority Chain doctrine — a substrate-level primitive that introduces a per-tenant `delegated_agent_token` model, a tenant-attested delegation chain, bot-management attestation-aware allow paths, scope inheritance from the authorizing tenant, cross-tenant delegation blocking, and cryptographic audit linkage from the delegated principal back to the authorizing human. The bar is: an LLM agent (Anthropic Claude or OpenAI assistant or similar), an IFTTT webhook, an n8n workflow step, a Zapier task — all legitimate automations acting on behalf of a human user — operate without false-positive blocking by bot-defence (per ADR-0297), inherit only the tenant scope the authorizing human possesses, and produce an audit chain that ties back to that human. Per documentation-rigor.md §3.2.5 row 28.
ADR-0306	0306	Proposed	2026-05-20	council-architecture; council-security; council-privacy; council-product; council-reliability; council-legal; ops-sre-reliability; ops-incident-response; ops-trust-and-safety; ops-compliance; axis-edge; axis-network; axis-cell-topology; axis-policy-engine; axis-audit-chain; axis-tenancy; axis-data-residency	Disaster-Mode + Cell-Resilience Doctrine	docs/decisions/ADR-0306-disaster-mode-cell-resilience.md	ADR-0028; ADR-0044; ADR-0099; ADR-0105; ADR-0140; ADR-0145; ADR-0188; ADR-0212; ADR-0240; ADR-0241; ADR-0242; ADR-0243; ADR-0244; ADR-0245; ADR-0246; ADR-0248; ADR-0250; ADR-0251; ADR-0253; ADR-0263; ADR-0272; ADR-0276; ADR-0292; ADR-0297; ADR-0298; ADR-0299; ADR-0300; ADR-0301; ADR-0302; ADR-0303; ADR-0304; ADR-0305; ADR-0131; ADR-0132	oya gate validate disaster-mode-surge-capacity-declaration; oya gate validate disaster-mode-offline-first-coverage; oya gate validate disaster-mode-dr-pair-failover-config; oya gate validate disaster-mode-per-pack-overlay; oya gate validate disaster-mode-cell-isolation-preservation; oya gate validate disaster-mode-emergency-services-non-throttle	Establish the Disaster-Mode + Cell-Resilience doctrine — a substrate-level primitive that addresses disaster-zone surge handling (10× normal traffic), offline-first sync (CRDT per `oya-collab-crdt-portability-kernel`), progressive enhancement, per-cell DR-pair failover (per ADR-0241), per-pack disaster-mode rules, cell-isolation per ADR-0248 preserved across degradation, graceful per-tenant SLO degradation, and the absolute invariant that emergency-services (per ADR-0298) NEVER throttle even during the most severe disaster. The bar is: during a mass-casualty incident or regional outage, oyatie's substrate absorbs ≥10× normal traffic + preserves per-pack data-residency + degrades non-critical SLOs gracefully + keeps emergency-services available without exception. Per documentation-rigor.md §3.2.5 rows 14 + 22 + 30.
ADR-0307	0307	Proposed	2026-05-20	council-architecture; council-security; council-privacy; council-product; council-legal; council-data; ops-sre-reliability; ops-security; ops-trust-and-safety; ops-compliance; ops-data-platform; axis-detection; axis-feature-store; axis-rules-engine; axis-graph-store; axis-audit-chain; axis-observability; axis-investigation	Detection Substrate — Streaming + Batch (DRMP "D" Layer)	docs/decisions/ADR-0307-detection-substrate-streaming-batch.md	ADR-0028; ADR-0099; ADR-0105; ADR-0130; ADR-0131; ADR-0132; ADR-0140; ADR-0145; ADR-0212; ADR-0240; ADR-0242; ADR-0243; ADR-0244; ADR-0245; ADR-0246; ADR-0248; ADR-0250; ADR-0251; ADR-0252; ADR-0253; ADR-0254; ADR-0255; ADR-0258; ADR-0263; ADR-0276; ADR-0280; ADR-0293; ADR-0294; ADR-0295; ADR-0296; ADR-0297; ADR-0298; ADR-0308; ADR-0309; ADR-0310	oya gate validate detection-substrate-streaming-pipeline-coherence; oya gate validate detection-substrate-batch-pipeline-coherence; oya gate validate detection-substrate-feature-store-coherence; oya gate validate detection-substrate-rules-engine-coherence; oya gate validate detection-substrate-composite-scorer-coherence; oya gate validate detection-substrate-graph-store-coherence; oya gate validate detection-substrate-sandbox-replay-coherence; oya gate validate detection-substrate-emission-per-microservice; oya gate validate detection-substrate-rule-lifecycle-soak; oya gate validate detection-family-coverage-eight-of-eight	Establish the Detection Substrate (streaming + batch) as a substrate-level µservice (microservices/detection/) covering all eight detection families defined in documentation-rigor.md §3.2.6.A: payment fraud, account-takeover (ATO), synthetic identity, AML+sanctions, content abuse (CSAM + terrorism + NCII + copyright + misinformation), fake reviews + engagement manipulation, insider risk, and policy violation. Codifies the eight substrate primitives (streaming pipeline, batch pipeline, feature store, rules engine, composite scorer, graph store + community detection, investigation integration, sandbox + replay) with hyperscaler precedent named on each primitive (Stripe Radar, Adyen RevenueProtect, Toss riskOps, AWS GuardDuty, Google Chronicle, NCMEC PhotoDNA, GIFCT hash-matching, Apache Flink, Apache Spark, Feast, Tecton, Vertex AI Feature Store, ClickHouse, Trino, Polars, Apache AGE, Neo4j). The detection substrate is the D in DRMP (Detection → Risk → Mitigation → Prevention); without it, every µservice authors its own detection rules and the platform drifts into a fragmented, non-auditable, regulator-unfriendly posture incompatible with EU AI Act Art. 13 transparency, GDPR Art. 22 automated-decision rights, ECOA Reg B adverse-action explainability, NY AEDT Local Law 144 (2023) bias-audit cadence, ISO/IEC 42001:2023 AI management, NIST AI RMF 1.0, and 18 USC §2258A NCMEC reporting obligations.
ADR-0308	0308	Proposed	2026-05-20	council-architecture; council-security; council-privacy; council-product; council-legal; council-data; council-ml; ops-sre-reliability; ops-security; ops-trust-and-safety; ops-compliance; ops-ml-platform; axis-detection; axis-ml-lifecycle; axis-fairness; axis-investigation; axis-feature-store	ML Model Lifecycle — EU AI Act + NIST AI RMF + ISO/IEC 42001 Compliance	docs/decisions/ADR-0308-ml-model-lifecycle-ai-act-compliance.md	ADR-0028; ADR-0063; ADR-0099; ADR-0105; ADR-0130; ADR-0131; ADR-0132; ADR-0140; ADR-0145; ADR-0212; ADR-0240; ADR-0242; ADR-0243; ADR-0244; ADR-0245; ADR-0246; ADR-0248; ADR-0250; ADR-0251; ADR-0252; ADR-0253; ADR-0254; ADR-0255; ADR-0258; ADR-0263; ADR-0276; ADR-0280; ADR-0293; ADR-0294; ADR-0295; ADR-0296; ADR-0297; ADR-0298; ADR-0307; ADR-0309; ADR-0310	oya gate validate ml-model-card-present-per-model; oya gate validate ml-validation-bias-audit-present; oya gate validate ml-ab-test-champion-challenger-coherence; oya gate validate ml-drift-detection-daily-cadence; oya gate validate ml-fairness-quarterly-cadence; oya gate validate ml-model-semver-conformance; oya gate validate ml-rollback-runbook-present; oya gate validate ml-appeal-mechanism-coverage; oya gate validate ml-eu-ai-act-art73-24h-incident-reporting; oya gate validate ml-ny-aedt-bias-audit-public-notice	Establish the ML Model Lifecycle for the Detection Substrate per EU AI Act (Regulation 2024/1689) + NIST AI Risk Management Framework 1.0 + ISO/IEC 42001:2023 AI management systems. Codifies the eight-stage lifecycle defined in documentation-rigor.md §3.2.6.E: training (per-tenant data residency + cross-tenant training consent), validation (bias audit + fair-lending), A/B testing (champion- challenger, shadow-then-canary-then-full), drift detection (feature + label + concept drift; Arize / Fiddler / WhyLabs / Evidently AI), fairness re-audit (quarterly cadence per protected class), model versioning (SemVer per ADR-0258 + Google Model Card template), rollback (per ADR-0294 anomaly-rollback + EU AI Act Art. 73 24h serious-incident reporting), appeal mechanism (GDPR Art. 22 + EU AI Act Art. 86 + NY AEDT Local Law 144 (2023) + ECOA Reg B). The lifecycle is the regulator-facing surface — without it, oyatie's detection substrate (ADR-0307) cannot ship under EU AI Act high- risk classification (Annex III: biometric ID, credit scoring, fraud detection, content moderation, employment ranking all fall inside high-risk). Build-ahead-of-certification per ADR-0250 requires day-one compliance — ML lifecycle MUST be in place before detection substrate goes GA.
ADR-0309	0309	Proposed	2026-05-20	council-architecture; council-security; council-privacy; council-product; council-legal; council-data; council-ml; council-civil-rights; ops-trust-and-safety; ops-compliance; ops-ml-platform; axis-detection; axis-fairness; axis-jurisdiction-overlay; axis-investigation	Detection Fairness + Civil-Rights Compliance Baseline	docs/decisions/ADR-0309-detection-fairness-audit-civil-rights.md	ADR-0028; ADR-0063; ADR-0099; ADR-0105; ADR-0131; ADR-0132; ADR-0140; ADR-0212; ADR-0240; ADR-0242; ADR-0243; ADR-0244; ADR-0245; ADR-0246; ADR-0248; ADR-0250; ADR-0251; ADR-0258; ADR-0263; ADR-0276; ADR-0292; ADR-0293; ADR-0294; ADR-0295; ADR-0297; ADR-0298; ADR-0307; ADR-0308; ADR-0310	oya gate validate detection-fairness-proxy-feature-prohibition; oya gate validate detection-fairness-per-class-tpr-fpr-equity; oya gate validate detection-fairness-disparate-impact-4-5ths-rule; oya gate validate detection-fairness-explainability-floor; oya gate validate detection-fairness-per-jurisdiction-variant-coverage; oya gate validate detection-fairness-eu-ai-act-art-5-social-scoring-forbidden; oya gate validate detection-fairness-kr-fcpa-art-30-financial-protected-class-forbidden; oya gate validate detection-fairness-quarterly-cadence-public-notice	Establish the Detection Fairness + Civil-Rights Compliance baseline for the Detection Substrate (per ADR-0307) and the ML Model Lifecycle (per ADR-0308). Codifies the five fairness invariants from documentation-rigor.md §3.2.6 + the per-jurisdiction model variants required by EU AI Act + ECOA + Fair Housing Act + NY AEDT Local Law 144 (2023) + HUD's disparate-impact rule + KR Financial Consumer Protection Act Art. 30 + JP APPI + UK AADC. The five invariants: 1. No proxy discrimination (zip code → race, name → ethnicity, language → national origin) 2. Per-class TPR/FPR equity within ±2pp baseline; wider gaps require explicit ADR justification + regulator notification 3. Disparate-impact testing per 4/5ths rule (29 CFR §1607.4) 4. Explainability floor (ECOA Reg B + GDPR Art. 13/22 + EU AI Act Art. 13) 5. Per-jurisdiction model variants (US ECOA + NY AEDT + state-AG; EU AI Act Art. 5 social-scoring forbidden; KR FCPA Art. 30; JP APPI; UK AADC) Without these invariants, the detection substrate ships an EU AI Act + ECOA + Fair Housing + NY AEDT + KR-FSC violation. Build- ahead-of-certification (per ADR-0250) requires day-one compliance — the invariants MUST be in place before any detection model serves production traffic.
ADR-0310	0310	Proposed	2026-05-20	council-architecture; council-security; council-privacy; council-product; council-legal; council-data; council-trust-and-safety; council-investigation; ops-sre-reliability; ops-security; ops-trust-and-safety; ops-compliance; ops-investigation; axis-detection; axis-investigation; axis-case-management; axis-audit-chain; axis-ops-dashboard	Investigation Case-Management Substrate	docs/decisions/ADR-0310-investigation-case-management.md	ADR-0028; ADR-0099; ADR-0105; ADR-0131; ADR-0132; ADR-0140; ADR-0212; ADR-0240; ADR-0242; ADR-0243; ADR-0244; ADR-0245; ADR-0246; ADR-0248; ADR-0250; ADR-0251; ADR-0258; ADR-0263; ADR-0276; ADR-0293; ADR-0294; ADR-0295; ADR-0296; ADR-0297; ADR-0298; ADR-0307; ADR-0308; ADR-0309	oya gate validate investigation-case-substrate-emission-coherence; oya gate validate investigation-cedar-pii-gating-coherence; oya gate validate investigation-chain-of-custody-merkle-sealed; oya gate validate investigation-per-tenant-case-ownership; oya gate validate investigation-per-pack-regulator-surface; oya gate validate investigation-appeal-mechanism-sla; oya gate validate investigation-analyst-label-feedback-loop; oya gate validate investigation-triage-priority-cadence; oya gate validate investigation-escalation-routing-coherence	Establish the Investigation Case-Management substrate as a cross-cutting workflow primitive for the Detection Substrate (per ADR-0307) + ML Model Lifecycle (per ADR-0308) + Fairness Audit (per ADR-0309) + Compliance Pack overlay (per ADR-0251). Codifies the canonical case-management workflow from documentation-rigor.md §3.2.6 substrate-primitive #7: detection signal → triage → investigation → escalation/dismissal → feedback → model retrain Integrates with Cedar (per ADR-0243; Cedar-gated PII access per case); cross-references microservices/ops-dashboard-control-center/ panels for analyst UI; chain-of-custody preserved per ADR-0028 audit-chain Merkle-sealed doctrine; per-pack regulator-facing surface (e.g., FedRAMP continuous-monitoring, EU AI Act Art. 73 serious-incident reporting, DSA Art. 17 statement-of-reasons, NY AEDT Local Law 144 (2023) public bias audit, GDPR Art. 22 + Art. 86 appeal adjudication); per-tenant investigation case ownership with cross-tenant-isolation Cedar gating. Without this substrate, detection signals route nowhere, appeals route nowhere, regulator-facing surfaces are ad-hoc, and chain-of-custody is unenforceable — incompatible with HIPAA 60d breach-notification, GDPR 72h breach-notification, NIS2 24h/72h/1mo cadence, KR-PIPA 72h, EU AI Act Art. 73 24h, DSA Art. 17, NY DFS 23-NYCRR-500 72h, 18 USC §2258A NCMEC reporting, FinCEN SAR thresholds, OFAC sanctions reporting, FBI IC3 reporting.
ADR-0311	0311	Proposed	2026-05-20	council-architecture; council-product; council-privacy; council-security; council-legal; ops-compliance; ops-sre-reliability; axis-tenancy; axis-identity; axis-policy-engine; axis-audit-chain; axis-workplace-integration	Dual-Tenant Identity — Personal-vs-Work Boundary	docs/decisions/ADR-0311-dual-tenant-identity-personal-vs-work-boundary.md	ADR-0244; ADR-0028; ADR-0105; ADR-0131; ADR-0145; ADR-0188; ADR-0211; ADR-0212; ADR-0240; ADR-0242; ADR-0243; ADR-0245; ADR-0246; ADR-0247; ADR-0248; ADR-0251; ADR-0263; ADR-0276; ADR-0292; ADR-0297; ADR-0299; ADR-0300; ADR-0304; ADR-0312; ADR-0132	oya gate validate dual-tenant-boundary-enforced; oya gate validate personal-tenant-cedar-deny; oya gate validate work-tenant-audit-scope-coherent; oya gate validate ui-tenant-context-indicator-present; oya gate validate per-jurisdiction-labor-law-overlay; oya gate validate onboarding-consent-captured; oya gate validate offboarding-portable-export-honored; oya gate validate audience-type-enum-coherence	Codify the dual-tenant identity doctrine surfaced by the Wave-3-E ecosystem journey catalog (j126-j150). A single human MUST be able to hold two distinct tenant memberships — one personal, one employer-owned — bridged by the same passkey identity (per ADR-0299), with Cedar permits scoped per-tenant such that the employer's tenant CANNOT read the employee's personal-tenant surfaces even on suspicion. Work Messenger + Work Email + Work Drive + Work Calendar + Work Workflow Engine activity is tenant-owned (employer); Personal Messenger + Mail + Drive + Calendar + Workflow Studio + Payments + Marketplace is personal-tenant-owned (employee). Same human bridges both via shared passkey. UI MUST clearly indicate active tenant context. Cedar default-deny holds at the personal-tenant boundary. Subpoena piercing is per ADR-0312 (scope-bounded by judicial review).
ADR-0312	0312	Proposed	2026-05-20	council-architecture; council-product; council-privacy; council-security; council-legal; ops-compliance; ops-sre-reliability; ops-security; ops-trust-and-safety; axis-policy-engine; axis-audit-chain; axis-tenancy; axis-identity; axis-judicial-review	Court-Warrant Scoped Piercing	docs/decisions/ADR-0312-court-warrant-scoped-piercing.md	ADR-0028; ADR-0105; ADR-0131; ADR-0145; ADR-0188; ADR-0211; ADR-0212; ADR-0240; ADR-0242; ADR-0243; ADR-0244; ADR-0245; ADR-0246; ADR-0247; ADR-0248; ADR-0251; ADR-0263; ADR-0272; ADR-0276; ADR-0292; ADR-0294; ADR-0295; ADR-0296; ADR-0297; ADR-0299; ADR-0300; ADR-0304; ADR-0311; ADR-0132	oya gate validate warrant-scope-enforced; oya gate validate warrant-judicial-review-recorded; oya gate validate warrant-jurisdiction-cited; oya gate validate warrant-cedar-grant-shape; oya gate validate warrant-audit-chain-merkle-seal; oya gate validate warrant-ombudsman-attestation; oya gate validate warrant-canary-transparency-report; oya gate validate warrant-reporter-privilege-exception	Codify the court-warrant scoped-piercing doctrine surfaced by the Wave-3-E ecosystem journey catalog (j129). When a court warrant pierces the personal-tenant boundary established by ADR-0311, the pierce MUST be (a) scope-bounded by judicial review, (b) materialized as a time-limited tenant-id-scoped Cedar CrossTenantGrant with explicit action and resource sets, (c) cited to the originating judicial authority + jurisdiction + statutory anchor, (d) audited via Merkle-sealed chain-of-custody per ADR-0028, (e) reviewed by the per-pack ombudsman per documentation-rigor.md §3.2.5 row 19, (f) reported in the transparency-report surface (warrant-canary) when not gag-ordered, (g) resolved via higher-restriction-wins per ADR-0304 in cross-jurisdiction conflicts, (h) cross-linked with reporter-privilege exceptions per ADR-0300. Bulk warrants are refused; over-scope warrants are refused. The bar is: legitimate judicial process succeeds with minimum necessary scope; illegitimate or over-broad warrants are refused; transparency reports remain publishable.
ADR-0313	0313	Proposed	2026-05-20	council-architecture; council-product; council-privacy; council-security; council-legal-regulatory; axis-tenancy; axis-identity; axis-policy-engine; axis-audit-chain; axis-finops; ops-compliance; ops-sre-reliability	Conglomerate-Tenant Hierarchy — Sovereign-Child + Policy-Engine-Mediated Controlling-Entity Grant	docs/decisions/ADR-0313-conglomerate-tenant-hierarchy-sovereign-children.md	ADR-0244; ADR-0009; ADR-0010; ADR-0028; ADR-0049; ADR-0099; ADR-0105; ADR-0128; ADR-0145; ADR-0150; ADR-0174; ADR-0183; ADR-0212; ADR-0215; ADR-0218; ADR-0240; ADR-0241; ADR-0242; ADR-0243; ADR-0245; ADR-0246; ADR-0247; ADR-0248; ADR-0249; ADR-0251; ADR-0263; ADR-0276; ADR-0297; ADR-0299; ADR-0304; ADR-0311; ADR-0312; ADR-0319; ADR-0255	oya-governance-conglomerate-grant-attestation-current; oya-governance-cross-jurisdiction-residency-preserved; oya-governance-conglomerate-grant-dual-sealed; oya-governance-conglomerate-grant-personal-tenant-deny; oya-governance-conglomerate-information-barrier-coverage; oya-governance-conglomerate-grant-transitivity-deny	Establish the conglomerate-tenant hierarchy model: child tenants are fully sovereign tenants (per ADR-0244); parent/child relationships are expressed entirely through Cedar permits (per ADR-0243) against the source-of-truth `conglomerate_grants` table; restructuring (spinoff, divestiture, acquisition, IPO, joint venture, bankruptcy) is a 1-step Cedar revocation + grant rather than a multi-quarter data migration. The controlling-entity grant is bounded by per-jurisdiction corporate-governance attestation, cross-jurisdiction residency preservation (ADR-0304), the personal/work boundary (ADR-0311), and court-warrant scoping (ADR-0312). Audit-chain dual-sealing makes every parent action observable to both audit streams. This ADR is the conglomerate-layer companion to ADR-0244's flat-tenant primitive.
ADR-0314	0314	Proposed	2026-05-20	council-product + council-architecture	Marketplace as Universal Deal-Settlement Substrate	docs/decisions/ADR-0314-marketplace-as-universal-deal-settlement.md	ADR-0131; ADR-0132; ADR-0244; ADR-0245; ADR-0249; ADR-0313; ADR-0315; ADR-0105	oya-governance-marketplace-deal-settlement-coverage; oya-governance-erp-parity-module-map	Formalize marketplace as the universal deal-settlement substrate for every tenant-to-tenant and tenant-to-consumer commercial exchange.
ADR-0315	0315	Proposed	2026-05-20	council-product + axis-erp	ERP Coverage Doctrine - SAP-Parity Goal	docs/decisions/ADR-0315-erp-coverage-doctrine-sap-parity.md	ADR-0131; ADR-0132; ADR-0244; ADR-0245; ADR-0249; ADR-0313; ADR-0314; ADR-0105	oya-governance-erp-parity-module-map; oya-governance-no-new-suite-bundles	Codify oyatie ERP coverage doctrine against SAP S/4HANA module parity without introducing a monolithic ERP suite.
ADR-0316	0316	Proposed	2026-05-20	council-architecture; council-product; council-engineering; council-privacy; council-security; council-design-system; ops-compliance; ops-sre-reliability; axis-policy-engine; axis-ontology; axis-workflow-engine; axis-tenancy; axis-audit-chain; axis-foundry	Capability-Tier Over Product Fragmentation Doctrine	docs/decisions/ADR-0316-capability-tier-over-product-fragmentation.md	ADR-0132; ADR-0245; ADR-0249; ADR-0257; ADR-0315; ADR-0242; ADR-0243; ADR-0244; ADR-0246; ADR-0251; ADR-0255; ADR-0263; ADR-0313; ADR-0314	oya-governance-capability-tier-registry-shape; oya-governance-no-product-fragmentation-microservices; oya-governance-capability-tier-cedar-coverage; oya-governance-capability-tier-ontology-projection-pin; oya-governance-capability-tier-workflow-template-coverage; oya-governance-capability-tier-ux-shell-coverage; oya-governance-capability-tier-compliance-overlay-coverage; oya-governance-capability-tier-migration-declaration	Establish capability tiers as the canonical way to express enterprise software product surfaces such as CRM, marketing automation, HR, performance management, learning management, contract lifecycle management, financial planning, ITSM, ERP modules, and content-management variants over oyatie's shared substrate. A named product surface is a tenant activation bundle made from Cedar permit sets, ontology projections, workflow templates, UX shell manifests, compliance overlays, and observability/cost metadata. Adjacent functional categories do not become separate product-fragment microservices unless they introduce a distinct operational concern that cannot be owned by an existing flat service.
ADR-0317	0317	Proposed	2026-05-20	council-architecture; council-design-system; council-product; council-security; council-privacy; ops-sre-reliability; axis-tenancy; axis-identity; axis-policy-engine; axis-ontology; axis-workflow; axis-application	Role-Based Projection + Unified UX Shell Doctrine	docs/decisions/ADR-0317-role-based-projection-unified-ux-shell.md	ADR-0244; ADR-0292; ADR-0299; ADR-0311; ADR-0316	oya-governance-role-projection-registry; oya-governance-role-context-indicator; oya-governance-role-switch-latency; oya-governance-role-shell-a11y; oya-governance-role-shell-same-training; oya-governance-per-microservice-role-adapter	Codify role-based projection as the shared doctrine for showing the same human different role projections of the same product estate while preserving passkey identity, tenant scoping, Cedar authorization, Ontology projections, Workflow template selection, and a unified UX shell vocabulary.
ADR-0318	0318	Proposed	2026-05-20	council-architecture	Collar-Color and Workspace Universality Doctrine	docs/decisions/ADR-0318-collar-color-workspace-universality.md	ADR-0215; ADR-0242; ADR-0243; ADR-0244; ADR-0251; ADR-0292; ADR-0303; ADR-0306; ADR-0317	oya gate validate ux-device-profile-matrix; oya gate validate ux-workspace-matrix; oya gate validate collar-color-shell-coverage; oya gate validate accessibility-accommodation-coverage; oya gate validate role-projection-transfer-invariant	Establish that Oyatie is one universal platform across collar color, workspace, device class, tenure, locale, and disability context. The doctrine binds every user-facing microservice to declare device-profile adapters, workspace adaptations, collar-color UX shells, role projections, and accessibility accommodations without forking the product or breaking the shared gesture vocabulary introduced by ADR-0317.
ADR-0319	0319	Proposed	2026-05-20	Oyatie governance and compliance architecture	Front Office / Middle Office / Back Office Information-Barrier Doctrine	docs/decisions/ADR-0319-front-middle-back-office-information-barrier.md	ADR-0243; ADR-0244; ADR-0263; ADR-0313; ADR-0316; ADR-0297; ADR-0251		Status Proposed.
ADR-0320	0320	Proposed	2026-05-20	identity-platform; community-platform; workplace-integration; audit-chain; payments-platform	Apprentice, Intern, Resident, and Fellow Transient Identity Doctrine	docs/decisions/ADR-0320-apprentice-intern-resident-fellow-transient-identity.md	ADR-0244; ADR-0311; ADR-0313; ADR-0292; ADR-0299; ADR-0305		Status: Proposed
ADR-0321	0321	Proposed	2026-05-20	Unknown	B2B SaaS Industry-Leader Coverage Doctrine	docs/decisions/ADR-0321-b2b-saas-industry-leader-coverage.md	ADR-0131; ADR-0132; ADR-0244; ADR-0245; ADR-0249; ADR-0257; ADR-0314; ADR-0315; ADR-0316; ADR-0105; ADR-0272	oya-governance-b2b-leader-coverage-dossier; oya-governance-capability-tier-over-product-fragmentation; oya-governance-b2b-new-microservice-doc-anchors	Codify B2B SaaS industry-leader coverage beyond SAP using capability tiers, Cedar permit sets, ontology projections, and only operationally justified new microservices.
ADR-0322	0322	Proposed	2026-05-20	council-architecture; council-product; council-engineering; council-quality; council-documentation; axis-policy-engine; axis-ontology; axis-workflow-engine; axis-foundry; ops-compliance; ops-sre-reliability	ADR-0322-substance-bar-as-doctrine-and-ci-enforcement	docs/decisions/ADR-0322-substance-bar-as-doctrine-and-ci-enforcement.md	ADR-0063; ADR-0091; ADR-0132; ADR-0245; ADR-0105; ADR-0145; ADR-0242; ADR-0243; ADR-0244; ADR-0263; ADR-0316; ADR-0321	oya-governance-substance-bar; oya-governance-no-template-stamping; oya-governance-doc-density-floor; oya-governance-doc-bespoke-ratio; oya-governance-substance-bar-spectrum-binding	Promote the substance bar from informal review heuristic to BLOCKER-class doctrine. Every documentation artifact authored within the oyatie repository (ADRs, journey docs, IP slices, microservice READMEs, product PRDs, capability tier matrices) must demonstrate bespoke substance per the criteria in documentation-rigor §1.1 and the substance-bar schema, and must pass the oya-governance-substance-bar + oya-governance-no-template-stamping CI lanes before any reviewer-agent verdict is solicited. Template stamping, scaffold duplication, lambda-wrapped pseudo-content, and table-of-contents documents with no bespoke per-section content are categorically rejected.
ADR-0323	0323	Proposed	2026-05-20	council-architecture; council-engineering; council-product; council-quality; council-foundry; axis-workflow-engine; axis-foundry; axis-policy-engine; ops-sre-reliability; ops-program-management	ADR-0323-multi-wave-sequencing-doctrine	docs/decisions/ADR-0323-multi-wave-sequencing-doctrine.md	ADR-0091; ADR-0132; ADR-0145; ADR-0322; ADR-0110; ADR-0111; ADR-0112; ADR-0113; ADR-0130; ADR-0242; ADR-0243; ADR-0244; ADR-0245; ADR-0263; ADR-0316; ADR-0321; ADR-0324; ADR-0327	oya-governance-wave-sequencing; oya-governance-wave-batch-size-cap; oya-governance-wave-verification-cadence; oya-governance-wave-evidence-ledger; oya-governance-wave-pipeline-backpressure-respect	Codify multi-wave sequencing as the canonical pattern for authoring substantive content (ADR clusters, journey artifact batches, IP slice batches, microservice README seeds, PRD wave drops) and for shipping cross-cutting refactors that touch multiple substrate microservices. Define a named batch-size calibration function that depends on substance-density, on the number of agents available for parallel authorship, and on the pipeline backpressure observed during the preceding wave. The doctrine prohibits unbounded fan-out batches and forbids agents from skipping the per-wave verification cadence.
ADR-0324	0324	Proposed	2026-05-20	council-architecture; council-engineering; council-quality; council-foundry; council-documentation; axis-policy-engine; axis-workflow-engine; axis-foundry; ops-compliance; ops-program-management	ADR-0324-anti-script-anti-template-doctrine	docs/decisions/ADR-0324-anti-script-anti-template-doctrine.md	ADR-0091; ADR-0132; ADR-0322; ADR-0323; ADR-0063; ADR-0105; ADR-0130; ADR-0131; ADR-0145; ADR-0242; ADR-0243; ADR-0244; ADR-0263; ADR-0316; ADR-0321; ADR-0327; ADR-0246	oya-governance-anti-script-anti-template; oya-governance-tool-invocation-attestation; oya-governance-content-authorship-provenance; oya-governance-loop-detector; oya-governance-no-template-stamping	Name the anti-patterns that arose during the Wave-3-G + remediation experience and forbid them as doctrine. The doctrine forbids scripting or metaprogramming the bodies of substantive content artifacts (ADRs, journey docs, IP slices, microservice READMEs, PRDs, RFCs, specs) and forbids the introduction of helper template engines, lambda-wrap shell loops, jq-bodies-into-files invocations, or any other mechanism that produces N artifacts whose bodies differ only by a small substitution. The ban applies regardless of how clever the scripting is and regardless of whether substance-bar checks (per ADR-0322) would catch the output; the rationale is that even "clever-enough-to-pass" scripts erode the per-artifact authoring discipline that the substance bar relies on.
ADR-0325	0325	Proposed	2026-05-20	council-product; council-architecture; council-marketing; council-finance; council-go-to-market; council-engineering; axis-billing; axis-tenancy; axis-policy-engine; axis-workflow-engine; axis-foundry; ops-compliance	ADR-0325-capability-tier-pricing-anchors-public	docs/decisions/ADR-0325-capability-tier-pricing-anchors-public.md	ADR-0249; ADR-0314; ADR-0316; ADR-0132; ADR-0242; ADR-0243; ADR-0244; ADR-0245; ADR-0251; ADR-0252; ADR-0253; ADR-0254; ADR-0255; ADR-0263; ADR-0313; ADR-0315; ADR-0317; ADR-0321; ADR-0322; ADR-0326; ADR-0327; ADR-0246; ADR-0308	oya-governance-pricing-tier-anchor-public; oya-governance-pricing-tier-anchor-currency-parity; oya-governance-pricing-compliance-pack-uplift; oya-governance-pricing-residency-uplift; oya-governance-pricing-anchor-drift-monitor	Make the per-tier (Bronze / Silver / Gold / Platinum) pricing bands PUBLIC and bind them by name and number to specific marketplace categories, so that prospective tenants can self-quote without sales contact and so that downstream billing and settlement code can resolve the price for any (category, tier, tenant-pack, residency) tuple deterministically. ADR-0316 defined the tier shape without anchoring the monetary bands; this ADR fills the gap with a named anchor table, a named annual escalation policy, a named multi-currency parity rule, a named compliance-pack uplift schedule, and a named residency-uplift schedule that composes with ADR-0326 per-tenant data residency rules.
ADR-0326	0326	Proposed	2026-05-20	council-architecture; council-privacy; council-security; council-compliance; council-product; axis-tenancy; axis-policy-engine; axis-audit-chain; axis-storage; axis-network; ops-compliance; ops-sre-reliability	ADR-0326-per-tenant-data-residency-attestation	docs/decisions/ADR-0326-per-tenant-data-residency-attestation.md	ADR-0244; ADR-0246; ADR-0251; ADR-0263; ADR-0304; ADR-0144; ADR-0145; ADR-0151; ADR-0152; ADR-0242; ADR-0243; ADR-0245; ADR-0247; ADR-0248; ADR-0249; ADR-0252; ADR-0253; ADR-0254; ADR-0255; ADR-0301; ADR-0306; ADR-0311; ADR-0312; ADR-0313; ADR-0322; ADR-0325; ADR-0327; ADR-0308	oya-governance-residency-attestation; oya-governance-residency-cell-placement-enforcement; oya-governance-residency-cross-border-bar; oya-governance-residency-audit-event-completeness; oya-governance-residency-pack-binding	Define per-tenant data residency as a first-class tenancy attribute, define the named residency tiers (multi-region, single-region, sovereign-cell, airgapped-cell), define the attestation mechanism through which a tenant's residency assertion is signed, verified, and auditable, define the audit event classes added to the ADR-0263 registry for residency events, define the Cedar policy pattern that enforces residency at request time, and cross-reference the named regulatory regimes whose residency clauses this ADR satisfies.
ADR-0327	0327	Proposed	2026-05-20	council-architecture; council-engineering; council-quality; council-foundry; council-product; council-compliance; council-documentation; axis-policy-engine; axis-workflow-engine; axis-foundry; ops-program-management; ops-sre-reliability; ops-compliance	ADR-0327-wave-3-completion-criteria-and-promotion-gates	docs/decisions/ADR-0327-wave-3-completion-criteria-and-promotion-gates.md	ADR-0091; ADR-0110; ADR-0322; ADR-0323; ADR-0324; ADR-0325; ADR-0326; ADR-0063; ADR-0105; ADR-0111; ADR-0112; ADR-0113; ADR-0130; ADR-0131; ADR-0132; ADR-0145; ADR-0242; ADR-0243; ADR-0244; ADR-0245; ADR-0246; ADR-0247; ADR-0248; ADR-0249; ADR-0250; ADR-0251; ADR-0252; ADR-0253; ADR-0254; ADR-0255; ADR-0263; ADR-0297; ADR-0298; ADR-0299; ADR-0300; ADR-0301; ADR-0302; ADR-0303; ADR-0304; ADR-0305; ADR-0306; ADR-0307; ADR-0308; ADR-0309; ADR-0310; ADR-0311; ADR-0312; ADR-0313; ADR-0314; ADR-0315; ADR-0316; ADR-0317; ADR-0318; ADR-0319; ADR-0320; ADR-0321	oya-governance-adr-promotion-gate; oya-governance-wave-3-completion-tracker; oya-governance-multispectrum-cadence-v240; oya-governance-adr-acceptance-evidence-ledger; oya-governance-promotion-rollback	Codify what "complete" means for the Wave-3 doctrine cluster (ADRs 0297-0321 and the ADR-0322..0327 extension). Define the named promotion-from-Proposed-to-Accepted criteria, the named CI lane gates, the named multispectrum-review v2.4.0 cadence, and the named rollback/abort criteria. Establish that an ADR remains in `Proposed` state until all of its named gates pass and that the wave-3 cluster is declared `complete` only when every member of the cluster has been promoted to `Accepted` by these gates.
ADR-0328	0328	Proposed	2026-05-20	Unknown	Substance Bar as Canonical Sequence and Batch Discipline	docs/decisions/ADR-0328-substance-bar-as-canonical-sequence-and-batch-discipline.md	ADR-0244; ADR-0263; ADR-0316; ADR-0321; ADR-0322; ADR-0323; ADR-0324; ADR-0327; ADR-0136; ADR-0247; ADR-0255; ADR-0138	oya-governance-substance-bar; oya-governance-no-template-stamping; oya-governance-brief-anchor-header; oya-governance-wave-batch-ceiling; oya-governance-microservice-coherence-audit	Codify the realignment sequence, batch discipline, anchor discipline, verification SLA, Foundry absorption model, and Codex-only dispatch convention that prevent Oyatie documentation and microservice ownership work from drifting away from the unified ecosystem thesis while still satisfying the substance bar.
ADR-0329	0329	Accepted	2026-05-21	council-architecture; council-product; council-engineering; council-privacy; council-security; axis-policy-engine; axis-tenancy; axis-foundry; ops-compliance; ops-sre-reliability	Tier system retired; replaced by tenant-class model	docs/decisions/ADR-0329-tier-system-retired-replaced-by-tenant-class.md	ADR-0316; ADR-0328; ADR-0064; ADR-0249; ADR-0251; ADR-0255; ADR-0108; ADR-0138; ADR-0244; ADR-0245; ADR-0248; ADR-0263; ADR-0322; ADR-0324; ADR-0327; ADR-0330; ADR-0331; ADR-0037; ADR-0216	oya-governance-tier-vocabulary-zero-residue; oya-governance-tenant-class-claim-binding; oya-governance-no-capability-tier-grants; oya-governance-bronze-silver-gold-platinum-zero-occurrence; oya-governance-registry-capability-tiers-deletion; oya-governance-naming-bnf-n014-n015-amendment; oya-governance-adr-0316-supersession-marker; oya-governance-cellular-criticality-tier-preservation	Retire ADR-0316 and the entire Bronze/Silver/Gold/Platinum capability-tier doctrine. Capability tiers introduced feature gating between paying customers, fragmented the substance-bar quality contract across stratified service levels, multiplied per-microservice authoring debt, and created vocabulary residue measured at roughly 3,000 distinct call-sites across 77 active microservices. The replacement is the two-class tenant model (demo_trial and paid) with composable billing components (revenue_share, per_seat, per_usage) codified by ADR-0330 and applied per microservice by ADR-0331. This ADR is the canonical retirement decision. It preserves ADR-0248 Amazon-shape cellular criticality tier-0..tier-3 vocabulary because that vocabulary is an infrastructure-availability classification, not a customer-facing capability-tier ladder. It sequences and binds the Wave 15J retirement migration, names every deliverable that must be deleted or amended, routes the cross-microservice cleanup through ADR-0108 sunset and ADR-0138 six-path deprecation patterns, and locks the cellular-criticality preservation rule so that no future cleanup wave accidentally deletes the surviving vocabulary.
ADR-0330	0330	Accepted	2026-05-21	Unknown	Tenant Class — demo_trial vs paid with Composable Billing Components	docs/decisions/ADR-0330-tenant-class-demo-trial-vs-paid-composable-billing-components.md	ADR-0329; ADR-0331; ADR-0244; ADR-0243; ADR-0251; ADR-0316; ADR-0255; ADR-0249; ADR-0328; ADR-0064; ADR-0108; ADR-0216; ADR-0218; ADR-0322	oya-governance-tenant-class-enum-closed; oya-governance-billing-components-subset-closed; oya-governance-cloud-billing-source-of-truth; oya-governance-iam-principal-tenant-class-claim; oya-governance-cedar-tenant-class-attribute-coverage; oya-governance-audit-chain-tenant-class-transition; oya-governance-demo-trial-cap-enforcement; oya-governance-paid-quality-bar-parity	Codify the canonical tenant-class model that replaces the retired Bronze/Silver/Gold/Platinum capability-tier system. There are exactly two tenant classes — demo_trial and paid — and the paid class carries a composable billing_components set drawn from {revenue_share, per_seat, per_usage}. The quality bar, capability surface, and architectural posture are uniform across both tenant classes. cloud-billing is the source of truth for tenant_class and billing_components; cloud-iam emits them as principal claims; Cedar policies gate behavior; audit-chain records every transition.
ADR-0331	0331	Accepted	2026-05-21	Unknown	Cross-µservice tenant_class Adoption Template	docs/decisions/ADR-0331-cross-microservice-tenant-class-adoption-template.md	ADR-0322; ADR-0329; ADR-0330; ADR-0244; ADR-0243; ADR-0328; ADR-0316; ADR-0263; ADR-0251; ADR-0255; ADR-0324; ADR-0249; ADR-0108; ADR-0138; ADR-0145; ADR-0009	ci-tenant-class-adoption-check (new lane; Wave 15A bring-up); oya-governance-substance-bar (existing; substance gates over the IP template); oya-governance-no-template-stamping (existing; bespoke per-µservice substance bar applies); oya gate validate tenant-class-manifest; oya gate validate tenant-class-cedar-binding; oya gate validate tenant-class-slo-label; oya gate validate tenant-class-cost-budget; oya gate validate tenant-class-test-coverage	Codify the per-µservice plumbing template that every active µservice in the Oyatie corpus (77 µservices at audit time) MUST implement to adopt the new tenant_class enum (demo_trial / paid) + paid.billing_components subset (revenue_share / per_seat / per_usage). Specifies the twelve adoption surfaces (manifest / PRD / ARCHITECTURE / Cedar / capability YAMLs / OpenSLO / cost-budget / per-context iac / mobile-SDK / onboarding / tests / observability) that each µservice must touch, the IP-tenant-class-adoption.md skeleton each µservice files, and the ci-tenant-class-adoption-check lane that verifies all twelve surfaces per µservice across the canonical-build sequence (Phase 0 → Phase 4B).
ADR-0332	0332	Accepted	2026-05-21	council-architecture	Healthcare Domain Decomposition	docs/decisions/ADR-0332-healthcare-domain-decomposition.md	ADR-0105; ADR-0131; ADR-0132; ADR-0145; ADR-0188; ADR-0244; ADR-0245; ADR-0246; ADR-0247; ADR-0248; ADR-0250; ADR-0251; ADR-0263; ADR-0316; ADR-0321; ADR-0322; ADR-0327; ADR-0328	oya gate validate per-microservice-layout; oya gate validate no-new-suite-bundles; oya gate validate microservice-coherence-audit; oya gate validate healthcare-domain-decomposition (NEW lane added by this ADR); oya gate validate hipaa-pack-coverage-per-healthcare-microservice; oya gate validate cross-microservice-handoff-coherence	Decompose the existing healthcare-integration microservice (215 features across 14 domains) into eight new domain-scoped single-concern microservices (emr, diagnostics, imaging, emergency, pharmacy, patient-monitoring, clinical-decision-support, care-management) and narrow the existing healthcare- integration microservice to FHIR/HL7v2/DICOM integration substrate only. Each new microservice ships at hyperscaler-grade per ADR-0131 flat layout, ADR-0132 no-suite forward policy, and ADR-0251 HIPAA pack mandatory for paid tenants. Each microservice has its own PRD, ARCHITECTURE, contracts, SLOs, Cedar policies, runbooks, IaC, IPs, and bespoke counterpart top-3 parity rooted in named industry-leader software platforms.
ADR-0333	0333	Accepted	2026-05-21	Unknown	Cell µservice retired; cellular architecture is a pattern, not a service	docs/decisions/ADR-0333-cell-microservice-retired-pattern-not-service.md	ADR-0248; ADR-0138; ADR-0131; ADR-0244; ADR-0243; ADR-0263; ADR-0351		Retire the standalone cell microservice while preserving cellular architecture as a mandatory pattern implemented by adjacent owners.
ADR-0334	0334	Accepted	2026-05-21	Unknown	shorts µservice retired; absorbed into social as short-video flavor	docs/decisions/ADR-0334-shorts-microservice-merged-into-social.md	ADR-0238; ADR-0132; ADR-0138; ADR-0245; ADR-0317; ADR-0329; ADR-0330; ADR-0333		Retire the standalone shorts microservice and absorb its short-form video capabilities into the social microservice as the TikTok-style short-video flavor of the social product, consistent with ADR-0132 no-suite policy.
ADR-0335	0335	Accepted	2026-05-21	Unknown	foundry µservice retired; absorbed by intelligence; Hermes terminology dropped	docs/decisions/ADR-0335-foundry-microservice-retired-absorbed-by-intelligence.md	ADR-0136; ADR-0138; ADR-0220; ADR-0239; ADR-0247; ADR-0255; ADR-0116; ADR-0112; ADR-0113; ADR-0132; ADR-0245; ADR-0333; ADR-0334; ADR-0328; ADR-0330; ADR-0242; ADR-0211; ADR-0253		Retire the foundry µservice as a standalone service surface; absorb its AI pipeline orchestration, eval, training, RLHF, red-team, and model registry responsibilities into the intelligence µservice per ADR-0255 KS#14 two-layer AI substrate; drop "Hermes" terminology corpus-wide as the retired internal pipeline brand name.
ADR-0336	0336	Proposed	2026-05-21	council-architecture; council-security; council-legal; council-supply-chain; ops-sre-reliability; axis-cloud-data; axis-cloud-secrets; axis-observability; axis-policy-engine	Valkey is the canonical in-memory KV / cache / pubsub substrate (Redis retired for license drift)	docs/decisions/ADR-0336-valkey-not-redis-substrate.md	ADR-0013; ADR-0045; ADR-0211; ADR-0212; ADR-0328; ADR-0028; ADR-0099; ADR-0108; ADR-0138; ADR-0150; ADR-0192; ADR-0220; ADR-0244; ADR-0247; ADR-0248; ADR-0251; ADR-0255; ADR-0263; ADR-0322; ADR-0329; ADR-0331; ADR-0335; ADR-0324	oya-governance-license (cargo-deny — refuses RSALv2/SSPLv1/AGPLv3 Redis 7.4+ dependencies); oya-governance-valkey-not-redis-vocabulary (new lane; promoted to BLOCKER after Wave 15-Valkey corpus migration lands); oya-governance-valkey-crate-naming (new lane; refuses `oya-*-adapter-redis-*` crate creations after Wave 15-Valkey); oya-governance-valkey-iac-module-path (new lane; refuses `iac/*/redis/` module directories after Wave 15-Valkey); oya-governance-valkey-env-var (new lane; refuses `REDIS_URL`, `REDIS_CLUSTER_ENDPOINTS`, `REDIS_TLS_CERT_PATH` after Wave 15-Valkey); oya-governance-valkey-cedar-entity-type (new lane; refuses `RedisCluster::"..."` / `RedisKey::"..."` Cedar entity types after Wave 15-Valkey); oya-governance-counterpart-fact-preservation (new lane; allow-list verifies counterpart-fact Redis references are quote-bound)	Establish Valkey (Linux Foundation BSD-3-Clause fork of Redis) as the canonical in-memory key-value / cache / pubsub / streams substrate corpus-wide. Retire Redis (Redis Inc. SSPLv1 / RSALv2 dual-license since 2024-03) as a substrate primitive on the basis of license drift, supply-chain provenance, hyperscaler alignment (AWS ElastiCache for Valkey, Google Memorystore for Valkey, Oracle Cloud Valkey), and Bominal-inheritance precedence. Preserve the wire protocol (RESP3) and the client-library surface (`redis-rs`, `fred`, `deadpool-redis`) unchanged because Valkey is wire-compatible by construction. Specify the twelve mechanical migration surfaces (crate naming, iac module paths, env vars, OpenSLO labels, Cedar entity types, manifest `substrate_dependencies`, audit-event fields, observability metric labels, ARCHITECTURE.md substrate sections, PRD substrate sections, dependency-policy substitution table, and GLOSSARY canonical entries). Sequence the corpus-wide rewrite as Wave 15-Valkey under ADR-0328 batch discipline. Preserve counterpart-product factual references to Redis (e.g., "Discord uses Redis Cluster") as quote-bound counterpart-fact. Do not introduce any runtime behavior change because Valkey is wire-compatible with Redis and existing Rust client crates work unchanged.
ADR-0337	0337	Proposed	2026-05-21	council-architecture; ops-data-platform; council-supply-chain; axis-data-warehouse; axis-data-pipeline; axis-cloud-data; axis-observability; axis-policy-engine	Apache Iceberg is the canonical OLAP table-format write path (Delta + Hudi demoted to migration adapters; ClickHouse compute layered on Iceberg)	docs/decisions/ADR-0337-iceberg-canonical-olap-write-path.md	ADR-0211; ADR-0212; ADR-0328; ADR-0013; ADR-0028; ADR-0045; ADR-0099; ADR-0108; ADR-0138; ADR-0150; ADR-0192; ADR-0244; ADR-0245; ADR-0247; ADR-0248; ADR-0251; ADR-0255; ADR-0263; ADR-0322; ADR-0324; ADR-0329; ADR-0330; ADR-0331; ADR-0335; ADR-0336	oya-check-iceberg-canonical-write-path (new; advisory at landing, planned promotion to BLOCKER after Wave 15-OLAP lands); oya-governance-olap-table-format-vocabulary (new; refuses bare Delta/Hudi as canonical write paths corpus-wide outside the adapter allow-list); oya-governance-iceberg-crate-naming (new; refuses `oya-*-adapter-delta-write-*` or `oya-*-adapter-hudi-write-*` canonical-write-path crate names after Wave 15-OLAP); oya-governance-iceberg-rest-catalog-binding (new; refuses non-Iceberg-REST-catalog OLAP table-format catalog bindings in new µservice authoring after Wave 15-OLAP); oya-governance-clickhouse-compute-layering (new; refuses ClickHouse-native MergeTree write paths as canonical OLAP write surface when the µservice has tenant-visible table-format obligations; ClickHouse remains canonical as a compute engine layered on Iceberg); oya-governance-counterpart-fact-preservation (existing; allow-list verifies counterpart-fact Delta/Hudi references are quote-bound)	Establish Apache Iceberg as the canonical OLAP table-format write path corpus-wide. Demote Apache Delta Lake and Apache Hudi to migration-adapter- only substrates: tenants ingesting Delta- or Hudi-formatted data are served by an adapter that converts to Iceberg on commit; no new µservice authors Delta or Hudi as a canonical write substrate. Preserve ClickHouse as a compute engine layered on Iceberg tables (via the iceberg engine in ClickHouse 26.3 LTS or via Iceberg-aware federated query), not as a parallel OLAP write path. Specify the canonical Iceberg REST catalog binding, the Polaris / BigLake / Unity-Catalog interop posture, the per-µservice manifest substrate_dependencies update, the six new CI lanes that enforce the rule, and the 30-day sunset window during which the lanes promote from REPORT-ONLY to BLOCKER. Sequence the corpus-wide rewrite as Wave 15-OLAP under ADR-0328 batch discipline. Preserve counterpart-product factual references to Delta and Hudi (e.g., "Databricks defaults to Delta Lake", "Onehouse builds on Hudi") as quote-bound counterpart-fact. Do not introduce any runtime behavior change to tenant-visible OLAP query semantics because Iceberg, Delta UniForm, and Hudi MoR all expose the same Parquet data plane; the change is at the metadata-pointer / catalog / commit-protocol layer only.
ADR-0338	0338	Proposed	2026-05-21	council-architecture; council-security; ops-sre-reliability; ops-security; ops-dr-capacity; axis-cloud; axis-cell; axis-deployment; axis-policy-engine; axis-observability	Pod runtime tier 0..3 (Kata + Cloud Hypervisor for tenant-untrusted + tenant-data substrate; runc for first-party + edge)	docs/decisions/ADR-0338-pod-runtime-tier-0-to-3.md	ADR-0254; ADR-0009; ADR-0028; ADR-0044; ADR-0105; ADR-0121; ADR-0128; ADR-0131; ADR-0132; ADR-0145; ADR-0150; ADR-0183; ADR-0211; ADR-0212; ADR-0215; ADR-0240; ADR-0242; ADR-0243; ADR-0244; ADR-0245; ADR-0247; ADR-0248; ADR-0249; ADR-0251; ADR-0252; ADR-0253; ADR-0255; ADR-0263; ADR-0322; ADR-0324; ADR-0328; ADR-0329; ADR-0330; ADR-0331; ADR-0335; ADR-0336; ADR-0337; ADR-0099	oya-check-pod-runtime-tier (new CI lane; advisory until crate lands; planned to refuse missing or invalid pod_runtime_tier declarations; refuses tier-vs-nodepool mismatches; promoted to BLOCKER after corpus-wide declaration lands); Kyverno admission policy `enforce-pod-runtime-tier` (refuses pod admission when pod.spec.runtimeClassName does not match the µservice's declared pod_runtime_tier or when pod placement violates the nodepool taint/toleration contract); oya-governance-runtime-class-allowlist (refuses RuntimeClass declarations outside {kata-cloud-hypervisor, runc, runc-edge}); oya-governance-nodepool-binding (refuses workloads that target a nodepool the µservice is not authorized to land on); oya-governance-tier-promotion-evidence (refuses Tier 2 → Tier 1 promotions without evidence pack per D-10)	Carve out an explicit four-tier runtime classification (Tier 0..Tier 3) over the Kubernetes + Cloud Hypervisor + Kata invariant from ADR-0254, mapped to the cellular criticality numbering convention from ADR-0248 (Tier 0 = highest blast-radius / most isolated). Tier 0 = tenant-customer untrusted code → Kata Containers + Cloud Hypervisor (Wasmtime sandbox host, workflow-studio user workflows, marketplace plugin executors, agent-runtime tenant capabilities, developer-sdk uploaded modules). Tier 1 = substrate µservices that touch tenant data plane → Kata + Cloud Hypervisor (cloud-iam, cloud-kms, cloud-secrets, audit-chain, messenger MLS keys, payments, intelligence transport). Tier 2 = first-party application µservices → runc (crm, marketing-automation, contract-lifecycle-management, itsm, community, social, drive, docs, sheets, slides, calendar, etc.). Tier 3 = edge / static / perf-critical → runc on dedicated nodepools (api-gateway data-plane, Envoy edge, ztunnel, CDN edge cache). Declare pod_runtime_tier as a manifest.json field; route placement via per-cell nodepool topology (kata-pool + runc-pool + runc-edge-pool); enforce via Kyverno admission + RuntimeClass binding + CI lane oya-check-pod-runtime-tier. Establish tier-promotion criteria, quarterly tier review process, default tier for new µservices (Tier 2), capacity model implications, and incident-response classification. Reduce Kata-everywhere overhead (30-40 percent pod density + 200-500 ms cold-start) while preserving VM-isolation where tenant-customer code actually executes.
ADR-0339	0339	Proposed	2026-05-21	council-architecture; ops-platform-iac; ops-sre-reliability; council-security	Shared IaC module library (`microservices/cloud-iac/modules/<context>/<primitive>/` is canonical; per-µservice `iac/<context>/main.tf` is a thin wrapper)	docs/decisions/ADR-0339-shared-iac-module-library.md	ADR-0211; ADR-0212; ADR-0215; ADR-0216; ADR-0218; ADR-0244; ADR-0331; ADR-0248; ADR-0254; ADR-0328; ADR-0336; ADR-0181; ADR-0245; ADR-0247; ADR-0250; ADR-0251; ADR-0255; ADR-0322; ADR-0324; ADR-0329; ADR-0330; ADR-0333; ADR-0335; ADR-0337; ADR-0338	oya-check-iac-shared-module-usage (new lane; advisory until crate lands; planned promotion to BLOCKER after Wave 15Q-IaC-modules lands); oya-check-iac-module-path-canonical (new lane; advisory until crate lands; planned to refuse from-scratch per-µservice iac/<context>/ bodies that do not invoke a shared module); oya-check-iac-module-signature-cosign (new lane; advisory until crate lands; planned to refuse module sources that lack ADR-0181 cosign attestation); oya-check-iac-module-pin (new lane; advisory until crate lands; planned to refuse unpinned shared-module references; module source MUST include `?ref=v<MAJOR>.<MINOR>.<PATCH>` or equivalent); oya-check-iac-opentofu-only (advisory until crate lands; planned to refuse HashiCorp Terraform syntax; preserved verbatim from `feedback_zero_handroll_opentofu_only_2026_05_20`); oya-check-iac-thin-wrapper-line-floor (new lane; advisory until crate lands; planned per-µservice `iac/<context>/main.tf` must be ≤ 80 LOC excluding comments; substance is in the wrapper's primitive selection, not its plumbing); oya-check-iac-module-catalog-discoverability (new lane; advisory until crate lands; planned to refuse additions of new primitives to the library without a corresponding entry in `docs/standards/iac-module-catalog.md`)	Establish `microservices/cloud-iac/modules/<context>/<primitive>/` as the canonical home for reusable, signed, OpenTofu module primitives across Oyatie's five deployment-contexts (aws-guest, oci-guest [+ always-free sub-context], on-prem, colo, oyatie-as-cloud-provider). Establish that per-µservice `iac/<context>/main.tf` files are thin wrappers that invoke shared modules with tenant-scoped parameters, NOT from-scratch module bodies. Collapse the prior 77-µservice × 5-context = 385 from-scratch IaC module-dir blast-radius into ~50 shared-library primitives plus 385 thin wrapper invocations. Specify the canonical primitive enumeration per context, the OpenTofu signed-module distribution path (ADR-0181 cosign), the per-µservice migration path (factor reusable IaC into the library; keep µservice-specific IaC under µservice ownership with a declared `extends cloud-iac/modules/<context>/<base>` cross-reference), the module-versioning quarterly-upgrade-window pattern (matching network-substrate-versions discipline), the module catalog + discovery + documentation contract under `docs/standards/iac-module-catalog.md`, the OCI Always Free `oci-guest/always-free/` sub-context category for demo_trial-only modules (per `feedback_oci_always_free_maximization_2026_05_20` and ADR-0331 §D-8.2), and the seven new CI lanes that enforce the library boundary. Do NOT author the ~50 module bodies in this ADR; that authoring is sequenced as Wave 15Q-IaC-modules after this ADR is Accepted. Do NOT migrate any per-µservice iac/ directory in this ADR; per-µservice migration is sequenced per-µservice under ADR-0328 canonical-build phase order.
ADR-0340	0340	Proposed	2026-05-21	council-architecture; ops-sre-reliability; ops-finops; axis-cloud-data	Capacity model per microservice manifest (baseline_cpu_per_tenant + baseline_ram_per_tenant + storage_per_tenant + connections_per_tenant + scaling_dimension + cell_placement_class)	docs/decisions/ADR-0340-capacity-model-per-microservice-manifest.md	ADR-0212; ADR-0244; ADR-0245; ADR-0248; ADR-0331; ADR-0338; ADR-0339; ADR-0009; ADR-0044; ADR-0099; ADR-0105; ADR-0108; ADR-0128; ADR-0131; ADR-0145; ADR-0152; ADR-0174; ADR-0183; ADR-0197; ADR-0198; ADR-0199; ADR-0211; ADR-0215; ADR-0240; ADR-0242; ADR-0243; ADR-0247; ADR-0251; ADR-0263; ADR-0322; ADR-0324; ADR-0328; ADR-0329; ADR-0330; ADR-0333; ADR-0335; ADR-0336; ADR-0337; ADR-0341; ADR-0342; ADR-0343; ADR-0344; ADR-0345	oya-check-capacity-model-present (new CI lane; advisory until crate lands; planned to refuse missing or malformed capacity_model blocks in manifest.json; REPORT-ONLY at landing; BLOCKER per-µservice as each capacity_model declaration lands); oya-check-capacity-model-units (new CI lane; advisory until crate lands; planned to refuse non-canonical units; baseline_cpu_per_tenant MUST be vCPU as a decimal; baseline_ram_per_tenant MUST be MiB as an integer; storage_per_tenant MUST be GB as an integer; connections_per_tenant fields MUST be non-negative integers); oya-check-capacity-model-scaling-dimension (new CI lane; advisory until crate lands; planned to refuse scaling_dimension values outside the closed enum {per_user, per_request, per_capability, per_message, per_query, per_workflow_run}); oya-check-capacity-model-cell-placement (new CI lane; advisory until crate lands; planned to refuse cell_placement_class values outside {Tier-0, Tier-1, Tier-2, Tier-3, Tier-4} and refuses Tier-0/Tier-1 declarations without an audit-chain seal event reference per ADR-0263); oya-check-capacity-model-tenant-class-deltas (new CI lane; advisory until crate lands; planned to refuse capacity_model declarations that omit demo_trial vs paid delta rows when the µservice serves both tenant classes per ADR-0330 + ADR-0331); oya-check-capacity-model-finops-anchor (new CI lane; advisory until crate lands; planned to refuse capacity_model values that diverge from the per-µservice FinOps cost-center declaration in `finops` section by more than the soft-band tolerance recorded in registry/finops/cost-tag-vocabulary.yaml); oya-check-capacity-model-cellular-tier-coherence (new CI lane; advisory until crate lands; planned to refuse cell_placement_class values that conflict with the µservice's declared pod_runtime_tier per ADR-0338 + ADR-0248 co-variance table in D-6)	Establish the canonical `capacity_model` block in every µservice's `microservices/<name>/manifest.json` as the machine-readable declaration of the µservice's per-tenant compute, memory, storage, and connection footprint; the natural scaling_dimension the µservice scales along (per_user / per_request / per_capability / per_message / per_query / per_workflow_run); and the cellular placement class (Tier-0..Tier-4 per ADR-0248) that anchors the µservice in the Amazon-shape cellular topology. The capacity_model block is the single source of truth driving (a) autoscaler input parameters per ADR-0198 Karpenter nodepool selection, (b) cell sizing inputs for Cell capacity planning per ADR-0009 + ADR-0248, (c) FinOps projection inputs per ADR-0174 + ADR-0199 cost-attribution, and (d) cellular placement determinism for shuffle-sharding + blast-radius reasoning per ADR-0248 + ADR-0333 (cell-as-pattern). The block is distinct from ADR-0338 pod_runtime_tier (which governs pod admission + isolation primitive) and from ADR-0251 compliance pack ceilings (which gate compliance posture). Declare the schema fragment in /specs/microservices/manifest-schema.json. Queue the corpus-wide per-µservice declaration as a separate sub-wave under ADR-0328 batch discipline. Do NOT author the per-µservice manifest updates in this ADR; that authoring is a follow-on sub-wave.
ADR-0341	0341	Proposed	2026-05-21	council-architecture; ops-sre-reliability; axis-observability; axis-tenancy; council-security	Cellular promotion gates — explicit per-Tier 0..4 machine-checkable criteria + auto-promotion via cell-orchestrator	docs/decisions/ADR-0341-cellular-promotion-gates-explicit-tier-criteria.md	ADR-0248; ADR-0244; ADR-0212; ADR-0263; ADR-0130; ADR-0131; ADR-0251; ADR-0148; ADR-0186; ADR-0044; ADR-0328; ADR-0009; ADR-0108; ADR-0150; ADR-0183; ADR-0240; ADR-0245; ADR-0247; ADR-0250; ADR-0252; ADR-0253; ADR-0254; ADR-0322; ADR-0324; ADR-0329; ADR-0330; ADR-0331; ADR-0333; ADR-0336; ADR-0337; ADR-0338; ADR-0339; ADR-0340; ADR-0243; ADR-0211	oya-check-cell-promotion-gates (new CI lane; evaluates the six machine-checkable criteria for every promotion candidate against per-cell telemetry + manifest; REPORT-ONLY at landing; promoted to BLOCKER after Wave 15T-Cell-Promotion-Gates lands the evaluator + per-µservice promotion-history schema); oya-governance-cell-tier-promotion-evidence (new CI lane; refuses promotion-history entries that lack the evidence pack documented in §D-7; REPORT-ONLY at landing; BLOCKER post-soak); oya-governance-cell-tier-numbering-convention (new CI lane; refuses promotion-history entries that invert the ADR-0248 Tier 0 = highest-blast-radius convention; e.g., refuses claims of "promoted from Tier 4 to Tier 3" being framed as a hardening operation when in this corpus Tier 3 = less critical than Tier 4 in the inverted hyperscaler-style direction is forbidden; clarifies the convention is monotonically decreasing-criticality from Tier 0 to Tier 4); oya-governance-cell-promotion-quiet-window (new CI lane; refuses auto-promotion events that did not observe the per-tier quiet-window floor in §D-3.6); oya-governance-cell-orchestrator-binding (new CI lane; refuses promotion events that did not originate from a cell-orchestrator µservice principal under the ADR-0148 + ADR-0247 self-modification namespace; manual promotion is forbidden outside the emergency-override path in §D-9); Kyverno admission policy `enforce-cell-promotion-gates` (refuses Kubernetes cellular topology mutations — node-pool resize, cell-zone creation, cell-tier label change — that do not carry a cell-orchestrator-signed promotion-event attestation)	Carve out explicit machine-checkable promotion-gate criteria for every cellular tier-promotion edge in ADR-0248's Tier 0..Tier 4 numbering (where Tier 0 = highest blast-radius / most isolated, Tier 4 = lowest / best-effort), plus the symmetric demotion edges. Define six gate inputs the new CI lane `oya-check-cell-promotion-gates` evaluates: (1) error budget intact (≥ 99 % of the µservice's SLO budget remaining on the current tier); (2) ≥ N days warm-soak in the current tier where N is per-edge — Tier 0 → 1: 7 days; Tier 1 → 2: 14 days; Tier 2 → 3: 28 days; Tier 3 → 4: 56 days; (3) canary cohort success ≥ 99.5 % SLO compliance over the warm-soak window; (4) cell-mesh health: cross-cell call success ≥ 99.95 % over the warm-soak window per ADR-0044; (5) tenant-class coverage: both demo_trial and paid tenants present on the current tier (per ADR-0330); (6) compliance-pack coverage: every applicable pack from ADR-0251 (HIPAA, GDPR-strict, SOC2, PCI, CSAP, EU AI Act Annex III, ISO27001, KR-ISMS-P, JP-FISC, etc.) validated and signed off on the current tier. Establish auto-promotion via the cell-orchestrator µservice (running inside tenancy + observability per the ADR-0148 control-plane shape) once all gates pass plus an N-hour quiet window (per §D-3.6) elapses without alert; auto-promotion emits a signed promotion-event onto the audit-chain per ADR-0263 and propagates the new cell_tier into the per-cell node labels via Kyverno-admitted topology mutation. Out of scope: actual cell-orchestrator µservice implementation, which is sequenced as a follow-on sub-wave under ADR-0148 + ADR-0328 batch discipline.
ADR-0342	0342	Proposed	2026-05-21	council-architecture; axis-developer-sdk; axis-api-gateway; ops-platform; council-security	API versioning HYBRID model — date-based (YYYY-MM-DD) for public APIs + semver (major.minor.patch) for SDK packages	docs/decisions/ADR-0342-api-versioning-hybrid-date-public-semver-sdk.md	ADR-0145; ADR-0211; ADR-0212; ADR-0216; ADR-0218; ADR-0339; ADR-0244; ADR-0263; ADR-0316; ADR-0330; ADR-0044; ADR-0105; ADR-0108; ADR-0150; ADR-0181; ADR-0183; ADR-0243; ADR-0245; ADR-0247; ADR-0248; ADR-0250; ADR-0251; ADR-0253; ADR-0254; ADR-0322; ADR-0324; ADR-0328; ADR-0329; ADR-0331; ADR-0335; ADR-0336; ADR-0337; ADR-0338; ADR-0340; ADR-0341; ADR-0343; ADR-0344; ADR-0345	oya-check-public-api-date-version (new lane; advisory until crate lands; planned to refuse contract authoring that omits a YYYY-MM-DD Oyatie-Version anchor on every public OpenAPI 3.2.0 path / AsyncAPI 3.1.0 channel / proto3 service); oya-check-public-api-version-triplet (new lane; advisory until crate lands; planned to refuse public-facing handlers that do not honor all three carriers — header `Oyatie-Version`, URL prefix `/v/<YYYY-MM-DD>/...`, protobuf field `oyatie_version`); oya-check-public-api-supported-window (new lane; advisory until crate lands; planned to refuse contract drops below N=3 supported versions and refuses removal earlier than 180 days post-deprecation); oya-check-public-api-sunset-adr (new lane; advisory until crate lands; planned to refuse a tenant-affecting breaking change without a paired sunset-class ADR + audit-chain `api.version.sunset` event emission); oya-check-sdk-semver-bump (new lane; advisory until crate lands; planned to refuse SDK releases that do not honor the major-on-breaking / minor-on-additive / patch-on-fix rule; refuses SDK packages that fail to pin a date-version under-the-hood); oya-check-sdk-language-coverage (new lane; advisory until crate lands; planned to refuse SDK release trains that omit any of the 10 canonical languages without an exception ADR); oya-check-tenant-version-pinning (new lane; advisory until crate lands; planned to refuse tenant manifests that omit `api_version_pinning` block; refuses pinning to an unsupported / dropped version); oya-governance-version-routing-canonical-carriers (refuses any non-canonical version carrier — e.g., a `?api_version=` query param, a custom `X-API-Version` header, a separate sub-domain `v20260521.api.oyatie.dev`)	Establish a HYBRID API versioning model that separates the public-API surface (OpenAPI 3.2.0 endpoints, AsyncAPI 3.1.0 channels, proto3 services exposed externally per `tools/hooks/_canonical-primitives.md` contracts section) from the SDK distribution surface (developer-sdk Stainless-class generator producing 10 idiomatic SDKs per `feedback_developer_sdk_stainless_generator_2026_05_20`). The public-API surface uses date-based versions (YYYY-MM-DD; same pattern Stripe, Anthropic, OpenAI ship) carried through three canonical channels — the `Oyatie-Version` request header, the `/v/<YYYY-MM-DD>/...` URL prefix, and a `oyatie_version` protobuf field on every proto3 message envelope. The SDK distribution surface uses semantic versioning (major.minor.patch) per package; each SDK release pins a specific public-API date version under the hood so SDK consumers never have to author a date string. Last N=3 public versions remain supported for ≥180 days post-deprecation; per-tenant version pinning is declared in the tenant manifest under `api_version_pinning`; every tenant-affecting breaking change requires a paired ADR + sunset calendar + audit-chain `api.version.sunset` emission. Specify the per-µservice manifest field shape, the api-gateway routing layer shape, the developer-sdk release-engineering pipeline shape, the version-discovery surface (`GET /v/versions` + `oyatie.versions.v1` proto service), the deprecation-warning carrier (`Sunset` + `Deprecation` + `Link` headers per RFC 8594 + RFC 9745), and the eight new CI lanes that enforce the boundary. Do NOT author the actual `Oyatie-Version` carriers across every µservice contract in this ADR; that authoring is sequenced as a follow-on sub-wave under ADR-0328 batch discipline. Do NOT migrate any existing public contract surface in this ADR; per-µservice migration follows the canonical-build phase order.
ADR-0343	0343	Proposed	2026-05-21	council-architecture; council-security; council-legal; ops-sre-reliability; ops-compliance; axis-observability	DR + RTO/RPO matrix per-µservice + per-compliance-pack (effective tenant RTO/RPO = max(µservice declared, all-applicable-pack floors))	docs/decisions/ADR-0343-dr-rto-rpo-matrix-per-microservice-per-compliance-pack.md	ADR-0028; ADR-0158; ADR-0212; ADR-0241; ADR-0251; ADR-0263; ADR-0044; ADR-0099; ADR-0108; ADR-0128; ADR-0145; ADR-0150; ADR-0152; ADR-0181; ADR-0183; ADR-0211; ADR-0240; ADR-0242; ADR-0243; ADR-0244; ADR-0245; ADR-0247; ADR-0248; ADR-0250; ADR-0252; ADR-0253; ADR-0254; ADR-0255; ADR-0322; ADR-0324; ADR-0328; ADR-0330; ADR-0331; ADR-0336; ADR-0337; ADR-0338; ADR-0339; ADR-0340; ADR-0341; ADR-0342; ADR-0344; ADR-0345; ADR-0196	oya-check-dr-manifest-block (new lane; advisory until crate lands; planned to refuse missing or malformed `dr` block in per-µservice manifest); oya-check-dr-pack-floor-satisfaction (new lane; advisory until crate lands; planned to compute effective RTO/RPO per tenant-pack combination and refuse µservice declarations that fail to satisfy any applicable pack floor on cells they may serve); oya-check-dr-multi-region-required (new lane; advisory until crate lands; planned to refuse `multi_region_active_active=false` when µservice serves a pack that mandates multi-region — HIPAA, KR-PIPA via CSAP, EU AI Act high-risk); oya-check-dr-runbook-presence (new lane; advisory until crate lands; planned to refuse a `failover_runbook` pointer that does not resolve to an existing markdown file in the µservice's `runbooks/` directory); oya-check-dr-backup-substrate-allowlist (new lane; advisory until crate lands; planned to refuse backup substrate identifiers outside the canonical allowlist defined in §D-5); oya-check-dr-drill-evidence-fresh (new lane; advisory until crate lands; planned to refuse µservices whose `last_drill_evidence_id` resolves to an audit row older than the pack-mandated drill cadence); oya-check-dr-pack-floor-table-coverage (new lane; advisory until crate lands; planned to refuse `/specs/compliance-pack-floors.json` versions that omit a pack referenced by any active tenant); oya-governance-dr-auditor-dashboard-presence (new lane; refuses missing per-pack auditor dashboard manifest entries that enumerate which µservices serve the pack and report floor satisfaction)	Establish the canonical disaster-recovery (DR) and business-continuity RTO/RPO matrix at two coupled layers: (1) per-µservice declared targets captured in the µservice's `manifest.json#dr` block (numeric `rto_p99_seconds` + `rpo_p99_seconds` + `multi_region_active_active` + `backup_substrate` + `failover_runbook`) and (2) per-compliance-pack RTO/RPO floors captured in the new spec `/specs/compliance-pack-floors.json` consumed by the pack-activation gate. Effective tenant RTO/RPO is the pointwise MAXIMUM of the µservice declared target and every applicable pack floor (i.e., effective is more stringent than either input alone). Eight initial pack floors are codified (HIPAA, PCI-DSS, SOC2 Type II, EU AI Act Annex III high-risk, CSAP-Korea, ISO 27001, SOX 404, KR PIPA), with explicit semantics for SOX-per-process and KR-PIPA-per-data-class. Per-µservice manifest field updates are out of scope for this ADR; the corpus-wide manifest sub-wave is sequenced separately under ADR-0328. Author the ADR, queue the sub-wave in `/specs/master-plan-sequencing.json`, extend `/specs/microservices/manifest-schema.json` with the `dr` block, and create the new spec file `/specs/compliance-pack-floors.json` containing the per-pack floor table consumed by the pack-activation gate. Per-pack auditor dashboard surface (which µservices serving that pack meet floor) lands as a downstream observability lane under ADR-0263.
ADR-0344	0344	Proposed	2026-05-21	council-architecture; council-legal; ops-finops; ops-sre-reliability; axis-audit-chain; axis-observability; ops-compliance	Sustainability + finops dimensional model (per-call CO2-grams + watt-hours + USD-cost emitted alongside every audit row; finops-portal dimensional rollup per tenant/product/capability/provider/cell/compliance-pack)	docs/decisions/ADR-0344-sustainability-finops-dimensional-model.md	ADR-0174; ADR-0263; ADR-0028; ADR-0212; ADR-0338; ADR-0322; ADR-0328; ADR-0099; ADR-0108; ADR-0150; ADR-0181; ADR-0183; ADR-0211; ADR-0215; ADR-0240; ADR-0242; ADR-0243; ADR-0244; ADR-0245; ADR-0246; ADR-0247; ADR-0248; ADR-0249; ADR-0250; ADR-0251; ADR-0252; ADR-0253; ADR-0254; ADR-0255; ADR-0324; ADR-0329; ADR-0330; ADR-0331; ADR-0335; ADR-0336; ADR-0337; ADR-0339; ADR-0340; ADR-0341; ADR-0342; ADR-0343; ADR-0345	oya-check-audit-row-carbon-fields (new lane; advisory until crate lands; planned to refuse audit-chain emission paths that do not populate cost_usd_minor_units + co2_grams + watt_hours + provider + region; promoted to BLOCKER after Wave 15Y-Sustainability-FinOps lands); oya-check-sustainability-emission-model (new lane; advisory until crate lands; planned to refuse µservice manifests that lack sustainability_emission_model block once a workload is emitted); oya-check-finops-portal-dimensional-rollup (new lane; advisory until crate lands; planned to refuse finops-portal dashboards / reports that do not expose all six canonical dimensional axes — tenant / product / capability / provider / cell / compliance_pack); oya-check-carbon-intensity-provider-binding (new lane; advisory until crate lands; planned to refuse microservice runtime that resolves region carbon intensity from a non-canonical provider; electricityMaps API is canonical, with documented fallback grid-average per ADR-0263); oya-check-regulatory-sustainability-report-emission (new lane; advisory until crate lands; planned to refuse regulator-class quarterly audit-chain reports — CSRD / SB-253 / SEC-climate-disclosure — that lack carbon + energy + cost totals across the dimensional axes); oya-governance-sustainability-tag-allowlist (existing ADR-0174 sustainability_class lane; preserved unchanged); oya-governance-carbon-aware-scheduling (new lane; refuses Cedar fragments that gate workload placement on carbon intensity without referencing this ADR + ADR-0243)	Establish the canonical sustainability + finops dimensional model for Oyatie: every audit-chain row emitted under ADR-0263 MUST carry, at emission time and HLC-timestamped per ADR-0252, the five-field sustainability-and-finops tuple { cost_usd_minor_units, co2_grams, watt_hours, provider, region } computed from the µservice's declared sustainability_emission_model (per-microservice manifest field). The finops-portal microservice owns the canonical dimensional rollup surface, exposing per-tenant, per-product, per-capability, per-provider, per-cell, and per-compliance-pack aggregations of cost + carbon + energy with HLC-timestamped commit ordering. Region carbon intensity is resolved at emission time from the electricityMaps API (canonical provider) with a documented fallback to provider-published grid-average carbon intensity. The model serves five named driving use cases — CSRD (EU Corporate Sustainability Reporting Directive, first reports 2025-2026 for large companies), SB-253 (California Climate Corporate Data Accountability Act, first reports 2026), SEC climate disclosure rule (US public companies), per-tenant cost + carbon transparency (in-product reporting per ADR-0174), provider routing decisions (cost + carbon as Cedar context inputs at the Istio Ambient ext_authz gate per ADR-0243), and carbon-aware scheduling (workloads delayed to low-carbon hours when the SLO error budget per ADR-0341 + the compliance pack RTO/RPO floor per ADR-0343 permits the deferral). The ADR joins ADR-0174 (sustainability tag), ADR-0252 (HLC for accurate emission ordering), and ADR-0263 (observability emission contract). Out of scope: actual carbon intensity provider integration (electricityMaps SDK binding) and per-microservice emission instrumentation; both sequenced as Wave 15Y-Sustainability-FinOps follow-on under ADR-0328 batch discipline. This ADR authors the contract; downstream waves instrument the µservices.
ADR-0345	0345	Proposed	2026-05-21	council-architecture; council-security; council-legal; ops-supply-chain; axis-compliance; ops-platform	OSS stewardship class policy + CVE-response SLA (Maintainer / Contributor / Consumer classes per upstream dependency; 7-day P0 + 30-day P1 contributor SLA)	docs/decisions/ADR-0345-oss-stewardship-class-policy-and-cve-response-sla.md	ADR-0013; ADR-0173; ADR-0181; ADR-0211; ADR-0212; ADR-0242; ADR-0243; ADR-0244; ADR-0250; ADR-0251; ADR-0336; ADR-0044; ADR-0050; ADR-0148; ADR-0150; ADR-0183; ADR-0200; ADR-0218; ADR-0247; ADR-0248; ADR-0322; ADR-0324; ADR-0328; ADR-0333; ADR-0335; ADR-0337; ADR-0338; ADR-0339; ADR-0340; ADR-0341; ADR-0342; ADR-0343; ADR-0344	oya-check-oss-stewardship-registry-presence (new lane; advisory until crate lands; planned to refuse corpus changes that add a direct OSS dependency without a registry entry); oya-check-oss-stewardship-class-declaration (new lane; advisory until crate lands; planned to refuse registry entries missing stewardship_class ∈ {maintainer, contributor, consumer}); oya-check-oss-stewardship-cve-sla (new lane; advisory until crate lands; planned to refuse contributor-class entries missing P0 ≤ 7-day + P1 ≤ 30-day CVE response SLA; refuses consumer-class entries missing P0 upstream-monitored + pin update ≤ 14-day SLA); oya-check-oss-stewardship-owner-team (new lane; advisory until crate lands; planned to refuse registry entries missing an `owner_team` value drawn from the council / axis / ops taxonomy); oya-check-oss-stewardship-resourcing-declaration (new lane; advisory until crate lands; planned to refuse contributor-class entries missing `contribution_budget_dev_days_per_quarter`; refuses maintainer-class entries missing `maintainer_engineering_time_percent`; refuses consumer-class entries missing `audit_subscription_cost_usd`); oya-check-oss-stewardship-license-cross-check (new lane; advisory until crate lands; planned to refuse registry entries whose license value contradicts the forbidden-license list in docs/standards/dependency-policy.md §2 + specs/forbidden-operations.json FO-09); oya-governance-stewardship-class-vocabulary (new lane; refuses the word "tier" applied to OSS stewardship — reserves the term for ADR-0248 cellular tiers + ADR-0338 pod-runtime tiers)	Establish three stewardship classes (Maintainer / Contributor / Consumer) for every direct upstream OSS dependency Oyatie consumes, declare CVE-response SLAs per class (Maintainer = Oyatie owns commit + release; Contributor = P0 patch within 7 days, P1 patch within 30 days; Consumer = pin + audit only, upstream-monitored, pin update within 14 days of public CVE), declare per-class resourcing (Maintainer = engineering-time percent committed per crate; Contributor = dev-days/quarter committed per upstream; Consumer = audit-subscription cost USD declared per upstream), and author the canonical registry at /specs/oss-stewardship-registry.json enumerating every upstream dep with dep_name + stewardship_class + owner_team + cve_sla_p0_days + cve_sla_p1_days + contribution_budget_dev_days_per_quarter + audit_subscription_cost_usd. Drives 24-month maintainability + supply-chain provenance + auditor confidence for SBOM + SOC2 SCC + ISO 27001 A.5.21 vendor-risk-management certification. TERMINOLOGY: OSS stewardship class is a RELATIONSHIP LABEL (Maintainer / Contributor / Consumer), NOT a numeric TIER. The word "tier" is reserved exclusively for ADR-0248 cellular tiers (Tier 0..4) and ADR-0338 pod runtime tiers (Tier 0..3). Do NOT author the per-crate manifest field declarations in this ADR; that is sequenced as Wave 15X-OSS-stewardship under ADR-0328 batch discipline after Acceptance. Do NOT mutate forbidden-license posture; the forbidden-license list at docs/standards/dependency-policy.md §2 remains the source of truth.
ADR-0346	0346	Proposed	2026-05-21	council-architecture; ops-platform; axis-dev-cli; ops-sre-reliability	oya verify --ci-required MUST locally mirror the full CI matrix and block on exit-0 of EACH step before returning success	docs/decisions/ADR-0346-oya-verify-must-run-full-ci-mirror.md	ADR-0212; ADR-0221; ADR-0322; ADR-0324; ADR-0083; ADR-0105; ADR-0106; ADR-0107; ADR-0108; ADR-0150; ADR-0181; ADR-0211; ADR-0218; ADR-0242; ADR-0243; ADR-0244; ADR-0247; ADR-0250; ADR-0263; ADR-0328; ADR-0345; ADR-0340; ADR-0344	oya-governance-oya-verify-ci-mirror-coverage (new lane; refuses corpus changes to `crates/oya-dev-cli/src/commands/verify.rs` that do not invoke cargo fmt + cargo check + cargo clippy + cargo nextest + oya gate run-all by static analysis; promoted to BLOCKER 14 days post Wave 15-ZA implementation lands); oya-governance-oya-verify-ci-step-exit-semantics (new lane; refuses verify.rs source changes that swallow non-zero exit codes from any of the five mandatory mirror steps; refuses changes that conflate fmt-fail with check-fail in the exit code emitted to the caller); oya-governance-oya-verify-skip-flag-allowlist (new lane; refuses verify.rs changes that add a skip flag outside the closed allowlist `{--skip-fmt, --skip-clippy, --skip-nextest, --skip-gates}` per D-8; new skip flags require an ADR amendment per `feedback_no_silent_regression`); oya-governance-oya-submit-calls-verify (new lane; refuses changes to `oya submit` that bypass `oya verify --ci-required` per D-10 — preserves the existing call chain, refuses regressions); oya-governance-oya-verify-exit-code-contract (new lane; refuses verify.rs changes that violate the closed exit-code enum `{0 = ALL passed, 1 = at least one failed, 2 = invalid arguments}` per D-11)	Establish that `./bin/oya verify --ci-required` is the canonical local pre-push verifier and MUST locally mirror the full CI matrix — invoking `cargo fmt --all --check`, `cargo check --workspace --all-targets --keep-going`, `cargo clippy --workspace --all-targets --keep-going -- -D warnings`, `cargo nextest run --workspace --no-fail-fast` (or `cargo test --workspace` if nextest is absent), `oya gate run-all --ci-required`, `oya doc adr-index --write` (advisory; warn-only), and `oya lint adr-shape` against new ADRs in the current commit range — and MUST block on exit-0 of EACH step before returning success to the caller. Flag-controlled skipping via the closed allowlist `{--skip-fmt, --skip-clippy, --skip-nextest, --skip-gates}` supports incremental development; default invocation runs every step. Exit-code contract is closed: 0 = ALL passed; 1 = at least one failed; 2 = invalid arguments. `oya submit` MUST call `oya verify --ci-required` before push (current behavior preserved + enhanced by this ADR). The doctrine is binding because PR #177 on 2026-05-21 surfaced 7 CI failures (cargo-fmt + cargo-clippy + cargo-nextest + oya-vcs-admission + oya-governance-dependency-seam + oya-governance-aspirational-enforcement + oya-governance-honest-claims) that the current verify implementation — which dispatches only to `oya gate run-all` and does NOT call cargo fmt/check/clippy/nextest directly — missed entirely. Out of scope: actual Rust code changes to `crates/oya-dev-cli/src/commands/verify.rs`; that implementation is sequenced as Wave 15-ZA-oya-verify-full-ci-mirror in `/specs/master-plan-sequencing.json`. This ADR authors doctrine only; the source-level extension is a separate PR landing under Wave 15-ZA after this ADR is Accepted.
ADR-0347	0347	Proposed	2026-05-21	council-architecture; ops-sre-reliability; ops-platform; council-security; axis-governance	Foundry-fitness to governance bulk rename (doctrine-only; all oya-governance-* CI lanes + crates + catalog + ADR cross-references collapse to oya-governance-* per ADR-0132 + ADR-0335; per-lane migration IPs collapsed into one bulk rename)	docs/decisions/ADR-0347-foundry-fitness-to-governance-bulk-rename.md	ADR-0132; ADR-0335; ADR-0136; ADR-0245; ADR-0345; ADR-0110; ADR-0111; ADR-0112; ADR-0113; ADR-0116; ADR-0131; ADR-0145; ADR-0211; ADR-0212; ADR-0242; ADR-0243; ADR-0247; ADR-0250; ADR-0322; ADR-0324; ADR-0327; ADR-0328; ADR-0333; ADR-0340; ADR-0341; ADR-0342; ADR-0343; ADR-0344; ADR-0346; ADR-0255	oya-governance-no-foundry-fitness-residue (new lane; greps the corpus and refuses any non-historical reference to `oya-governance-*`; historical references inside ADR-0335 + ADR-0347 retirement-context paragraphs are exempted via an allowlist of file paths declared in the lane's config); oya-governance-lane-prefix-vocabulary (new lane; refuses new authoring that introduces a fitness-family lane under any prefix other than `oya-governance-*` or `oya-check-*`; the two canonical prefixes for governance-owned and check-family lanes respectively are exhaustive per ADR-0132); oya-governance-rename-inventory-presence (new lane; advisory until crate lands; planned to refuse corpus changes to .github/workflows/oya-governance-*.yml + crates/oya-governance-*/ + registry/catalog/oya-governance-*.yaml + registry/quality/lanes.yaml lane records that do not also update the inventory file at the rename-inventory path under .omc/state/ with the corresponding target governance-* name)	Declare that every `oya-governance-*` CI lane prefix in the Oyatie corpus RENAMES to `oya-governance-*` in a single bulk-rename pull request (Wave 15-ZB) rather than via 34 per-lane migration IPs as originally sequenced in CLAUDE.md `new_governance_lane_prefix`. The rename surface includes 10 active GitHub Actions workflow files at .github/workflows/oya-governance-*.yml plus their `name:` fields, ~40 lane records in registry/quality/lanes.yaml using `oya-governance-*` IDs, 28 catalog records at registry/catalog/oya-governance-*.yaml, ~51 Rust check-family crates at crates/oya-governance-*-* (kernel + api + domain + adapter layers, renamed via Cargo workspace member updates + git mv), ~41 ADR cross-citations under docs/decisions/, references in docs/standards/, references in .omc/state/, 14 sub-wave entries in specs/master-plan-sequencing.json, the canonical-primitives cheat sheet at tools/hooks/_canonical-primitives.md, branch-protection required-status-checks at .github/branch-protection.yaml, and per-µservice manifest.json `fitness_lanes` arrays where any reference the old prefix. Foundry is RETIRED per ADR-0335 (absorbed by intelligence per the two-layer substrate doctrine in ADR-0255 + feedback_intelligence_two_layer_substrate); continuing to author lanes under the `oya-governance-*` prefix after foundry is retired creates an anachronistic ownership label that misleads readers about which µservice / team owns the lane. Governance is the actual owning team per ADR-0132 + axis-governance. The bulk rename collapses 34 per-lane migration IPs into one Wave 15-ZB codex-bucket fan-out PR; per-lane IPs would drift over months and accumulate realignment cost. This ADR is doctrine-only; the actual file renames + cross-reference updates are sequenced as Wave 15-ZB and authored in a separate PR under ADR-0328 batch discipline. The pre-rename inventory is published as machine-readable JSON at .omc/state/oya-governance-rename-inventory-2026-05-21.json enumerating each of the 34 lane identifiers and their target `oya-governance-*` names so the executor PR has a deterministic diff target rather than a discovery-time enumeration. Three new CI lanes enforce the rename outcome: a residue-grep lane refuses any non-historical reference to the old prefix post-Wave-15-ZB-landing; a vocabulary lane refuses new lane authoring outside the two canonical governance / check prefixes; an inventory-presence lane refuses corpus changes to fitness-prefix surfaces that skip inventory-file updates. Sunset: 30 days post-Wave-15-ZB completion the new lanes promote to BLOCKER. Out of scope: the actual file renames + cross-reference updates (deferred to Wave 15-ZB codex-bucket fan-out PR); cross-Bominal corpus rename (Bominal authors its sibling rename ADR independently per feedback_bominal_inheritance_precedence).
ADR-0348	0348	Proposed	2026-05-21	council-architecture; ops-sre-reliability; axis-tenancy; axis-observability; axis-cloud-iac	Autosharding + auto-rebalance + dynamic sharding (cellular topology MUST support three control-plane-driven automation modes for tenant→cell/shard placement, hot-cell rebalancing, and within-cell hot-split + cold-merge shard count adjustment; manifest-declared per-µservice; cell-orchestrator (within tenancy + observability) executes; honors residency + compliance packs; emits audit-chain per ADR-0263; reversible)	docs/decisions/ADR-0348-autosharding-auto-rebalance-dynamic-sharding.md	ADR-0263; ADR-0248; ADR-0341; ADR-0333; ADR-0340; ADR-0110; ADR-0111; ADR-0131; ADR-0132; ADR-0145; ADR-0150; ADR-0158; ADR-0181; ADR-0211; ADR-0212; ADR-0240; ADR-0241; ADR-0242; ADR-0243; ADR-0244; ADR-0245; ADR-0247; ADR-0250; ADR-0251; ADR-0252; ADR-0253; ADR-0254; ADR-0322; ADR-0324; ADR-0327; ADR-0328; ADR-0335; ADR-0338; ADR-0342; ADR-0343; ADR-0344; ADR-0345; ADR-0346; ADR-0347; ADR-0351	oya-governance-sharding-automation-coverage (new lane; refuses any µservice manifest.json that lacks a complete `sharding_automation` block with autosharding + auto_rebalance + dynamic_sharding sub-blocks declared per the D-1 schema; allowlist for µservices on the EXEMPT_FROM_CELLULAR list at .omc/state/cellular-exemption-allowlist-2026-05-21.json — e.g., static-only edge surfaces, no-tenant-state µservices); oya-governance-autosharding-manual-mode-refusal (new lane; refuses any manifest.json that declares the sharding_automation.autosharding field set to the value manual; the canonical autosharding mode is control_plane_driven; a manual-mode exception requires an ADR-amendment to this ADR enumerating the surface justifying the exception); oya-governance-auto-rebalance-residency-honored (new lane; greps every manifest declaring sharding_automation.auto_rebalance.enabled true and refuses if the same manifest also declares honors_residency false OR omits the field; cross-jurisdiction rebalance without Cedar permit is refused at admission time per ADR-0243); oya-governance-dynamic-sharding-threshold-coverage (new lane; refuses any manifest declaring sharding_automation.dynamic_sharding.enabled true that omits ANY of the four canonical thresholds (hot_split_threshold_p99_ms, hot_split_utilization_threshold_percent, cold_merge_utilization_threshold_percent, cold_merge_minimum_quiet_hours); default-fill is REJECTED to force per-µservice declaration of load characteristics); oya-governance-audit-chain-emit-on-automation-events (new lane; greps every manifest declaring auto_rebalance.enabled true OR dynamic_sharding.enabled true and refuses if the same manifest omits audit_chain_emit true on the corresponding sub-block; every automation event MUST emit per ADR-0263 observability-emission-contract); oya-governance-tenant-migration-reversibility (new lane; refuses any µservice IP authoring under microservices/<ms>/IPs/IP-*-auto-rebalance-*.md that lacks an explicit `rollback_path` section enumerating how an automation-event-driven tenant migration is reversed via the audit-chain trail)	Declare that cellular topology MUST support three control-plane-driven automation modes underneath the cell-level promotion gates already doctrined in ADR-0341: (1) AUTOSHARDING — tenant→cell/shard placement is computed by the control plane automatically, with no human operator picking placement; inputs are capacity_model (ADR-0340) + compliance_pack constraints (ADR-0251) + ResidencyClass + cell_placement_class (Tier 0..4 per ADR-0248) + the shuffle-sharding algorithm in the oya-shuffle-sharding crate (ADR-0333). (2) AUTO-REBALANCE — when cell load skews beyond promotion-gate criteria, the cell-orchestrator (a logical responsibility composed across tenancy + observability per ADR-0333) automatically migrates tenants from hot cells to cooler cells; tenant migration honors residency + compliance pack constraints; cross-jurisdiction migration requires an explicit Cedar permit per ADR-0243; migration is observable, reversible, and audit-chain-emit per ADR-0263. (3) DYNAMIC SHARDING — shard count within a cell adjusts based on load: HOT-SPLIT when shard p99 latency exceeds SLO OR capacity utilization exceeds 80% (defaults; per- µservice override), COLD-MERGE when adjacent shards both run below 20% utilization for more than 24 hours (defaults; per-µservice override); both operations are atomic + audit-emit. Every µservice manifest.json gains a `sharding_automation` block declaring per-automation-mode configuration. Six new CI lanes enforce manifest coverage, autosharding- mode discipline, residency-honoring, threshold completeness, audit-chain emission, and IP-level reversibility documentation. The actual cell- orchestrator implementation in tenancy + observability is queued as Wave 15-ZD (separate executor PR sequenced under ADR-0328 batch discipline); this ADR is DOCTRINE-ONLY. Sunset: 30 days post-Wave-15-ZD completion the new lanes promote to BLOCKER. Out of scope: actual cell-orchestrator Rust crate implementation (deferred to Wave 15-ZD); pipeline-level rebalance for batch/streaming workloads (separate ADR if needed); cross-pack tenant migration with PHI (refused by E.3 + the compliance- pack constraints per ADR-0251); Bominal sibling ADR (Bominal authors independently per feedback_bominal_inheritance_precedence).
ADR-0349	0349	Proposed	2026-05-21	council-architecture; ops-platform; ops-sre-reliability; axis-cloud-iac; axis-observability; council-security	Jenkins (LTS) + ArgoCD canonical self-hostable CI/CD substrate (Jenkins augments GitHub Actions for self-hostable contexts; ArgoCD replaces manual kubectl/Helm CLI deploys; both OSS Class C approved per ADR-0211 + Contributor stewardship per ADR-0345; provisioned via OpenTofu modules per ADR-0339 in every multi-context deployment per ADR-0215 including air-gap per ADR-0164)	docs/decisions/ADR-0349-jenkins-argocd-self-hostable-ci-cd-substrate.md	ADR-0211; ADR-0345; ADR-0339; ADR-0215; ADR-0164; ADR-0028; ADR-0181; ADR-0221; ADR-0263; ADR-0254; ADR-0105; ADR-0106; ADR-0107; ADR-0108; ADR-0110; ADR-0111; ADR-0112; ADR-0113; ADR-0116; ADR-0145; ADR-0150; ADR-0212; ADR-0218; ADR-0242; ADR-0243; ADR-0244; ADR-0245; ADR-0247; ADR-0248; ADR-0250; ADR-0251; ADR-0322; ADR-0324; ADR-0327; ADR-0328; ADR-0335; ADR-0340; ADR-0341; ADR-0342; ADR-0343; ADR-0344; ADR-0346; ADR-0347	oya-governance-jenkins-github-actions-parity (new lane; refuses Jenkinsfile / .github/workflows drift such that a CI step exists in one surface but not the other across the per-microservice CI-parity contract enumerated in D-3 below; promoted to BLOCKER 30 days post Wave 15-ZE-completion); oya-governance-argocd-application-cosign-verified (new lane; refuses ArgoCD Application CRD sources that reference an image without a cosign-verify policy attached per D-6 + ADR-0181; promoted to BLOCKER 30 days post Wave 15-ZE-completion); oya-governance-argocd-tenant-namespace-isolation (new lane; refuses ArgoCD Application authoring that crosses tenant namespaces without a Cedar policy gate granting cross-tenant access per D-11 + ADR-0243; promoted to BLOCKER 30 days post Wave 15-ZE-completion); oya-governance-jenkins-jcasc-only (new lane; refuses Jenkins controller state declared via the UI; every Jenkins controller state file is authored under microservices/cloud-iac/modules/<context>/jenkins/jcasc/ with declarative JCasC YAML per D-1; promoted to BLOCKER 30 days post Wave 15-ZE-completion); oya-governance-deploy-audit-chain-emit (new lane; refuses ArgoCD sync transitions that do not emit an audit-chain row per ADR-0263 §D.4 deploy-event class; promoted to BLOCKER 30 days post Wave 15-ZE-completion)	Declare Jenkins (LTS) and ArgoCD as the two canonical self-hostable CI/CD substrates for the Oyatie corpus. Jenkins is the canonical CI orchestrator for air-gap + on-prem + colo + oyatie-as-cloud-provider deployment contexts where GitHub Actions runners are not available; it runs on Oyatie K8s per ADR-0254 and is configured-as-code via JCasC + Jenkinsfile. GitHub Actions is RETAINED as the primary CI for the hosted-on-GitHub PR review surface (oya verify + PR checks); Jenkins augments rather than replaces it. ArgoCD is the canonical GitOps CD orchestrator; per-cluster Application CRDs declare which microservices deploy to which cluster, ArgoCD reconciles the declared state from git, cosign signature verification per ADR-0181 gates every image fetched on sync, and audit-chain rows emit per ADR-0263 on every sync transition. ArgoCD REPLACES manual `kubectl apply` and Helm CLI deploys across all contexts. Both substrates are OSS Class C approved per ADR-0211 and carry Contributor-class stewardship per ADR-0345 (7-day P0 CVE SLA + 30-day P1 SLA + per-quarter dev-day budget for upstream patches). Both are provisioned via OpenTofu modules under microservices/cloud-iac/modules/<context>/jenkins/ and /<context>/argocd/ per ADR-0339 shared IaC module library and the zero-handroll-OpenTofu-only feedback memory of 2026-05-20. Five new CI lanes enforce the substrate contract: jenkins-github-actions-parity refuses drift between Jenkinsfile and .github/workflows for the per-microservice CI matrix; argocd-application-cosign-verified refuses sourcing of unsigned images; argocd-tenant-namespace-isolation refuses cross-tenant ArgoCD project leakage; jenkins-jcasc-only refuses Jenkins UI-driven configuration drift; deploy-audit-chain-emit refuses ArgoCD sync transitions without audit-chain emission. The doctrine is binding because the multi-context deployment posture per feedback_multi_context_provider_agnostic_2026_05_20 + air-gap sovereignty per ADR-0164 + zero-handroll OpenTofu-only posture per feedback_zero_handroll_opentofu_only_2026_05_20 + the GitOps + signed- image + audit-chain triple-binding per ADR-0181 + ADR-0263 + ADR-0254 are mutually unsatisfiable without a self-hostable CI substrate (Jenkins) and a declarative GitOps CD substrate (ArgoCD). The four forbidden-alternative competitors (Jenkins X, Tekton, Flux CD, Spinnaker, CircleCI / Travis / Buildkite SaaS, GitHub Actions self-hosted runners pointed at GitHub.com control plane) are each rejected with named reasons in §F below. Out of scope: actual authoring of the twelve OpenTofu modules (six contexts × two substrates), per-microservice Jenkinsfile authoring across ~77 microservices, per-microservice Helm chart authoring under microservices/<ms>/iac/k8s/helm/, the per-cluster `clusters/<cluster-id>/apps.yaml` canonical GitOps manifest, cosign-verify policy authoring at the ArgoCD layer, and audit-chain emitter integration at the ArgoCD sync hook. All five authoring streams are sequenced as Wave 15-ZE-jenkins-argocd-substrate-rollout in /specs/master-plan-sequencing.json under ADR-0328 batch discipline. This ADR is doctrine-only; the executor PRs land separately after Acceptance.
ADR-0350	0350	Accepted	2026-05-21	council-architecture; council-security; axis-governance; axis-audit-chain; axis-workflow-engine; axis-tenancy; axis-identity; axis-observability	UUIDv7 Canonical ID Primitive Across Oyatie	docs/decisions/ADR-0350-uuidv7-canonical-id-primitive.md	ADR-0244; ADR-0248; ADR-0252; ADR-0322; ADR-0324; ADR-0345; ADR-0003; ADR-0005; ADR-0113; ADR-0214; ADR-0292; ADR-0128; ADR-0131; ADR-0132; ADR-0145; ADR-0150; ADR-0211; ADR-0212; ADR-0243; ADR-0247; ADR-0251; ADR-0253; ADR-0263; ADR-0328; ADR-0333; ADR-0348; ADR-0349; ADR-0351; ADR-0245	oya-governance-id-strategy-canonical; oya-governance-id-format-validation; oya-governance-no-ulid-imports; oya-governance-no-snowflake-imports; oya-governance-uuid-v7-feature-flag-pinned; oya-governance-uuidv7-newtype-validation	Declare UUIDv7, as standardized by RFC 9562, as the single canonical ID primitive across Oyatie. UUIDv7 replaces ULID and every ad hoc UUID or string-ID convention for event_id, audit_chain_row_id, vcs_changeset_id, tenant_id, cell_id, principal_id, resource_id, request_id, idempotency_key, evidence_ref, and every other ID surface. The canonical Rust dependency is uuid v1.x with the v7 feature enabled at workspace level, generated through Uuid::now_v7(), serialized as lowercase hyphenated RFC 9562 UUID text, stored as native Postgres UUID where available and SQLite TEXT where needed, and validated through typed newtypes that parse Uuid and check version 7 bytes. ULID references in ADR-0003, ADR-0005, ADR-0113, ADR-0214, ADR-0292, and ADR-0252 are flagged for Wave 15-ZH rewrite. Snowflake-style IDs are explicitly rejected because central allocator and worker-ID coordination violate ADR-0248 cellular independence and ADR-0345 vendor-lockin discipline.
ADR-0351	0351	Accepted	2026-05-21	Unknown	Cell-rebalancer + cell-lifecycle microservices (amends ADR-0333)	docs/decisions/ADR-0351-cell-rebalancer-and-cell-lifecycle-microservices.md	ADR-0333; ADR-0248; ADR-0245; ADR-0348; ADR-0131; ADR-0132; ADR-0150; ADR-0251; ADR-0252; ADR-0263; ADR-0322; ADR-0341; ADR-0253; ADR-0344	oya-governance-cell-rebalancer-µservice-shape (new lane; refuses any commit that introduces tenant-rebalance logic OUTSIDE the cell-rebalancer µservice path microservices/cell-rebalancer/; refuses any return of rebalancing responsibility to tenancy or observability µservices); oya-governance-cell-lifecycle-µservice-shape (new lane; refuses any commit that introduces cell promotion / drain / decommission state-machine logic OUTSIDE microservices/cell-lifecycle/; refuses any return of lifecycle responsibility to cloud-iac µservice); oya-governance-cellular-orchestrator-composition (new lane; refuses any single µservice from owning more than one of {cell identity, cell lifecycle, tenant placement, tenant rebalancing, sharding automation} — these are five distinct single-concern domains per ADR-0131); oya-governance-rebalance-migration-evidence (new lane; refuses any tenant migration commit lacking an audit-chain row referencing the rebalance_job_id, source_cell, target_cell, residency_class, compliance_pack, evidence_ref, and cedar_decision_id per ADR-0263)	Carve out two single-concern microservices from the cellular topology absorption decision in ADR-0333: (1) cell-rebalancer — manages tenant migration across cells as a long-running stateful workflow with distinct API + SLOs + observability; (2) cell-lifecycle — manages the logical cell entity state machine (register → activate → promote → drain → decommission) as distinct from the infrastructure provisioning concern already owned by cloud-iac. The retirement of the original cell µservice in ADR-0333 was correct for cell identity lookup, but the rebalancing-as-workflow and lifecycle-as-state-machine concerns are bounded contexts that warrant their own µservices per ADR-0131 per-microservice flat layout and ADR-0132 no-suite policy.
