# Oyatie placeholder debt registry. Format: <token>	<path>	<occurrences>	<excerpt>	<rationale>
TBD	docs/ADR-CONSOLIDATION-PLAN.md	1	1. **New consolidated docs SHOULD prefer "ADR cluster" or "new ADR (TBD)" references** over specific legacy ADR-#### numbers, until the cleanup completes.	owner=council-architecture; issue=PLACEHOLDER-DEBT-DOCS-ADR-CONSOLIDATION-PLAN-MD; captured_at=2026-05-10; action=burn down tracked placeholder or replace with concrete doc owner before removing registry row
TBD	docs/DOC-COVERAGE.md	1	| Corpus lock | | 🔴 TBD (promotion blocker) |	owner=council-docs; issue=PLACEHOLDER-DEBT-DOCS-DOC-COVERAGE-MD; captured_at=2026-05-14; action=track current TBD placeholder until the owning planning artifact or evidence replaces this row
TBD	docs/DOC-COVERAGE.md	1	| M01-foundation | 🔴 TBD | 🟡 partial (P05 hardening committed) | 🟡 |	owner=council-docs; issue=PLACEHOLDER-DEBT-DOCS-DOC-COVERAGE-MD; captured_at=2026-05-14; action=track current TBD placeholder until the owning planning artifact or evidence replaces this row
TBD	docs/DOC-COVERAGE.md	2	| M02b-substrate | 🔴 TBD | 🔴 TBD | 🔴 |	owner=council-docs; issue=PLACEHOLDER-DEBT-DOCS-DOC-COVERAGE-MD; captured_at=2026-05-14; action=track current TBD placeholder until the owning planning artifact or evidence replaces this row
TBD	docs/DOC-COVERAGE.md	2	| M04-healthcare-kr | 🔴 TBD | 🔴 TBD | ⚪ |	owner=council-docs; issue=PLACEHOLDER-DEBT-DOCS-DOC-COVERAGE-MD; captured_at=2026-05-14; action=track current TBD placeholder until the owning planning artifact or evidence replaces this row
TBD	docs/DOC-COVERAGE.md	2	| M05-connect-personal | 🔴 TBD | 🔴 TBD | ⚪ |	owner=council-docs; issue=PLACEHOLDER-DEBT-DOCS-DOC-COVERAGE-MD; captured_at=2026-05-14; action=track current TBD placeholder until the owning planning artifact or evidence replaces this row
TBD	docs/DOC-COVERAGE.md	2	| M06-fintech-kr | 🔴 TBD | 🔴 TBD | ⚪ |	owner=council-docs; issue=PLACEHOLDER-DEBT-DOCS-DOC-COVERAGE-MD; captured_at=2026-05-14; action=track current TBD placeholder until the owning planning artifact or evidence replaces this row
TBD	docs/DOC-COVERAGE.md	2	| M07-first-tenant | 🔴 TBD | 🔴 TBD (P08 evidence bundle planned) | 🔴 |	owner=council-docs; issue=PLACEHOLDER-DEBT-DOCS-DOC-COVERAGE-MD; captured_at=2026-05-14; action=track current TBD placeholder until the owning planning artifact or evidence replaces this row
TBD	docs/DOC-COVERAGE.md	2	| M07-industrial-kr | 🔴 TBD | 🔴 TBD | ⚪ |	owner=council-docs; issue=PLACEHOLDER-DEBT-DOCS-DOC-COVERAGE-MD; captured_at=2026-05-14; action=track current TBD placeholder until the owning planning artifact or evidence replaces this row
TBD	docs/DOC-COVERAGE.md	2	| M08-enterprise-breadth | 🔴 TBD | 🔴 TBD | ⚪ |	owner=council-docs; issue=PLACEHOLDER-DEBT-DOCS-DOC-COVERAGE-MD; captured_at=2026-05-14; action=track current TBD placeholder until the owning planning artifact or evidence replaces this row
TBD	docs/DOC-COVERAGE.md	2	| M09-us-expansion | 🔴 TBD | 🔴 TBD | ⚪ |	owner=council-docs; issue=PLACEHOLDER-DEBT-DOCS-DOC-COVERAGE-MD; captured_at=2026-05-14; action=track current TBD placeholder until the owning planning artifact or evidence replaces this row
TBD	docs/DOC-COVERAGE.md	2	| M10-eu-expansion | 🔴 TBD | 🔴 TBD | ⚪ |	owner=council-docs; issue=PLACEHOLDER-DEBT-DOCS-DOC-COVERAGE-MD; captured_at=2026-05-14; action=track current TBD placeholder until the owning planning artifact or evidence replaces this row
TBD	docs/DOC-COVERAGE.md	2	| M11-healthcare-intl | 🔴 TBD | 🔴 TBD | ⚪ |	owner=council-docs; issue=PLACEHOLDER-DEBT-DOCS-DOC-COVERAGE-MD; captured_at=2026-05-14; action=track current TBD placeholder until the owning planning artifact or evidence replaces this row
TBD	docs/DOC-COVERAGE.md	2	| M12-hyperscaler-maturity | 🔴 TBD | 🔴 TBD | ⚪ |	owner=council-docs; issue=PLACEHOLDER-DEBT-DOCS-DOC-COVERAGE-MD; captured_at=2026-05-14; action=track current TBD placeholder until the owning planning artifact or evidence replaces this row
TBD	docs/FINOPS-PLAN.md	1	| Search | per-query (sponsored) | TBD |	owner=ops-finops; issue=PLACEHOLDER-DEBT-DOCS-FINOPS-PLAN-MD; captured_at=2026-05-10; action=burn down tracked placeholder or replace with concrete doc owner before removing registry row
TBD	docs/INCIDENT-MANAGEMENT.md	1	Rotation per (TBD).	owner=council-architecture; issue=PLACEHOLDER-DEBT-DOCS-INCIDENT-MANAGEMENT-MD; captured_at=2026-05-10; action=burn down tracked placeholder or replace with concrete doc owner before removing registry row
TBD	docs/LEGAL-IP-LEDGER.md	1	| Oyatie (wordmark) | 9, 35, 38, 41, 42 (software, business mgmt, telecom, training, scientific) | KR | TBD register |	owner=ops-compliance; issue=PLACEHOLDER-DEBT-DOCS-LEGAL-IP-LEDGER-MD; captured_at=2026-05-10; action=burn down tracked placeholder or replace with concrete doc owner before removing registry row
TBD	docs/LEGAL-IP-LEDGER.md	1	| Oyatie | as above | JP / US / EU / IN / BR / KSA / UAE / AU / SG | TBD per region |	owner=ops-compliance; issue=PLACEHOLDER-DEBT-DOCS-LEGAL-IP-LEDGER-MD; captured_at=2026-05-10; action=burn down tracked placeholder or replace with concrete doc owner before removing registry row
TBD	docs/LEGAL-IP-LEDGER.md	1	| api.oyatie.com | public API | TBD | annual |	owner=ops-compliance; issue=PLACEHOLDER-DEBT-DOCS-LEGAL-IP-LEDGER-MD; captured_at=2026-05-10; action=burn down tracked placeholder or replace with concrete doc owner before removing registry row
TBD	docs/LEGAL-IP-LEDGER.md	1	| dev.oyatie.com | dev surface per ADR-0025 | TBD | annual |	owner=ops-compliance; issue=PLACEHOLDER-DEBT-DOCS-LEGAL-IP-LEDGER-MD; captured_at=2026-05-10; action=burn down tracked placeholder or replace with concrete doc owner before removing registry row
TBD	docs/LEGAL-IP-LEDGER.md	1	| docs.oyatie.com | public docs site | TBD | annual |	owner=ops-compliance; issue=PLACEHOLDER-DEBT-DOCS-LEGAL-IP-LEDGER-MD; captured_at=2026-05-10; action=burn down tracked placeholder or replace with concrete doc owner before removing registry row
TBD	docs/LEGAL-IP-LEDGER.md	1	| marketplace.oyatie.com | plugin marketplace | TBD | annual |	owner=ops-compliance; issue=PLACEHOLDER-DEBT-DOCS-LEGAL-IP-LEDGER-MD; captured_at=2026-05-10; action=burn down tracked placeholder or replace with concrete doc owner before removing registry row
TBD	docs/LEGAL-IP-LEDGER.md	1	| mcp.oyatie.com (per-tenant) | MCP gateway | TBD | annual |	owner=ops-compliance; issue=PLACEHOLDER-DEBT-DOCS-LEGAL-IP-LEDGER-MD; captured_at=2026-05-10; action=burn down tracked placeholder or replace with concrete doc owner before removing registry row
TBD	docs/LEGAL-IP-LEDGER.md	1	| oYa (logo) | as above | KR | TBD register |	owner=ops-compliance; issue=PLACEHOLDER-DEBT-DOCS-LEGAL-IP-LEDGER-MD; captured_at=2026-05-10; action=burn down tracked placeholder or replace with concrete doc owner before removing registry row
TBD	docs/LEGAL-IP-LEDGER.md	1	| oyatie.com | primary | TBD | annual |	owner=ops-compliance; issue=PLACEHOLDER-DEBT-DOCS-LEGAL-IP-LEDGER-MD; captured_at=2026-05-10; action=burn down tracked placeholder or replace with concrete doc owner before removing registry row
TBD	docs/LEGAL-IP-LEDGER.md	1	| oyatie.kr / .co.kr | KR-locale | TBD | annual |	owner=ops-compliance; issue=PLACEHOLDER-DEBT-DOCS-LEGAL-IP-LEDGER-MD; captured_at=2026-05-10; action=burn down tracked placeholder or replace with concrete doc owner before removing registry row
TBD	docs/LEGAL-IP-LEDGER.md	1	| oyatiemail.com (or per-tenant subdomain) | Workspace Mail | TBD | annual |	owner=ops-compliance; issue=PLACEHOLDER-DEBT-DOCS-LEGAL-IP-LEDGER-MD; captured_at=2026-05-10; action=burn down tracked placeholder or replace with concrete doc owner before removing registry row
TBD	docs/LEGAL-IP-LEDGER.md	1	| status.oyatie.com | status page | TBD | annual |	owner=ops-compliance; issue=PLACEHOLDER-DEBT-DOCS-LEGAL-IP-LEDGER-MD; captured_at=2026-05-10; action=burn down tracked placeholder or replace with concrete doc owner before removing registry row
TBD	docs/LEGAL-IP-LEDGER.md	1	| trust.oyatie.com | trust portal | TBD | annual |	owner=ops-compliance; issue=PLACEHOLDER-DEBT-DOCS-LEGAL-IP-LEDGER-MD; captured_at=2026-05-10; action=burn down tracked placeholder or replace with concrete doc owner before removing registry row
TBD	docs/PRD.md	1	### 4.1 First commercial-wave launch metrics (date TBD; council-set under unconstrained-time framing)	owner=council-architecture; issue=PLACEHOLDER-DEBT-DOCS-PRD-MD; captured_at=2026-05-10; action=burn down tracked placeholder or replace with concrete doc owner before removing registry row
TBD	docs/PRD.md	1	| Ad auction RPM lift from semantic ranker | TBD when ads-axis lands W5 | Placeholder. |	owner=council-architecture; issue=PLACEHOLDER-DEBT-DOCS-PRD-MD; captured_at=2026-05-10; action=burn down tracked placeholder or replace with concrete doc owner before removing registry row
TBD	docs/PRIVACY-PROGRAM.md	2	- H1, H2, H3, H17, H18, [wave name TBD per PRD §3.1]0, [wave name TBD per PRD §3.1]1 (Data Use Boundary group)	owner=council-privacy; issue=PLACEHOLDER-DEBT-DOCS-PRIVACY-PROGRAM-MD; captured_at=2026-05-10; action=burn down tracked placeholder or replace with concrete doc owner before removing registry row
TBD	docs/VENDOR-PARTNER-LEDGER.md	1	| (KEEP Rust binding) | TBD | MIT-style | allowed | Vector store per ADR-0047 | + | scale-tier replacement (Milvus gated; in-house HNSW long-horizon) |	owner=ops-compliance; issue=PLACEHOLDER-DEBT-DOCS-VENDOR-PARTNER-LEDGER-MD; captured_at=2026-05-10; action=burn down tracked placeholder or replace with concrete doc owner before removing registry row
TBD	docs/advanced-cicd/branch-pipeline/velocity-without-stability-loss.md	1	Hyperscaler default (Google, Microsoft per §branch-merge-strategy) is **trunk-based development** — one long-lived branch, short-lived feature branches, every merge gated by reviewer + green CI. DORA research identifies TBD as an elite-engineering-org capability.	owner=council-engineering; issue=PLACEHOLDER-DEBT-DOCS-ADVANCED-CICD-BRANCH-PIPELINE-VELOCITY-WITHOUT-STABILITY-LOSS-MD; captured_at=2026-05-14; action=track current TBD placeholder until the owning planning artifact or evidence replaces this row
TBD	docs/checklists/adr-promotion.md	1	> **Owner:** TBD per RACI	owner=council-architecture; issue=PLACEHOLDER-DEBT-DOCS-CHECKLISTS-ADR-PROMOTION-MD; captured_at=2026-05-10; action=burn down tracked placeholder or replace with concrete doc owner before removing registry row
TBD	docs/checklists/brand-rename-batch.md	1	> **Owner:** TBD per RACI	owner=council-architecture; issue=PLACEHOLDER-DEBT-DOCS-CHECKLISTS-BRAND-RENAME-BATCH-MD; captured_at=2026-05-10; action=burn down tracked placeholder or replace with concrete doc owner before removing registry row
TBD	docs/checklists/cross-axis-contract-change.md	1	> **Owner:** TBD per RACI	owner=council-architecture; issue=PLACEHOLDER-DEBT-DOCS-CHECKLISTS-CROSS-AXIS-CONTRACT-CHANGE-MD; captured_at=2026-05-10; action=burn down tracked placeholder or replace with concrete doc owner before removing registry row
TBD	docs/checklists/legacy-adr-deletion.md	1	35. ☐ Retain: any explicitly-listed forensic-essential legacy ADRs (TBD — none expected; will surface during regression check)	owner=council-architecture; issue=PLACEHOLDER-DEBT-DOCS-CHECKLISTS-LEGACY-ADR-DELETION-MD; captured_at=2026-05-10; action=burn down tracked placeholder or replace with concrete doc owner before removing registry row
TBD	docs/checklists/license-tier-review.md	1	> **Owner:** TBD per RACI	owner=council-architecture; issue=PLACEHOLDER-DEBT-DOCS-CHECKLISTS-LICENSE-TIER-REVIEW-MD; captured_at=2026-05-10; action=burn down tracked placeholder or replace with concrete doc owner before removing registry row
TBD	docs/checklists/new-team-onboarding.md	1	> **Owner:** TBD per RACI	owner=council-architecture; issue=PLACEHOLDER-DEBT-DOCS-CHECKLISTS-NEW-TEAM-ONBOARDING-MD; captured_at=2026-05-10; action=burn down tracked placeholder or replace with concrete doc owner before removing registry row
TBD	docs/checklists/tenant-onboarding.md	1	> **Owner:** TBD per RACI	owner=council-architecture; issue=PLACEHOLDER-DEBT-DOCS-CHECKLISTS-TENANT-ONBOARDING-MD; captured_at=2026-05-10; action=burn down tracked placeholder or replace with concrete doc owner before removing registry row
TBD	docs/checklists/trust-portal-publish.md	1	> **Owner:** TBD per RACI	owner=council-architecture; issue=PLACEHOLDER-DEBT-DOCS-CHECKLISTS-TRUST-PORTAL-PUBLISH-MD; captured_at=2026-05-10; action=burn down tracked placeholder or replace with concrete doc owner before removing registry row
TBD	docs/localization-packs/INDEX.md	2	| **European Union** | | Planned (H3) | M10, M11 | TBD | TBD |	owner=regional-packs; issue=PLACEHOLDER-DEBT-DOCS-LOCALIZATION-PACKS-INDEX-MD; captured_at=2026-05-14; action=track current TBD placeholder until the owning planning artifact or evidence replaces this row
TBD	docs/localization-packs/INDEX.md	2	| **United States** | | Planned (H3) | M09, M11 | TBD | TBD |	owner=regional-packs; issue=PLACEHOLDER-DEBT-DOCS-LOCALIZATION-PACKS-INDEX-MD; captured_at=2026-05-14; action=track current TBD placeholder until the owning planning artifact or evidence replaces this row
TBD	docs/regional-packs/_TEMPLATE.md	1	- **Per-pack maintainer:** TBD (per-pack hire)	owner=regional-packs; issue=PLACEHOLDER-DEBT-DOCS-REGIONAL-PACKS-TEMPLATE-MD; captured_at=2026-05-10; action=burn down tracked placeholder or replace with concrete doc owner before removing registry row
TBD	docs/release/branch-pipeline/velocity-without-stability-loss.md	1	Hyperscaler default (Google, Microsoft) is **trunk-based development** — one long-lived branch, short-lived feature branches, every merge gated by reviewer + green CI. DORA research identifies TBD as an elite-engineering-org capability.	owner=council-engineering; issue=PLACEHOLDER-DEBT-DOCS-RELEASE-BRANCH-PIPELINE-VELOCITY-WITHOUT-STABILITY-LOSS-MD; captured_at=2026-05-14; action=track current TBD placeholder until the owning planning artifact or evidence replaces this row
TBD	docs/research/hyperscaler-best-practices-2026-05-12.md	1	**Trunk-based development at Google and Microsoft.** Short-lived branches (hours to days), continuous integration to trunk, feature flags hide incomplete work. DORA research identifies TBD as a core capability of elite-performing engineering orgs. ([Trunk Based Development](https://trunkbaseddevelopment.com/continuous-review/); [Aviator — What is Trunk-Based Development](https://www.aviator.co/blog/trunk-based-development/))	owner=council-engineering; issue=PLACEHOLDER-DEBT-DOCS-RESEARCH-HYPERSCALER-BEST-PRACTICES-2026-05-12-MD; captured_at=2026-05-14; action=track current TBD placeholder until the owning planning artifact or evidence replaces this row
TBD	docs/runbooks/ad-auction-latency-incident.md	1	> **Owner:** TBD per RACI	owner=ops-sre-reliability; issue=PLACEHOLDER-DEBT-DOCS-RUNBOOKS-AD-AUCTION-LATENCY-INCIDENT-MD; captured_at=2026-05-10; action=burn down tracked placeholder or replace with concrete doc owner before removing registry row
TBD	docs/runbooks/adr-promotion-triage.md	1	> **Owner:** TBD per RACI	owner=ops-sre-reliability; issue=PLACEHOLDER-DEBT-DOCS-RUNBOOKS-ADR-PROMOTION-TRIAGE-MD; captured_at=2026-05-10; action=burn down tracked placeholder or replace with concrete doc owner before removing registry row
TBD	docs/runbooks/adr-supersession-graph-update.md	1	> **Owner:** TBD per RACI	owner=ops-sre-reliability; issue=PLACEHOLDER-DEBT-DOCS-RUNBOOKS-ADR-SUPERSESSION-GRAPH-UPDATE-MD; captured_at=2026-05-10; action=burn down tracked placeholder or replace with concrete doc owner before removing registry row
TBD	docs/runbooks/agent-authoring-evidence-attach.md	1	> **Owner:** TBD per RACI	owner=ops-sre-reliability; issue=PLACEHOLDER-DEBT-DOCS-RUNBOOKS-AGENT-AUTHORING-EVIDENCE-ATTACH-MD; captured_at=2026-05-10; action=burn down tracked placeholder or replace with concrete doc owner before removing registry row
TBD	docs/runbooks/alias-sunset-promotion.md	1	> **Owner:** TBD per RACI	owner=ops-sre-reliability; issue=PLACEHOLDER-DEBT-DOCS-RUNBOOKS-ALIAS-SUNSET-PROMOTION-MD; captured_at=2026-05-10; action=burn down tracked placeholder or replace with concrete doc owner before removing registry row
TBD	docs/runbooks/aml-alert-escalation.md	1	> **Owner:** TBD per RACI	owner=ops-sre-reliability; issue=PLACEHOLDER-DEBT-DOCS-RUNBOOKS-AML-ALERT-ESCALATION-MD; captured_at=2026-05-10; action=burn down tracked placeholder or replace with concrete doc owner before removing registry row
TBD	docs/runbooks/analytics-warehouse-reconciliation.md	1	> **Owner:** TBD per RACI	owner=ops-sre-reliability; issue=PLACEHOLDER-DEBT-DOCS-RUNBOOKS-ANALYTICS-WAREHOUSE-RECONCILIATION-MD; captured_at=2026-05-10; action=burn down tracked placeholder or replace with concrete doc owner before removing registry row
TBD	docs/runbooks/api-gateway-rate-limit-incident.md	1	> **Owner:** TBD per RACI	owner=ops-sre-reliability; issue=PLACEHOLDER-DEBT-DOCS-RUNBOOKS-API-GATEWAY-RATE-LIMIT-INCIDENT-MD; captured_at=2026-05-10; action=burn down tracked placeholder or replace with concrete doc owner before removing registry row
TBD	docs/runbooks/attribution-pipeline-lag.md	1	> **Owner:** TBD per RACI	owner=ops-sre-reliability; issue=PLACEHOLDER-DEBT-DOCS-RUNBOOKS-ATTRIBUTION-PIPELINE-LAG-MD; captured_at=2026-05-10; action=burn down tracked placeholder or replace with concrete doc owner before removing registry row
TBD	docs/runbooks/audit-chain-integrity-check.md	1	> **Owner:** TBD per RACI	owner=ops-sre-reliability; issue=PLACEHOLDER-DEBT-DOCS-RUNBOOKS-AUDIT-CHAIN-INTEGRITY-CHECK-MD; captured_at=2026-05-10; action=burn down tracked placeholder or replace with concrete doc owner before removing registry row
TBD	docs/runbooks/audit-chain-integrity-recovery.md	1	> **Owner:** TBD per RACI	owner=ops-sre-reliability; issue=PLACEHOLDER-DEBT-DOCS-RUNBOOKS-AUDIT-CHAIN-INTEGRITY-RECOVERY-MD; captured_at=2026-05-10; action=burn down tracked placeholder or replace with concrete doc owner before removing registry row
TBD	docs/runbooks/autonomy-ceiling-breach-response.md	1	> **Owner:** TBD per RACI	owner=ops-security; issue=PLACEHOLDER-DEBT-DOCS-RUNBOOKS-AUTONOMY-CEILING-BREACH-RESPONSE-MD; captured_at=2026-05-10; action=burn down tracked placeholder or replace with concrete doc owner before removing registry row
TBD	docs/runbooks/autonomy-tier-uplift.md	1	> **Owner:** TBD per RACI	owner=ops-sre-reliability; issue=PLACEHOLDER-DEBT-DOCS-RUNBOOKS-AUTONOMY-TIER-UPLIFT-MD; captured_at=2026-05-10; action=burn down tracked placeholder or replace with concrete doc owner before removing registry row
TBD	docs/runbooks/axis-admission-proposal.md	1	> **Owner:** TBD per RACI	owner=ops-sre-reliability; issue=PLACEHOLDER-DEBT-DOCS-RUNBOOKS-AXIS-ADMISSION-PROPOSAL-MD; captured_at=2026-05-10; action=burn down tracked placeholder or replace with concrete doc owner before removing registry row
TBD	docs/runbooks/axis-retire-consolidate.md	1	> **Owner:** TBD per RACI	owner=ops-sre-reliability; issue=PLACEHOLDER-DEBT-DOCS-RUNBOOKS-AXIS-RETIRE-CONSOLIDATE-MD; captured_at=2026-05-10; action=burn down tracked placeholder or replace with concrete doc owner before removing registry row
TBD	docs/runbooks/brand-rename-batch-execute.md	1	> **Owner:** TBD per RACI	owner=ops-sre-reliability; issue=PLACEHOLDER-DEBT-DOCS-RUNBOOKS-BRAND-RENAME-BATCH-EXECUTE-MD; captured_at=2026-05-10; action=burn down tracked placeholder or replace with concrete doc owner before removing registry row
TBD	docs/runbooks/brand-rename-rollback.md	1	> **Owner:** TBD per RACI	owner=ops-sre-reliability; issue=PLACEHOLDER-DEBT-DOCS-RUNBOOKS-BRAND-RENAME-ROLLBACK-MD; captured_at=2026-05-10; action=burn down tracked placeholder or replace with concrete doc owner before removing registry row
TBD	docs/runbooks/breach-notification-council-escalation.md	1	> **Owner:** TBD per RACI	owner=ops-security; issue=PLACEHOLDER-DEBT-DOCS-RUNBOOKS-BREACH-NOTIFICATION-COUNCIL-ESCALATION-MD; captured_at=2026-05-10; action=burn down tracked placeholder or replace with concrete doc owner before removing registry row
TBD	docs/runbooks/breach-notification.md	1	> **Owner:** TBD per RACI	owner=ops-security; issue=PLACEHOLDER-DEBT-DOCS-RUNBOOKS-BREACH-NOTIFICATION-MD; captured_at=2026-05-10; action=burn down tracked placeholder or replace with concrete doc owner before removing registry row
TBD	docs/runbooks/break-glass-with-evidence.md	1	> **Owner:** TBD per RACI	owner=ops-sre-reliability; issue=PLACEHOLDER-DEBT-DOCS-RUNBOOKS-BREAK-GLASS-WITH-EVIDENCE-MD; captured_at=2026-05-10; action=burn down tracked placeholder or replace with concrete doc owner before removing registry row
TBD	docs/runbooks/capability-rollback.md	1	> **Owner:** TBD per RACI	owner=ops-sre-reliability; issue=PLACEHOLDER-DEBT-DOCS-RUNBOOKS-CAPABILITY-ROLLBACK-MD; captured_at=2026-05-10; action=burn down tracked placeholder or replace with concrete doc owner before removing registry row
TBD	docs/runbooks/capacity-scaling-emergency.md	1	> **Owner:** TBD per RACI	owner=ops-sre-reliability; issue=PLACEHOLDER-DEBT-DOCS-RUNBOOKS-CAPACITY-SCALING-EMERGENCY-MD; captured_at=2026-05-10; action=burn down tracked placeholder or replace with concrete doc owner before removing registry row
TBD	docs/runbooks/cedar-policy-breach.md	1	> **Owner:** TBD per RACI	owner=ops-security; issue=PLACEHOLDER-DEBT-DOCS-RUNBOOKS-CEDAR-POLICY-BREACH-MD; captured_at=2026-05-10; action=burn down tracked placeholder or replace with concrete doc owner before removing registry row
TBD	docs/runbooks/cedar-policy-rollback.md	1	> **Owner:** TBD per RACI	owner=ops-sre-reliability; issue=PLACEHOLDER-DEBT-DOCS-RUNBOOKS-CEDAR-POLICY-ROLLBACK-MD; captured_at=2026-05-10; action=burn down tracked placeholder or replace with concrete doc owner before removing registry row
TBD	docs/runbooks/cell-failover-intra-region.md	1	> **Owner:** TBD per RACI	owner=ops-sre-reliability; issue=PLACEHOLDER-DEBT-DOCS-RUNBOOKS-CELL-FAILOVER-INTRA-REGION-MD; captured_at=2026-05-10; action=burn down tracked placeholder or replace with concrete doc owner before removing registry row
TBD	docs/runbooks/cell-isolation-breach.md	1	> **Owner:** TBD per RACI	owner=ops-security; issue=PLACEHOLDER-DEBT-DOCS-RUNBOOKS-CELL-ISOLATION-BREACH-MD; captured_at=2026-05-10; action=burn down tracked placeholder or replace with concrete doc owner before removing registry row
TBD	docs/runbooks/cell-isolation-evidence-quarterly.md	1	> **Owner:** TBD per RACI	owner=ops-sre-reliability; issue=PLACEHOLDER-DEBT-DOCS-RUNBOOKS-CELL-ISOLATION-EVIDENCE-QUARTERLY-MD; captured_at=2026-05-10; action=burn down tracked placeholder or replace with concrete doc owner before removing registry row
TBD	docs/runbooks/cell-provision.md	1	> **Owner:** TBD per RACI	owner=ops-sre-reliability; issue=PLACEHOLDER-DEBT-DOCS-RUNBOOKS-CELL-PROVISION-MD; captured_at=2026-05-10; action=burn down tracked placeholder or replace with concrete doc owner before removing registry row
TBD	docs/runbooks/cell-tier-promotion.md	1	> **Owner:** TBD per RACI	owner=ops-sre-reliability; issue=PLACEHOLDER-DEBT-DOCS-RUNBOOKS-CELL-TIER-PROMOTION-MD; captured_at=2026-05-10; action=burn down tracked placeholder or replace with concrete doc owner before removing registry row
TBD	docs/runbooks/claim-ceiling-bypass-expiry.md	1	> **Owner:** TBD per RACI	owner=ops-sre-reliability; issue=PLACEHOLDER-DEBT-DOCS-RUNBOOKS-CLAIM-CEILING-BYPASS-EXPIRY-MD; captured_at=2026-05-10; action=burn down tracked placeholder or replace with concrete doc owner before removing registry row
TBD	docs/runbooks/clinical-audit-replay.md	1	> **Owner:** TBD per RACI	owner=ops-sre-reliability; issue=PLACEHOLDER-DEBT-DOCS-RUNBOOKS-CLINICAL-AUDIT-REPLAY-MD; captured_at=2026-05-10; action=burn down tracked placeholder or replace with concrete doc owner before removing registry row
TBD	docs/runbooks/cold-chain-breach-alert.md	1	> **Owner:** TBD per RACI	owner=ops-security; issue=PLACEHOLDER-DEBT-DOCS-RUNBOOKS-COLD-CHAIN-BREACH-ALERT-MD; captured_at=2026-05-10; action=burn down tracked placeholder or replace with concrete doc owner before removing registry row
TBD	docs/runbooks/consent-withdrawal-cascade.md	1	> **Owner:** TBD per RACI	owner=council-privacy; issue=PLACEHOLDER-DEBT-DOCS-RUNBOOKS-CONSENT-WITHDRAWAL-CASCADE-MD; captured_at=2026-05-10; action=burn down tracked placeholder or replace with concrete doc owner before removing registry row
TBD	docs/runbooks/contract-breaking-change.md	1	> **Owner:** TBD per RACI	owner=ops-sre-reliability; issue=PLACEHOLDER-DEBT-DOCS-RUNBOOKS-CONTRACT-BREAKING-CHANGE-MD; captured_at=2026-05-10; action=burn down tracked placeholder or replace with concrete doc owner before removing registry row
TBD	docs/runbooks/contract-introduction.md	1	> **Owner:** TBD per RACI	owner=ops-sre-reliability; issue=PLACEHOLDER-DEBT-DOCS-RUNBOOKS-CONTRACT-INTRODUCTION-MD; captured_at=2026-05-10; action=burn down tracked placeholder or replace with concrete doc owner before removing registry row
TBD	docs/runbooks/cost-anomaly-response.md	1	> **Owner:** TBD per RACI	owner=ops-finops; issue=PLACEHOLDER-DEBT-DOCS-RUNBOOKS-COST-ANOMALY-RESPONSE-MD; captured_at=2026-05-10; action=burn down tracked placeholder or replace with concrete doc owner before removing registry row
TBD	docs/runbooks/crawler-politeness-incident.md	1	> **Owner:** TBD per RACI	owner=ops-sre-reliability; issue=PLACEHOLDER-DEBT-DOCS-RUNBOOKS-CRAWLER-POLITENESS-INCIDENT-MD; captured_at=2026-05-10; action=burn down tracked placeholder or replace with concrete doc owner before removing registry row
TBD	docs/runbooks/cross-axis-contradiction-audit.md	1	> **Owner:** TBD per RACI	owner=ops-sre-reliability; issue=PLACEHOLDER-DEBT-DOCS-RUNBOOKS-CROSS-AXIS-CONTRADICTION-AUDIT-MD; captured_at=2026-05-10; action=burn down tracked placeholder or replace with concrete doc owner before removing registry row
TBD	docs/runbooks/cross-doc-impact-analysis.md	1	> **Owner:** TBD per RACI	owner=ops-sre-reliability; issue=PLACEHOLDER-DEBT-DOCS-RUNBOOKS-CROSS-DOC-IMPACT-ANALYSIS-MD; captured_at=2026-05-10; action=burn down tracked placeholder or replace with concrete doc owner before removing registry row
TBD	docs/runbooks/cross-pack-tenant-residency.md	1	> **Owner:** TBD per RACI	owner=ops-sre-reliability; issue=PLACEHOLDER-DEBT-DOCS-RUNBOOKS-CROSS-PACK-TENANT-RESIDENCY-MD; captured_at=2026-05-10; action=burn down tracked placeholder or replace with concrete doc owner before removing registry row
TBD	docs/runbooks/cross-plane-call-introduction.md	1	> **Owner:** TBD per RACI	owner=ops-sre-reliability; issue=PLACEHOLDER-DEBT-DOCS-RUNBOOKS-CROSS-PLANE-CALL-INTRODUCTION-MD; captured_at=2026-05-10; action=burn down tracked placeholder or replace with concrete doc owner before removing registry row
TBD	docs/runbooks/cve-critical-patch.md	1	> **Owner:** TBD per RACI	owner=ops-security; issue=PLACEHOLDER-DEBT-DOCS-RUNBOOKS-CVE-CRITICAL-PATCH-MD; captured_at=2026-05-10; action=burn down tracked placeholder or replace with concrete doc owner before removing registry row
TBD	docs/runbooks/data-class-transition-approval.md	1	> **Owner:** TBD per RACI	owner=ops-sre-reliability; issue=PLACEHOLDER-DEBT-DOCS-RUNBOOKS-DATA-CLASS-TRANSITION-APPROVAL-MD; captured_at=2026-05-10; action=burn down tracked placeholder or replace with concrete doc owner before removing registry row
TBD	docs/runbooks/demo-environment-reset.md	1	> **Owner:** TBD per RACI	owner=ops-sre-reliability; issue=PLACEHOLDER-DEBT-DOCS-RUNBOOKS-DEMO-ENVIRONMENT-RESET-MD; captured_at=2026-05-10; action=burn down tracked placeholder or replace with concrete doc owner before removing registry row
TBD	docs/runbooks/dep-replacement-execution.md	1	> **Owner:** TBD per RACI	owner=ops-sre-reliability; issue=PLACEHOLDER-DEBT-DOCS-RUNBOOKS-DEP-REPLACEMENT-EXECUTION-MD; captured_at=2026-05-10; action=burn down tracked placeholder or replace with concrete doc owner before removing registry row
TBD	docs/runbooks/design-partner-feedback-session.md	1	> **Owner:** TBD per RACI	owner=ops-sre-reliability; issue=PLACEHOLDER-DEBT-DOCS-RUNBOOKS-DESIGN-PARTNER-FEEDBACK-SESSION-MD; captured_at=2026-05-10; action=burn down tracked placeholder or replace with concrete doc owner before removing registry row
TBD	docs/runbooks/design-partner-onboarding.md	1	> **Owner:** TBD per RACI	owner=ops-sre-reliability; issue=PLACEHOLDER-DEBT-DOCS-RUNBOOKS-DESIGN-PARTNER-ONBOARDING-MD; captured_at=2026-05-10; action=burn down tracked placeholder or replace with concrete doc owner before removing registry row
TBD	docs/runbooks/doc-update-pr.md	1	> **Owner:** TBD per RACI	owner=ops-sre-reliability; issue=PLACEHOLDER-DEBT-DOCS-RUNBOOKS-DOC-UPDATE-PR-MD; captured_at=2026-05-10; action=burn down tracked placeholder or replace with concrete doc owner before removing registry row
TBD	docs/runbooks/dr-drill-playbook.md	1	> **Owner:** TBD per RACI	owner=ops-sre-reliability; issue=PLACEHOLDER-DEBT-DOCS-RUNBOOKS-DR-DRILL-PLAYBOOK-MD; captured_at=2026-05-10; action=burn down tracked placeholder or replace with concrete doc owner before removing registry row
TBD	docs/runbooks/dsr-cascade-orchestration.md	1	> **Owner:** TBD per RACI	owner=council-privacy; issue=PLACEHOLDER-DEBT-DOCS-RUNBOOKS-DSR-CASCADE-ORCHESTRATION-MD; captured_at=2026-05-10; action=burn down tracked placeholder or replace with concrete doc owner before removing registry row
TBD	docs/runbooks/dsr-cascade-proof-of-erasure.md	1	> **Owner:** TBD per RACI	owner=council-privacy; issue=PLACEHOLDER-DEBT-DOCS-RUNBOOKS-DSR-CASCADE-PROOF-OF-ERASURE-MD; captured_at=2026-05-10; action=burn down tracked placeholder or replace with concrete doc owner before removing registry row
TBD	docs/runbooks/dsr-cascade-with-evidence.md	1	> **Owner:** TBD per RACI	owner=council-privacy; issue=PLACEHOLDER-DEBT-DOCS-RUNBOOKS-DSR-CASCADE-WITH-EVIDENCE-MD; captured_at=2026-05-10; action=burn down tracked placeholder or replace with concrete doc owner before removing registry row
TBD	docs/runbooks/dsr-compliance-report.md	1	> **Owner:** TBD per RACI	owner=council-privacy; issue=PLACEHOLDER-DEBT-DOCS-RUNBOOKS-DSR-COMPLIANCE-REPORT-MD; captured_at=2026-05-10; action=burn down tracked placeholder or replace with concrete doc owner before removing registry row
TBD	docs/runbooks/employee-dsr-cascade.md	1	> **Owner:** TBD per RACI	owner=council-privacy; issue=PLACEHOLDER-DEBT-DOCS-RUNBOOKS-EMPLOYEE-DSR-CASCADE-MD; captured_at=2026-05-10; action=burn down tracked placeholder or replace with concrete doc owner before removing registry row
TBD	docs/runbooks/error-budget-exhaustion.md	1	> **Owner:** TBD per RACI	owner=ops-sre-reliability; issue=PLACEHOLDER-DEBT-DOCS-RUNBOOKS-ERROR-BUDGET-EXHAUSTION-MD; captured_at=2026-05-10; action=burn down tracked placeholder or replace with concrete doc owner before removing registry row
TBD	docs/runbooks/esign-failure.md	1	> **Owner:** TBD per RACI	owner=ops-sre-reliability; issue=PLACEHOLDER-DEBT-DOCS-RUNBOOKS-ESIGN-FAILURE-MD; captured_at=2026-05-10; action=burn down tracked placeholder or replace with concrete doc owner before removing registry row
TBD	docs/runbooks/evidence-pack-generation.md	1	> **Owner:** TBD per RACI	owner=ops-sre-reliability; issue=PLACEHOLDER-DEBT-DOCS-RUNBOOKS-EVIDENCE-PACK-GENERATION-MD; captured_at=2026-05-10; action=burn down tracked placeholder or replace with concrete doc owner before removing registry row
TBD	docs/runbooks/external-dep-onboarding.md	1	> **Owner:** TBD per RACI	owner=ops-sre-reliability; issue=PLACEHOLDER-DEBT-DOCS-RUNBOOKS-EXTERNAL-DEP-ONBOARDING-MD; captured_at=2026-05-10; action=burn down tracked placeholder or replace with concrete doc owner before removing registry row
TBD	docs/runbooks/fhir-resource-dsr.md	1	> **Owner:** TBD per RACI	owner=council-privacy; issue=PLACEHOLDER-DEBT-DOCS-RUNBOOKS-FHIR-RESOURCE-DSR-MD; captured_at=2026-05-10; action=burn down tracked placeholder or replace with concrete doc owner before removing registry row
TBD	docs/runbooks/finops-monthly-close.md	1	> **Owner:** TBD per RACI	owner=ops-finops; issue=PLACEHOLDER-DEBT-DOCS-RUNBOOKS-FINOPS-MONTHLY-CLOSE-MD; captured_at=2026-05-10; action=burn down tracked placeholder or replace with concrete doc owner before removing registry row
TBD	docs/runbooks/fintech-payment-failure.md	1	> **Owner:** TBD per RACI	owner=ops-sre-reliability; issue=PLACEHOLDER-DEBT-DOCS-RUNBOOKS-FINTECH-PAYMENT-FAILURE-MD; captured_at=2026-05-10; action=burn down tracked placeholder or replace with concrete doc owner before removing registry row
TBD	docs/runbooks/forbidden-license-rollback.md	1	> **Owner:** TBD per RACI	owner=ops-security; issue=PLACEHOLDER-DEBT-DOCS-RUNBOOKS-FORBIDDEN-LICENSE-ROLLBACK-MD; captured_at=2026-05-10; action=burn down tracked placeholder or replace with concrete doc owner before removing registry row
TBD	docs/runbooks/foundry-agent-daemon.md	1	> **Owner:** TBD per RACI	owner=ops-sre-reliability; issue=PLACEHOLDER-DEBT-DOCS-RUNBOOKS-FOUNDRY-AGENT-DAEMON-MD; captured_at=2026-05-10; action=burn down tracked placeholder or replace with concrete doc owner before removing registry row
TBD	docs/runbooks/foundry-autonomy-policy-rollback.md	1	> **Owner:** TBD per RACI	owner=ops-sre-reliability; issue=PLACEHOLDER-DEBT-DOCS-RUNBOOKS-FOUNDRY-AUTONOMY-POLICY-ROLLBACK-MD; captured_at=2026-05-10; action=burn down tracked placeholder or replace with concrete doc owner before removing registry row
TBD	docs/runbooks/foundry-bypass-expiry-monitor.md	1	> **Owner:** TBD per RACI	owner=ops-sre-reliability; issue=PLACEHOLDER-DEBT-DOCS-RUNBOOKS-FOUNDRY-BYPASS-EXPIRY-MONITOR-MD; captured_at=2026-05-10; action=burn down tracked placeholder or replace with concrete doc owner before removing registry row
TBD	docs/runbooks/foundry-capability-publish.md	1	> **Owner:** TBD per RACI	owner=ops-sre-reliability; issue=PLACEHOLDER-DEBT-DOCS-RUNBOOKS-FOUNDRY-CAPABILITY-PUBLISH-MD; captured_at=2026-05-10; action=burn down tracked placeholder or replace with concrete doc owner before removing registry row
TBD	docs/runbooks/foundry-fitness-rollback.md	1	> **Owner:** TBD per RACI	owner=ops-sre-reliability; issue=PLACEHOLDER-DEBT-DOCS-RUNBOOKS-FOUNDRY-FITNESS-ROLLBACK-MD; captured_at=2026-05-10; action=burn down tracked placeholder or replace with concrete doc owner before removing registry row
TBD	docs/runbooks/foundry-mcp-gateway-incident.md	1	> **Owner:** TBD per RACI	owner=ops-sre-reliability; issue=PLACEHOLDER-DEBT-DOCS-RUNBOOKS-FOUNDRY-MCP-GATEWAY-INCIDENT-MD; captured_at=2026-05-10; action=burn down tracked placeholder or replace with concrete doc owner before removing registry row
TBD	docs/runbooks/foundry-model-cutover.md	1	> **Owner:** TBD per RACI	owner=ops-sre-reliability; issue=PLACEHOLDER-DEBT-DOCS-RUNBOOKS-FOUNDRY-MODEL-CUTOVER-MD; captured_at=2026-05-10; action=burn down tracked placeholder or replace with concrete doc owner before removing registry row
TBD	docs/runbooks/foundry-model-lora-adapter-rollback.md	1	> **Owner:** TBD per RACI	owner=ops-sre-reliability; issue=PLACEHOLDER-DEBT-DOCS-RUNBOOKS-FOUNDRY-MODEL-LORA-ADAPTER-ROLLBACK-MD; captured_at=2026-05-10; action=burn down tracked placeholder or replace with concrete doc owner before removing registry row
TBD	docs/runbooks/foundry-model-training-incident.md	1	> **Owner:** TBD per RACI	owner=ops-sre-reliability; issue=PLACEHOLDER-DEBT-DOCS-RUNBOOKS-FOUNDRY-MODEL-TRAINING-INCIDENT-MD; captured_at=2026-05-10; action=burn down tracked placeholder or replace with concrete doc owner before removing registry row
TBD	docs/runbooks/foundry-platform-incident.md	1	> **Owner:** TBD per RACI	owner=ops-sre-reliability; issue=PLACEHOLDER-DEBT-DOCS-RUNBOOKS-FOUNDRY-PLATFORM-INCIDENT-MD; captured_at=2026-05-10; action=burn down tracked placeholder or replace with concrete doc owner before removing registry row
TBD	docs/runbooks/foundry-robotics-anti-scope-review.md	1	> **Owner:** TBD per RACI	owner=ops-sre-reliability; issue=PLACEHOLDER-DEBT-DOCS-RUNBOOKS-FOUNDRY-ROBOTICS-ANTI-SCOPE-REVIEW-MD; captured_at=2026-05-10; action=burn down tracked placeholder or replace with concrete doc owner before removing registry row
TBD	docs/runbooks/foundry-robotics-safe-stop.md	1	> **Owner:** TBD per RACI	owner=ops-sre-reliability; issue=PLACEHOLDER-DEBT-DOCS-RUNBOOKS-FOUNDRY-ROBOTICS-SAFE-STOP-MD; captured_at=2026-05-10; action=burn down tracked placeholder or replace with concrete doc owner before removing registry row
TBD	docs/runbooks/foundry-sandbox-escape.md	1	> **Owner:** TBD per RACI	owner=ops-sre-reliability; issue=PLACEHOLDER-DEBT-DOCS-RUNBOOKS-FOUNDRY-SANDBOX-ESCAPE-MD; captured_at=2026-05-10; action=burn down tracked placeholder or replace with concrete doc owner before removing registry row
TBD	docs/runbooks/foundry-sandbox-warm-pool.md	1	> **Owner:** TBD per RACI	owner=ops-sre-reliability; issue=PLACEHOLDER-DEBT-DOCS-RUNBOOKS-FOUNDRY-SANDBOX-WARM-POOL-MD; captured_at=2026-05-10; action=burn down tracked placeholder or replace with concrete doc owner before removing registry row
TBD	docs/runbooks/foundry-vision-lawful-basis-incident.md	1	> **Owner:** TBD per RACI	owner=ops-sre-reliability; issue=PLACEHOLDER-DEBT-DOCS-RUNBOOKS-FOUNDRY-VISION-LAWFUL-BASIS-INCIDENT-MD; captured_at=2026-05-10; action=burn down tracked placeholder or replace with concrete doc owner before removing registry row
TBD	docs/runbooks/gl-reconciliation.md	1	> **Owner:** TBD per RACI	owner=ops-sre-reliability; issue=PLACEHOLDER-DEBT-DOCS-RUNBOOKS-GL-RECONCILIATION-MD; captured_at=2026-05-10; action=burn down tracked placeholder or replace with concrete doc owner before removing registry row
TBD	docs/runbooks/glossary-amendment-pr.md	1	> **Owner:** TBD per RACI	owner=ops-sre-reliability; issue=PLACEHOLDER-DEBT-DOCS-RUNBOOKS-GLOSSARY-AMENDMENT-PR-MD; captured_at=2026-05-10; action=burn down tracked placeholder or replace with concrete doc owner before removing registry row
TBD	docs/runbooks/healthcare-break-glass.md	1	> **Owner:** TBD per RACI	owner=ops-sre-reliability; issue=PLACEHOLDER-DEBT-DOCS-RUNBOOKS-HEALTHCARE-BREAK-GLASS-MD; captured_at=2026-05-10; action=burn down tracked placeholder or replace with concrete doc owner before removing registry row
TBD	docs/runbooks/iam-key-rotation.md	1	> **Owner:** TBD per RACI	owner=ops-sre-reliability; issue=PLACEHOLDER-DEBT-DOCS-RUNBOOKS-IAM-KEY-ROTATION-MD; captured_at=2026-05-10; action=burn down tracked placeholder or replace with concrete doc owner before removing registry row
TBD	docs/runbooks/identity-provider-federation.md	1	> **Owner:** TBD per RACI	owner=ops-sre-reliability; issue=PLACEHOLDER-DEBT-DOCS-RUNBOOKS-IDENTITY-PROVIDER-FEDERATION-MD; captured_at=2026-05-10; action=burn down tracked placeholder or replace with concrete doc owner before removing registry row
TBD	docs/runbooks/in-house-replacement-trigger.md	1	> **Owner:** TBD per RACI	owner=ops-sre-reliability; issue=PLACEHOLDER-DEBT-DOCS-RUNBOOKS-IN-HOUSE-REPLACEMENT-TRIGGER-MD; captured_at=2026-05-10; action=burn down tracked placeholder or replace with concrete doc owner before removing registry row
TBD	docs/runbooks/industrial-ot-write-emergency-stop.md	1	> **Owner:** TBD per RACI	owner=ops-sre-reliability; issue=PLACEHOLDER-DEBT-DOCS-RUNBOOKS-INDUSTRIAL-OT-WRITE-EMERGENCY-STOP-MD; captured_at=2026-05-10; action=burn down tracked placeholder or replace with concrete doc owner before removing registry row
TBD	docs/runbooks/kafka-topic-provisioning.md	1	> **Owner:** TBD per RACI	owner=ops-sre-reliability; issue=PLACEHOLDER-DEBT-DOCS-RUNBOOKS-KAFKA-TOPIC-PROVISIONING-MD; captured_at=2026-05-10; action=burn down tracked placeholder or replace with concrete doc owner before removing registry row
TBD	docs/runbooks/kcmvp-hsm-incident.md	1	> **Owner:** TBD per RACI	owner=ops-sre-reliability; issue=PLACEHOLDER-DEBT-DOCS-RUNBOOKS-KCMVP-HSM-INCIDENT-MD; captured_at=2026-05-10; action=burn down tracked placeholder or replace with concrete doc owner before removing registry row
TBD	docs/runbooks/kyc-review-queue.md	1	> **Owner:** TBD per RACI	owner=ops-sre-reliability; issue=PLACEHOLDER-DEBT-DOCS-RUNBOOKS-KYC-REVIEW-QUEUE-MD; captured_at=2026-05-10; action=burn down tracked placeholder or replace with concrete doc owner before removing registry row
TBD	docs/runbooks/legal-corpus-update.md	1	> **Owner:** TBD per RACI	owner=ops-sre-reliability; issue=PLACEHOLDER-DEBT-DOCS-RUNBOOKS-LEGAL-CORPUS-UPDATE-MD; captured_at=2026-05-10; action=burn down tracked placeholder or replace with concrete doc owner before removing registry row
TBD	docs/runbooks/license-tier-3-review.md	1	> **Owner:** TBD per RACI	owner=ops-security; issue=PLACEHOLDER-DEBT-DOCS-RUNBOOKS-LICENSE-TIER-3-REVIEW-MD; captured_at=2026-05-10; action=burn down tracked placeholder or replace with concrete doc owner before removing registry row
TBD	docs/runbooks/logistics-edi-failure.md	1	> **Owner:** TBD per RACI	owner=ops-sre-reliability; issue=PLACEHOLDER-DEBT-DOCS-RUNBOOKS-LOGISTICS-EDI-FAILURE-MD; captured_at=2026-05-10; action=burn down tracked placeholder or replace with concrete doc owner before removing registry row
TBD	docs/runbooks/machine-readable-mirror-regenerate.md	1	> **Owner:** TBD per RACI	owner=ops-sre-reliability; issue=PLACEHOLDER-DEBT-DOCS-RUNBOOKS-MACHINE-READABLE-MIRROR-REGENERATE-MD; captured_at=2026-05-10; action=burn down tracked placeholder or replace with concrete doc owner before removing registry row
TBD	docs/runbooks/marketplace-listing-takedown.md	1	> **Owner:** TBD per RACI	owner=ops-sre-reliability; issue=PLACEHOLDER-DEBT-DOCS-RUNBOOKS-MARKETPLACE-LISTING-TAKEDOWN-MD; captured_at=2026-05-10; action=burn down tracked placeholder or replace with concrete doc owner before removing registry row
TBD	docs/runbooks/og-ciphertext-key-shred.md	1	> **Owner:** TBD per RACI	owner=ops-sre-reliability; issue=PLACEHOLDER-DEBT-DOCS-RUNBOOKS-OG-CIPHERTEXT-KEY-SHRED-MD; captured_at=2026-05-10; action=burn down tracked placeholder or replace with concrete doc owner before removing registry row
TBD	docs/runbooks/og-property-tier-migration.md	1	> **Owner:** TBD per RACI	owner=ops-sre-reliability; issue=PLACEHOLDER-DEBT-DOCS-RUNBOOKS-OG-PROPERTY-TIER-MIGRATION-MD; captured_at=2026-05-10; action=burn down tracked placeholder or replace with concrete doc owner before removing registry row
TBD	docs/runbooks/og-rls-policy-regenerate.md	1	> **Owner:** TBD per RACI	owner=ops-sre-reliability; issue=PLACEHOLDER-DEBT-DOCS-RUNBOOKS-OG-RLS-POLICY-REGENERATE-MD; captured_at=2026-05-10; action=burn down tracked placeholder or replace with concrete doc owner before removing registry row
TBD	docs/runbooks/og-schema-rollback.md	1	> **Owner:** TBD per RACI	owner=ops-sre-reliability; issue=PLACEHOLDER-DEBT-DOCS-RUNBOOKS-OG-SCHEMA-ROLLBACK-MD; captured_at=2026-05-10; action=burn down tracked placeholder or replace with concrete doc owner before removing registry row
TBD	docs/runbooks/on-call-handover.md	1	> **Owner:** TBD per RACI	owner=ops-sre-reliability; issue=PLACEHOLDER-DEBT-DOCS-RUNBOOKS-ON-CALL-HANDOVER-MD; captured_at=2026-05-10; action=burn down tracked placeholder or replace with concrete doc owner before removing registry row
TBD	docs/runbooks/opcua-adapter-disconnect.md	1	> **Owner:** TBD per RACI	owner=ops-sre-reliability; issue=PLACEHOLDER-DEBT-DOCS-RUNBOOKS-OPCUA-ADAPTER-DISCONNECT-MD; captured_at=2026-05-10; action=burn down tracked placeholder or replace with concrete doc owner before removing registry row
TBD	docs/runbooks/outbox-poller-recovery.md	1	> **Owner:** TBD per RACI	owner=ops-sre-reliability; issue=PLACEHOLDER-DEBT-DOCS-RUNBOOKS-OUTBOX-POLLER-RECOVERY-MD; captured_at=2026-05-10; action=burn down tracked placeholder or replace with concrete doc owner before removing registry row
TBD	docs/runbooks/outbox-relay-lag.md	1	> **Owner:** TBD per RACI	owner=ops-sre-reliability; issue=PLACEHOLDER-DEBT-DOCS-RUNBOOKS-OUTBOX-RELAY-LAG-MD; captured_at=2026-05-10; action=burn down tracked placeholder or replace with concrete doc owner before removing registry row
TBD	docs/runbooks/pack-onboarding.md	1	> **Owner:** TBD per RACI	owner=ops-sre-reliability; issue=PLACEHOLDER-DEBT-DOCS-RUNBOOKS-PACK-ONBOARDING-MD; captured_at=2026-05-10; action=burn down tracked placeholder or replace with concrete doc owner before removing registry row
TBD	docs/runbooks/pack-version-upgrade.md	1	> **Owner:** TBD per RACI	owner=ops-sre-reliability; issue=PLACEHOLDER-DEBT-DOCS-RUNBOOKS-PACK-VERSION-UPGRADE-MD; captured_at=2026-05-10; action=burn down tracked placeholder or replace with concrete doc owner before removing registry row
TBD	docs/runbooks/partner-contract-renewal.md	1	> **Owner:** TBD per RACI	owner=ops-sre-reliability; issue=PLACEHOLDER-DEBT-DOCS-RUNBOOKS-PARTNER-CONTRACT-RENEWAL-MD; captured_at=2026-05-10; action=burn down tracked placeholder or replace with concrete doc owner before removing registry row
TBD	docs/runbooks/payroll-run-failure.md	1	> **Owner:** TBD per RACI	owner=ops-sre-reliability; issue=PLACEHOLDER-DEBT-DOCS-RUNBOOKS-PAYROLL-RUN-FAILURE-MD; captured_at=2026-05-10; action=burn down tracked placeholder or replace with concrete doc owner before removing registry row
TBD	docs/runbooks/per-cell-broker-failover.md	1	> **Owner:** TBD per RACI	owner=ops-sre-reliability; issue=PLACEHOLDER-DEBT-DOCS-RUNBOOKS-PER-CELL-BROKER-FAILOVER-MD; captured_at=2026-05-10; action=burn down tracked placeholder or replace with concrete doc owner before removing registry row
TBD	docs/runbooks/per-cell-hsm-rotation.md	1	> **Owner:** TBD per RACI	owner=ops-sre-reliability; issue=PLACEHOLDER-DEBT-DOCS-RUNBOOKS-PER-CELL-HSM-ROTATION-MD; captured_at=2026-05-10; action=burn down tracked placeholder or replace with concrete doc owner before removing registry row
TBD	docs/runbooks/plane-class-correction.md	1	> **Owner:** TBD per RACI	owner=ops-sre-reliability; issue=PLACEHOLDER-DEBT-DOCS-RUNBOOKS-PLANE-CLASS-CORRECTION-MD; captured_at=2026-05-10; action=burn down tracked placeholder or replace with concrete doc owner before removing registry row
TBD	docs/runbooks/plugin-sandbox-escape.md	1	> **Owner:** TBD per RACI	owner=ops-sre-reliability; issue=PLACEHOLDER-DEBT-DOCS-RUNBOOKS-PLUGIN-SANDBOX-ESCAPE-MD; captured_at=2026-05-10; action=burn down tracked placeholder or replace with concrete doc owner before removing registry row
TBD	docs/runbooks/preview-to-stable-promotion.md	1	> **Owner:** TBD per RACI	owner=ops-sre-reliability; issue=PLACEHOLDER-DEBT-DOCS-RUNBOOKS-PREVIEW-TO-STABLE-PROMOTION-MD; captured_at=2026-05-10; action=burn down tracked placeholder or replace with concrete doc owner before removing registry row
TBD	docs/runbooks/privacy-council-data-class-review.md	1	> **Owner:** TBD per RACI	owner=council-privacy; issue=PLACEHOLDER-DEBT-DOCS-RUNBOOKS-PRIVACY-COUNCIL-DATA-CLASS-REVIEW-MD; captured_at=2026-05-10; action=burn down tracked placeholder or replace with concrete doc owner before removing registry row
TBD	docs/runbooks/region-failover.md	1	> **Owner:** TBD per RACI	owner=ops-sre-reliability; issue=PLACEHOLDER-DEBT-DOCS-RUNBOOKS-REGION-FAILOVER-MD; captured_at=2026-05-10; action=burn down tracked placeholder or replace with concrete doc owner before removing registry row
TBD	docs/runbooks/regulator-evidence-pack-regen.md	1	> **Owner:** TBD per RACI	owner=ops-sre-reliability; issue=PLACEHOLDER-DEBT-DOCS-RUNBOOKS-REGULATOR-EVIDENCE-PACK-REGEN-MD; captured_at=2026-05-10; action=burn down tracked placeholder or replace with concrete doc owner before removing registry row
TBD	docs/runbooks/regulator-publication-feed-health.md	1	> **Owner:** TBD per RACI	owner=ops-sre-reliability; issue=PLACEHOLDER-DEBT-DOCS-RUNBOOKS-REGULATOR-PUBLICATION-FEED-HEALTH-MD; captured_at=2026-05-10; action=burn down tracked placeholder or replace with concrete doc owner before removing registry row
TBD	docs/runbooks/regulatory-change-response.md	1	> **Owner:** TBD per RACI	owner=ops-sre-reliability; issue=PLACEHOLDER-DEBT-DOCS-RUNBOOKS-REGULATORY-CHANGE-RESPONSE-MD; captured_at=2026-05-10; action=burn down tracked placeholder or replace with concrete doc owner before removing registry row
TBD	docs/runbooks/regulatory-relationship-escalation.md	1	> **Owner:** TBD per RACI	owner=ops-sre-reliability; issue=PLACEHOLDER-DEBT-DOCS-RUNBOOKS-REGULATORY-RELATIONSHIP-ESCALATION-MD; captured_at=2026-05-10; action=burn down tracked placeholder or replace with concrete doc owner before removing registry row
TBD	docs/runbooks/regulatory-replay.md	1	> **Owner:** TBD per RACI	owner=ops-sre-reliability; issue=PLACEHOLDER-DEBT-DOCS-RUNBOOKS-REGULATORY-REPLAY-MD; captured_at=2026-05-10; action=burn down tracked placeholder or replace with concrete doc owner before removing registry row
TBD	docs/runbooks/release-rollback.md	1	> **Owner:** TBD per RACI	owner=ops-sre-reliability; issue=PLACEHOLDER-DEBT-DOCS-RUNBOOKS-RELEASE-ROLLBACK-MD; captured_at=2026-05-10; action=burn down tracked placeholder or replace with concrete doc owner before removing registry row
TBD	docs/runbooks/sbom-regenerate.md	1	> **Owner:** TBD per RACI	owner=ops-sre-reliability; issue=PLACEHOLDER-DEBT-DOCS-RUNBOOKS-SBOM-REGENERATE-MD; captured_at=2026-05-10; action=burn down tracked placeholder or replace with concrete doc owner before removing registry row
TBD	docs/runbooks/sdk-regen-failure.md	1	> **Owner:** TBD per RACI	owner=ops-sre-reliability; issue=PLACEHOLDER-DEBT-DOCS-RUNBOOKS-SDK-REGEN-FAILURE-MD; captured_at=2026-05-10; action=burn down tracked placeholder or replace with concrete doc owner before removing registry row
TBD	docs/runbooks/sdk-release.md	1	> **Owner:** TBD per RACI	owner=ops-sre-reliability; issue=PLACEHOLDER-DEBT-DOCS-RUNBOOKS-SDK-RELEASE-MD; captured_at=2026-05-10; action=burn down tracked placeholder or replace with concrete doc owner before removing registry row
TBD	docs/runbooks/search-index-dsr-cascade.md	1	> **Owner:** TBD per RACI	owner=council-privacy; issue=PLACEHOLDER-DEBT-DOCS-RUNBOOKS-SEARCH-INDEX-DSR-CASCADE-MD; captured_at=2026-05-10; action=burn down tracked placeholder or replace with concrete doc owner before removing registry row
TBD	docs/runbooks/security-incident-response.md	1	> **Owner:** TBD per RACI	owner=ops-security; issue=PLACEHOLDER-DEBT-DOCS-RUNBOOKS-SECURITY-INCIDENT-RESPONSE-MD; captured_at=2026-05-10; action=burn down tracked placeholder or replace with concrete doc owner before removing registry row
TBD	docs/runbooks/serp-sponsored-slot-failure.md	1	> **Owner:** TBD per RACI	owner=ops-sre-reliability; issue=PLACEHOLDER-DEBT-DOCS-RUNBOOKS-SERP-SPONSORED-SLOT-FAILURE-MD; captured_at=2026-05-10; action=burn down tracked placeholder or replace with concrete doc owner before removing registry row
TBD	docs/runbooks/sev1-incident-response.md	1	> **Owner:** TBD per RACI	owner=ops-sre-reliability; issue=PLACEHOLDER-DEBT-DOCS-RUNBOOKS-SEV1-INCIDENT-RESPONSE-MD; captured_at=2026-05-10; action=burn down tracked placeholder or replace with concrete doc owner before removing registry row
TBD	docs/runbooks/sub-axis-promotion.md	1	> **Owner:** TBD per RACI	owner=ops-sre-reliability; issue=PLACEHOLDER-DEBT-DOCS-RUNBOOKS-SUB-AXIS-PROMOTION-MD; captured_at=2026-05-10; action=burn down tracked placeholder or replace with concrete doc owner before removing registry row
TBD	docs/runbooks/supply-chain-compromise.md	1	> **Owner:** TBD per RACI	owner=ops-security; issue=PLACEHOLDER-DEBT-DOCS-RUNBOOKS-SUPPLY-CHAIN-COMPROMISE-MD; captured_at=2026-05-10; action=burn down tracked placeholder or replace with concrete doc owner before removing registry row
TBD	docs/runbooks/supply-chain-trivy-alert.md	1	> **Owner:** TBD per RACI	owner=ops-security; issue=PLACEHOLDER-DEBT-DOCS-RUNBOOKS-SUPPLY-CHAIN-TRIVY-ALERT-MD; captured_at=2026-05-10; action=burn down tracked placeholder or replace with concrete doc owner before removing registry row
TBD	docs/runbooks/tenant-escalation-management.md	1	> **Owner:** TBD per RACI	owner=ops-sre-reliability; issue=PLACEHOLDER-DEBT-DOCS-RUNBOOKS-TENANT-ESCALATION-MANAGEMENT-MD; captured_at=2026-05-10; action=burn down tracked placeholder or replace with concrete doc owner before removing registry row
TBD	docs/runbooks/tenant-onboarding.md	1	> **Owner:** TBD per RACI	owner=ops-sre-reliability; issue=PLACEHOLDER-DEBT-DOCS-RUNBOOKS-TENANT-ONBOARDING-MD; captured_at=2026-05-10; action=burn down tracked placeholder or replace with concrete doc owner before removing registry row
TBD	docs/runbooks/term-deprecation-protocol.md	1	> **Owner:** TBD per RACI	owner=ops-sre-reliability; issue=PLACEHOLDER-DEBT-DOCS-RUNBOOKS-TERM-DEPRECATION-PROTOCOL-MD; captured_at=2026-05-10; action=burn down tracked placeholder or replace with concrete doc owner before removing registry row
TBD	docs/runbooks/topic-schema-rollback.md	1	> **Owner:** TBD per RACI	owner=ops-sre-reliability; issue=PLACEHOLDER-DEBT-DOCS-RUNBOOKS-TOPIC-SCHEMA-ROLLBACK-MD; captured_at=2026-05-10; action=burn down tracked placeholder or replace with concrete doc owner before removing registry row
TBD	docs/runbooks/vertical-pilot-wave-gate-readiness.md	1	> **Owner:** TBD per RACI	owner=ops-sre-reliability; issue=PLACEHOLDER-DEBT-DOCS-RUNBOOKS-VERTICAL-PILOT-WAVE-GATE-READINESS-MD; captured_at=2026-05-10; action=burn down tracked placeholder or replace with concrete doc owner before removing registry row
TBD	docs/runbooks/wave-gate-evaluation.md	1	> **Owner:** TBD per RACI	owner=ops-sre-reliability; issue=PLACEHOLDER-DEBT-DOCS-RUNBOOKS-WAVE-GATE-EVALUATION-MD; captured_at=2026-05-10; action=burn down tracked placeholder or replace with concrete doc owner before removing registry row
TBD	docs/runbooks/wave-gate-readiness-check.md	1	> **Owner:** TBD per RACI	owner=ops-sre-reliability; issue=PLACEHOLDER-DEBT-DOCS-RUNBOOKS-WAVE-GATE-READINESS-CHECK-MD; captured_at=2026-05-10; action=burn down tracked placeholder or replace with concrete doc owner before removing registry row
TBD	docs/runbooks/webhook-delivery-failure.md	1	> **Owner:** TBD per RACI	owner=ops-sre-reliability; issue=PLACEHOLDER-DEBT-DOCS-RUNBOOKS-WEBHOOK-DELIVERY-FAILURE-MD; captured_at=2026-05-10; action=burn down tracked placeholder or replace with concrete doc owner before removing registry row
TBD	docs/runbooks/workflow-engine-restart.md	1	> **Owner:** TBD per RACI	owner=ops-sre-reliability; issue=PLACEHOLDER-DEBT-DOCS-RUNBOOKS-WORKFLOW-ENGINE-RESTART-MD; captured_at=2026-05-10; action=burn down tracked placeholder or replace with concrete doc owner before removing registry row
TBD	docs/standards/agentic-dev-team-optimization.md	1	**Verification:** (TBD; queued per ADR-0133 axis-5 enforcement) compares per-crate external-framework imports against the Oya-façade catalog.	owner=council-architecture; issue=PLACEHOLDER-DEBT-DOCS-STANDARDS-AGENTIC-DEV-TEAM-OPTIMIZATION-MD; captured_at=2026-05-18; action=remove TBD when no-deeper-hole validator lands per ADR-0133 axis-5
TBD	docs/standards/agentic-dev-team-optimization.md	1	**Verification:** (TBD; queued per ADR-0133 axis-5 enforcement) measures token-count vs information-density and flags below-threshold artifacts.	owner=council-architecture; issue=PLACEHOLDER-DEBT-DOCS-STANDARDS-AGENTIC-DEV-TEAM-OPTIMIZATION-MD; captured_at=2026-05-18; action=remove TBD when smallest-actionable validator lands per ADR-0133 axis-5
TBD	docs/standards/brand-voice.md	1	> **Owner:** TBD per RACI	owner=council-architecture; issue=PLACEHOLDER-DEBT-DOCS-STANDARDS-BRAND-VOICE-MD; captured_at=2026-05-10; action=burn down tracked placeholder or replace with concrete doc owner before removing registry row
TBD	docs/standards/brand-voice.md	1	Per ; CI lane TBD.	owner=council-architecture; issue=PLACEHOLDER-DEBT-DOCS-STANDARDS-BRAND-VOICE-MD; captured_at=2026-05-10; action=burn down tracked placeholder or replace with concrete doc owner before removing registry row
TBD	docs/standards/hyperscaler-best-practices.md	1	**Trunk-based development at Google and Microsoft.** Short-lived branches (hours to days), continuous integration to trunk, feature flags hide incomplete work. DORA research identifies TBD as a core capability of elite-performing engineering orgs. ([Trunk Based Development](https://trunkbaseddevelopment.com/continuous-review/); [Aviator — What is Trunk-Based Development](https://www.aviator.co/blog/trunk-based-development/))	owner=council-engineering; issue=PLACEHOLDER-DEBT-DOCS-STANDARDS-HYPERSCALER-BEST-PRACTICES-MD; captured_at=2026-05-14; action=track current TBD placeholder until the owning planning artifact or evidence replaces this row
TBD	docs/standards/incident-severity.md	1	> **Owner:** TBD per RACI	owner=council-architecture; issue=PLACEHOLDER-DEBT-DOCS-STANDARDS-INCIDENT-SEVERITY-MD; captured_at=2026-05-10; action=burn down tracked placeholder or replace with concrete doc owner before removing registry row
TBD	docs/standards/incident-severity.md	1	Per ; CI lane TBD.	owner=council-architecture; issue=PLACEHOLDER-DEBT-DOCS-STANDARDS-INCIDENT-SEVERITY-MD; captured_at=2026-05-10; action=burn down tracked placeholder or replace with concrete doc owner before removing registry row
TBD	docs/teams/axis-ads-analytics/CHARTER.md	1	- Current FTE: TBD	owner=axis-ads-analytics; issue=PLACEHOLDER-DEBT-DOCS-TEAMS-AXIS-ADS-ANALYTICS-CHARTER-MD; captured_at=2026-05-10; action=burn down tracked placeholder or replace with concrete doc owner before removing registry row
TBD	docs/teams/axis-ads-analytics/CHARTER.md	1	- Target FTE: TBD per axis-wave (PRD §3.1)	owner=axis-ads-analytics; issue=PLACEHOLDER-DEBT-DOCS-TEAMS-AXIS-ADS-ANALYTICS-CHARTER-MD; captured_at=2026-05-10; action=burn down tracked placeholder or replace with concrete doc owner before removing registry row
TBD	docs/teams/axis-cloud/CHARTER.md	1	- Current FTE: TBD	owner=axis-cloud; issue=PLACEHOLDER-DEBT-DOCS-TEAMS-AXIS-CLOUD-CHARTER-MD; captured_at=2026-05-10; action=burn down tracked placeholder or replace with concrete doc owner before removing registry row
TBD	docs/teams/axis-cloud/CHARTER.md	1	- Target FTE: TBD per axis-wave (PRD §3.1)	owner=axis-cloud; issue=PLACEHOLDER-DEBT-DOCS-TEAMS-AXIS-CLOUD-CHARTER-MD; captured_at=2026-05-10; action=burn down tracked placeholder or replace with concrete doc owner before removing registry row
TBD	docs/teams/axis-foundry/CHARTER.md	1	- Current FTE: TBD (Foundry + Agent Runtime combined; may split into sub-teams at scale)	owner=axis-foundry; issue=PLACEHOLDER-DEBT-DOCS-TEAMS-AXIS-FOUNDRY-CHARTER-MD; captured_at=2026-05-10; action=burn down tracked placeholder or replace with concrete doc owner before removing registry row
TBD	docs/teams/axis-foundry/CHARTER.md	1	- Target FTE: TBD per axis-wave (PRD §3.1)	owner=axis-foundry; issue=PLACEHOLDER-DEBT-DOCS-TEAMS-AXIS-FOUNDRY-CHARTER-MD; captured_at=2026-05-10; action=burn down tracked placeholder or replace with concrete doc owner before removing registry row
TBD	docs/teams/axis-saas/CHARTER.md	1	- Current FTE: TBD	owner=axis-saas; issue=PLACEHOLDER-DEBT-DOCS-TEAMS-AXIS-SAAS-CHARTER-MD; captured_at=2026-05-10; action=burn down tracked placeholder or replace with concrete doc owner before removing registry row
TBD	docs/teams/axis-saas/CHARTER.md	1	- Target FTE: TBD per axis-wave (PRD §3.1)	owner=axis-saas; issue=PLACEHOLDER-DEBT-DOCS-TEAMS-AXIS-SAAS-CHARTER-MD; captured_at=2026-05-10; action=burn down tracked placeholder or replace with concrete doc owner before removing registry row
TBD	docs/teams/axis-search/CHARTER.md	1	- Current FTE: TBD	owner=axis-search; issue=PLACEHOLDER-DEBT-DOCS-TEAMS-AXIS-SEARCH-CHARTER-MD; captured_at=2026-05-10; action=burn down tracked placeholder or replace with concrete doc owner before removing registry row
TBD	docs/teams/axis-search/CHARTER.md	1	- Target FTE: TBD per axis-wave (PRD §3.1)	owner=axis-search; issue=PLACEHOLDER-DEBT-DOCS-TEAMS-AXIS-SEARCH-CHARTER-MD; captured_at=2026-05-10; action=burn down tracked placeholder or replace with concrete doc owner before removing registry row
TBD	docs/teams/axis-workspace/CHARTER.md	1	- ADRs: Workspace-axis ADR cluster needed (TBD): Mail server choice, CRDT engine choice (Yrs picked), Meet SFU choice (in-house picked), DLP engine, e-discovery policy	owner=axis-workspace; issue=PLACEHOLDER-DEBT-DOCS-TEAMS-AXIS-WORKSPACE-CHARTER-MD; captured_at=2026-05-10; action=burn down tracked placeholder or replace with concrete doc owner before removing registry row
TBD	docs/teams/axis-workspace/CHARTER.md	1	- Current FTE: TBD	owner=axis-workspace; issue=PLACEHOLDER-DEBT-DOCS-TEAMS-AXIS-WORKSPACE-CHARTER-MD; captured_at=2026-05-10; action=burn down tracked placeholder or replace with concrete doc owner before removing registry row
TBD	docs/teams/gtm-customer-success/CHARTER.md	1	- Current FTE: TBD	owner=gtm-customer-success; issue=PLACEHOLDER-DEBT-DOCS-TEAMS-GTM-CUSTOMER-SUCCESS-CHARTER-MD; captured_at=2026-05-10; action=burn down tracked placeholder or replace with concrete doc owner before removing registry row
TBD	docs/teams/gtm-customer-success/CHARTER.md	1	- Target FTE: TBD per axis-wave (PRD §3.1)	owner=gtm-customer-success; issue=PLACEHOLDER-DEBT-DOCS-TEAMS-GTM-CUSTOMER-SUCCESS-CHARTER-MD; captured_at=2026-05-10; action=burn down tracked placeholder or replace with concrete doc owner before removing registry row
TBD	docs/teams/gtm-marketing/CHARTER.md	1	- Current FTE: TBD	owner=gtm-marketing; issue=PLACEHOLDER-DEBT-DOCS-TEAMS-GTM-MARKETING-CHARTER-MD; captured_at=2026-05-10; action=burn down tracked placeholder or replace with concrete doc owner before removing registry row
TBD	docs/teams/gtm-marketing/CHARTER.md	1	- Target FTE: TBD per axis-wave (PRD §3.1)	owner=gtm-marketing; issue=PLACEHOLDER-DEBT-DOCS-TEAMS-GTM-MARKETING-CHARTER-MD; captured_at=2026-05-10; action=burn down tracked placeholder or replace with concrete doc owner before removing registry row
TBD	docs/teams/gtm-partnerships/CHARTER.md	1	- Current FTE: TBD	owner=gtm-partnerships; issue=PLACEHOLDER-DEBT-DOCS-TEAMS-GTM-PARTNERSHIPS-CHARTER-MD; captured_at=2026-05-10; action=burn down tracked placeholder or replace with concrete doc owner before removing registry row
TBD	docs/teams/gtm-partnerships/CHARTER.md	1	- Target FTE: TBD per axis-wave (PRD §3.1)	owner=gtm-partnerships; issue=PLACEHOLDER-DEBT-DOCS-TEAMS-GTM-PARTNERSHIPS-CHARTER-MD; captured_at=2026-05-10; action=burn down tracked placeholder or replace with concrete doc owner before removing registry row
TBD	docs/teams/gtm-sales-se/CHARTER.md	1	- Current FTE: TBD	owner=gtm-sales-se; issue=PLACEHOLDER-DEBT-DOCS-TEAMS-GTM-SALES-SE-CHARTER-MD; captured_at=2026-05-10; action=burn down tracked placeholder or replace with concrete doc owner before removing registry row
TBD	docs/teams/gtm-sales-se/CHARTER.md	1	- Target FTE: TBD per axis-wave (PRD §3.1)	owner=gtm-sales-se; issue=PLACEHOLDER-DEBT-DOCS-TEAMS-GTM-SALES-SE-CHARTER-MD; captured_at=2026-05-10; action=burn down tracked placeholder or replace with concrete doc owner before removing registry row
TBD	docs/teams/ops-compliance/CHARTER.md	1	- Current FTE: TBD	owner=ops-compliance; issue=PLACEHOLDER-DEBT-DOCS-TEAMS-OPS-COMPLIANCE-CHARTER-MD; captured_at=2026-05-10; action=burn down tracked placeholder or replace with concrete doc owner before removing registry row
TBD	docs/teams/ops-compliance/CHARTER.md	1	- Target FTE: TBD per axis-wave (PRD §3.1) — compliance headcount grows with each new regional pack	owner=ops-compliance; issue=PLACEHOLDER-DEBT-DOCS-TEAMS-OPS-COMPLIANCE-CHARTER-MD; captured_at=2026-05-10; action=burn down tracked placeholder or replace with concrete doc owner before removing registry row
TBD	docs/teams/ops-dr-capacity/CHARTER.md	1	- Current FTE: TBD	owner=ops-dr-capacity; issue=PLACEHOLDER-DEBT-DOCS-TEAMS-OPS-DR-CAPACITY-CHARTER-MD; captured_at=2026-05-10; action=burn down tracked placeholder or replace with concrete doc owner before removing registry row
TBD	docs/teams/ops-dr-capacity/CHARTER.md	1	- Target FTE: TBD per axis-wave (PRD §3.1)	owner=ops-dr-capacity; issue=PLACEHOLDER-DEBT-DOCS-TEAMS-OPS-DR-CAPACITY-CHARTER-MD; captured_at=2026-05-10; action=burn down tracked placeholder or replace with concrete doc owner before removing registry row
TBD	docs/teams/ops-finops/CHARTER.md	1	- Current FTE: TBD	owner=ops-finops; issue=PLACEHOLDER-DEBT-DOCS-TEAMS-OPS-FINOPS-CHARTER-MD; captured_at=2026-05-10; action=burn down tracked placeholder or replace with concrete doc owner before removing registry row
TBD	docs/teams/ops-finops/CHARTER.md	1	- Target FTE: TBD per axis-wave (PRD §3.1)	owner=ops-finops; issue=PLACEHOLDER-DEBT-DOCS-TEAMS-OPS-FINOPS-CHARTER-MD; captured_at=2026-05-10; action=burn down tracked placeholder or replace with concrete doc owner before removing registry row
TBD	docs/teams/ops-security/CHARTER.md	1	- Current FTE: TBD	owner=ops-security; issue=PLACEHOLDER-DEBT-DOCS-TEAMS-OPS-SECURITY-CHARTER-MD; captured_at=2026-05-10; action=burn down tracked placeholder or replace with concrete doc owner before removing registry row
TBD	docs/teams/ops-security/CHARTER.md	1	- Target FTE: TBD per axis-wave (PRD §3.1)	owner=ops-security; issue=PLACEHOLDER-DEBT-DOCS-TEAMS-OPS-SECURITY-CHARTER-MD; captured_at=2026-05-10; action=burn down tracked placeholder or replace with concrete doc owner before removing registry row
TBD	docs/teams/ops-sre-reliability/CHARTER.md	1	- Current FTE: TBD	owner=ops-sre-reliability; issue=PLACEHOLDER-DEBT-DOCS-TEAMS-OPS-SRE-RELIABILITY-CHARTER-MD; captured_at=2026-05-10; action=burn down tracked placeholder or replace with concrete doc owner before removing registry row
TBD	docs/teams/ops-sre-reliability/CHARTER.md	1	- Target FTE: TBD per axis-wave (PRD §3.1)	owner=ops-sre-reliability; issue=PLACEHOLDER-DEBT-DOCS-TEAMS-OPS-SRE-RELIABILITY-CHARTER-MD; captured_at=2026-05-10; action=burn down tracked placeholder or replace with concrete doc owner before removing registry row
TBD	docs/teams/platform-api-sdk/CHARTER.md	1	- Current FTE: TBD	owner=platform-api-sdk; issue=PLACEHOLDER-DEBT-DOCS-TEAMS-PLATFORM-API-SDK-CHARTER-MD; captured_at=2026-05-10; action=burn down tracked placeholder or replace with concrete doc owner before removing registry row
TBD	docs/teams/platform-api-sdk/CHARTER.md	1	- Target FTE: TBD per axis-wave (PRD §3.1)	owner=platform-api-sdk; issue=PLACEHOLDER-DEBT-DOCS-TEAMS-PLATFORM-API-SDK-CHARTER-MD; captured_at=2026-05-10; action=burn down tracked placeholder or replace with concrete doc owner before removing registry row
TBD	docs/teams/platform-audit-evidence/CHARTER.md	1	- Current FTE: TBD	owner=platform-audit-evidence; issue=PLACEHOLDER-DEBT-DOCS-TEAMS-PLATFORM-AUDIT-EVIDENCE-CHARTER-MD; captured_at=2026-05-10; action=burn down tracked placeholder or replace with concrete doc owner before removing registry row
TBD	docs/teams/platform-audit-evidence/CHARTER.md	1	- Target FTE: TBD per axis-wave (PRD §3.1)	owner=platform-audit-evidence; issue=PLACEHOLDER-DEBT-DOCS-TEAMS-PLATFORM-AUDIT-EVIDENCE-CHARTER-MD; captured_at=2026-05-10; action=burn down tracked placeholder or replace with concrete doc owner before removing registry row
TBD	docs/teams/platform-eventing-og/CHARTER.md	1	- Current FTE: TBD	owner=platform-eventing-og; issue=PLACEHOLDER-DEBT-DOCS-TEAMS-PLATFORM-EVENTING-OG-CHARTER-MD; captured_at=2026-05-10; action=burn down tracked placeholder or replace with concrete doc owner before removing registry row
TBD	docs/teams/platform-eventing-og/CHARTER.md	1	- Target FTE: TBD per axis-wave (PRD §3.1)	owner=platform-eventing-og; issue=PLACEHOLDER-DEBT-DOCS-TEAMS-PLATFORM-EVENTING-OG-CHARTER-MD; captured_at=2026-05-10; action=burn down tracked placeholder or replace with concrete doc owner before removing registry row
TBD	docs/teams/platform-privacy-dub/CHARTER.md	1	- Current FTE: TBD	owner=platform-privacy-dub; issue=PLACEHOLDER-DEBT-DOCS-TEAMS-PLATFORM-PRIVACY-DUB-CHARTER-MD; captured_at=2026-05-10; action=burn down tracked placeholder or replace with concrete doc owner before removing registry row
TBD	docs/teams/platform-privacy-dub/CHARTER.md	1	- Target FTE: TBD per axis-wave (PRD §3.1)	owner=platform-privacy-dub; issue=PLACEHOLDER-DEBT-DOCS-TEAMS-PLATFORM-PRIVACY-DUB-CHARTER-MD; captured_at=2026-05-10; action=burn down tracked placeholder or replace with concrete doc owner before removing registry row
TBD	docs/teams/platform-tenancy-identity/CHARTER.md	1	- Current FTE: TBD	owner=platform-tenancy-identity; issue=PLACEHOLDER-DEBT-DOCS-TEAMS-PLATFORM-TENANCY-IDENTITY-CHARTER-MD; captured_at=2026-05-10; action=burn down tracked placeholder or replace with concrete doc owner before removing registry row
TBD	docs/teams/platform-tenancy-identity/CHARTER.md	1	- Target FTE: TBD per axis-wave (PRD §3.1)	owner=platform-tenancy-identity; issue=PLACEHOLDER-DEBT-DOCS-TEAMS-PLATFORM-TENANCY-IDENTITY-CHARTER-MD; captured_at=2026-05-10; action=burn down tracked placeholder or replace with concrete doc owner before removing registry row
TBD	docs/teams/regional-packs/CHARTER.md	1	- Current FTE: TBD (per-pack maintainer + central architect)	owner=regional-packs; issue=PLACEHOLDER-DEBT-DOCS-TEAMS-REGIONAL-PACKS-CHARTER-MD; captured_at=2026-05-10; action=burn down tracked placeholder or replace with concrete doc owner before removing registry row
TBD	docs/teams/vertical-agriculture/CHARTER.md	1	- **ADRs:** TBD at activation; KR 농산물이력제 + FSMA compliance ADR	owner=vertical-agriculture; issue=PLACEHOLDER-DEBT-DOCS-TEAMS-VERTICAL-AGRICULTURE-CHARTER-MD; captured_at=2026-05-10; action=burn down tracked placeholder or replace with concrete doc owner before removing registry row
TBD	docs/teams/vertical-agriculture/CHARTER.md	1	- **Runbooks:** TBD at W-Vertical-Fan-Out	owner=vertical-agriculture; issue=PLACEHOLDER-DEBT-DOCS-TEAMS-VERTICAL-AGRICULTURE-CHARTER-MD; captured_at=2026-05-10; action=burn down tracked placeholder or replace with concrete doc owner before removing registry row
TBD	docs/teams/vertical-agriculture/CHARTER.md	1	- Target FTE: TBD per axis-wave	owner=vertical-agriculture; issue=PLACEHOLDER-DEBT-DOCS-TEAMS-VERTICAL-AGRICULTURE-CHARTER-MD; captured_at=2026-05-10; action=burn down tracked placeholder or replace with concrete doc owner before removing registry row
TBD	docs/teams/vertical-construction/CHARTER.md	1	- **ADRs:** TBD at activation	owner=vertical-construction; issue=PLACEHOLDER-DEBT-DOCS-TEAMS-VERTICAL-CONSTRUCTION-CHARTER-MD; captured_at=2026-05-10; action=burn down tracked placeholder or replace with concrete doc owner before removing registry row
TBD	docs/teams/vertical-construction/CHARTER.md	1	- **Runbooks:** TBD at W-Vertical-Fan-Out	owner=vertical-construction; issue=PLACEHOLDER-DEBT-DOCS-TEAMS-VERTICAL-CONSTRUCTION-CHARTER-MD; captured_at=2026-05-10; action=burn down tracked placeholder or replace with concrete doc owner before removing registry row
TBD	docs/teams/vertical-construction/CHARTER.md	1	- Target FTE: TBD per axis-wave	owner=vertical-construction; issue=PLACEHOLDER-DEBT-DOCS-TEAMS-VERTICAL-CONSTRUCTION-CHARTER-MD; captured_at=2026-05-10; action=burn down tracked placeholder or replace with concrete doc owner before removing registry row
TBD	docs/teams/vertical-corporate/CHARTER.md	1	- Current FTE: TBD	owner=vertical-corporate; issue=PLACEHOLDER-DEBT-DOCS-TEAMS-VERTICAL-CORPORATE-CHARTER-MD; captured_at=2026-05-10; action=burn down tracked placeholder or replace with concrete doc owner before removing registry row
TBD	docs/teams/vertical-corporate/CHARTER.md	1	- Target FTE: TBD per axis-wave (PRD §3.1)	owner=vertical-corporate; issue=PLACEHOLDER-DEBT-DOCS-TEAMS-VERTICAL-CORPORATE-CHARTER-MD; captured_at=2026-05-10; action=burn down tracked placeholder or replace with concrete doc owner before removing registry row
TBD	docs/teams/vertical-education/CHARTER.md	1	- **ADRs:** TBD; FERPA/청소년보호법 compliance ADR at activation	owner=vertical-education; issue=PLACEHOLDER-DEBT-DOCS-TEAMS-VERTICAL-EDUCATION-CHARTER-MD; captured_at=2026-05-10; action=burn down tracked placeholder or replace with concrete doc owner before removing registry row
TBD	docs/teams/vertical-education/CHARTER.md	1	- **Runbooks:** TBD at W-Vertical-Fan-Out	owner=vertical-education; issue=PLACEHOLDER-DEBT-DOCS-TEAMS-VERTICAL-EDUCATION-CHARTER-MD; captured_at=2026-05-10; action=burn down tracked placeholder or replace with concrete doc owner before removing registry row
TBD	docs/teams/vertical-education/CHARTER.md	1	- Target FTE: TBD per axis-wave	owner=vertical-education; issue=PLACEHOLDER-DEBT-DOCS-TEAMS-VERTICAL-EDUCATION-CHARTER-MD; captured_at=2026-05-10; action=burn down tracked placeholder or replace with concrete doc owner before removing registry row
TBD	docs/teams/vertical-fintech/CHARTER.md	1	- Current FTE: TBD	owner=vertical-fintech; issue=PLACEHOLDER-DEBT-DOCS-TEAMS-VERTICAL-FINTECH-CHARTER-MD; captured_at=2026-05-10; action=burn down tracked placeholder or replace with concrete doc owner before removing registry row
TBD	docs/teams/vertical-fintech/CHARTER.md	1	- Target FTE: TBD per axis-wave (PRD §3.1)	owner=vertical-fintech; issue=PLACEHOLDER-DEBT-DOCS-TEAMS-VERTICAL-FINTECH-CHARTER-MD; captured_at=2026-05-10; action=burn down tracked placeholder or replace with concrete doc owner before removing registry row
TBD	docs/teams/vertical-food/CHARTER.md	1	- **ADRs:** TBD at activation; KR 식품위생법 + FDA FSMA + EU food-law compliance ADR	owner=vertical-food; issue=PLACEHOLDER-DEBT-DOCS-TEAMS-VERTICAL-FOOD-CHARTER-MD; captured_at=2026-05-10; action=burn down tracked placeholder or replace with concrete doc owner before removing registry row
TBD	docs/teams/vertical-food/CHARTER.md	1	- **Runbooks:** TBD at W-Vertical-Fan-Out	owner=vertical-food; issue=PLACEHOLDER-DEBT-DOCS-TEAMS-VERTICAL-FOOD-CHARTER-MD; captured_at=2026-05-10; action=burn down tracked placeholder or replace with concrete doc owner before removing registry row
TBD	docs/teams/vertical-food/CHARTER.md	1	- Target FTE: TBD per axis-wave	owner=vertical-food; issue=PLACEHOLDER-DEBT-DOCS-TEAMS-VERTICAL-FOOD-CHARTER-MD; captured_at=2026-05-10; action=burn down tracked placeholder or replace with concrete doc owner before removing registry row
TBD	docs/teams/vertical-healthcare/CHARTER.md	1	- Current FTE: TBD	owner=vertical-healthcare; issue=PLACEHOLDER-DEBT-DOCS-TEAMS-VERTICAL-HEALTHCARE-CHARTER-MD; captured_at=2026-05-10; action=burn down tracked placeholder or replace with concrete doc owner before removing registry row
TBD	docs/teams/vertical-healthcare/CHARTER.md	1	- Target FTE: TBD per axis-wave (PRD §3.1)	owner=vertical-healthcare; issue=PLACEHOLDER-DEBT-DOCS-TEAMS-VERTICAL-HEALTHCARE-CHARTER-MD; captured_at=2026-05-10; action=burn down tracked placeholder or replace with concrete doc owner before removing registry row
TBD	docs/teams/vertical-hospitality/CHARTER.md	1	- **ADRs:** TBD at activation	owner=vertical-hospitality; issue=PLACEHOLDER-DEBT-DOCS-TEAMS-VERTICAL-HOSPITALITY-CHARTER-MD; captured_at=2026-05-10; action=burn down tracked placeholder or replace with concrete doc owner before removing registry row
TBD	docs/teams/vertical-hospitality/CHARTER.md	1	- **Runbooks:** TBD at W-Vertical-Fan-Out	owner=vertical-hospitality; issue=PLACEHOLDER-DEBT-DOCS-TEAMS-VERTICAL-HOSPITALITY-CHARTER-MD; captured_at=2026-05-10; action=burn down tracked placeholder or replace with concrete doc owner before removing registry row
TBD	docs/teams/vertical-hospitality/CHARTER.md	1	- Target FTE: TBD per axis-wave	owner=vertical-hospitality; issue=PLACEHOLDER-DEBT-DOCS-TEAMS-VERTICAL-HOSPITALITY-CHARTER-MD; captured_at=2026-05-10; action=burn down tracked placeholder or replace with concrete doc owner before removing registry row
TBD	docs/teams/vertical-industrial/CHARTER.md	1	- Current FTE: TBD	owner=vertical-industrial; issue=PLACEHOLDER-DEBT-DOCS-TEAMS-VERTICAL-INDUSTRIAL-CHARTER-MD; captured_at=2026-05-10; action=burn down tracked placeholder or replace with concrete doc owner before removing registry row
TBD	docs/teams/vertical-industrial/CHARTER.md	1	- Target FTE: TBD per axis-wave (PRD §3.1)	owner=vertical-industrial; issue=PLACEHOLDER-DEBT-DOCS-TEAMS-VERTICAL-INDUSTRIAL-CHARTER-MD; captured_at=2026-05-10; action=burn down tracked placeholder or replace with concrete doc owner before removing registry row
TBD	docs/teams/vertical-legal/CHARTER.md	1	- Current FTE: TBD	owner=vertical-legal; issue=PLACEHOLDER-DEBT-DOCS-TEAMS-VERTICAL-LEGAL-CHARTER-MD; captured_at=2026-05-10; action=burn down tracked placeholder or replace with concrete doc owner before removing registry row
TBD	docs/teams/vertical-legal/CHARTER.md	1	- Target FTE: TBD per axis-wave (PRD §3.1)	owner=vertical-legal; issue=PLACEHOLDER-DEBT-DOCS-TEAMS-VERTICAL-LEGAL-CHARTER-MD; captured_at=2026-05-10; action=burn down tracked placeholder or replace with concrete doc owner before removing registry row
TBD	docs/teams/vertical-logistics/CHARTER.md	1	- Current FTE: TBD	owner=vertical-logistics; issue=PLACEHOLDER-DEBT-DOCS-TEAMS-VERTICAL-LOGISTICS-CHARTER-MD; captured_at=2026-05-10; action=burn down tracked placeholder or replace with concrete doc owner before removing registry row
TBD	docs/teams/vertical-logistics/CHARTER.md	1	- Target FTE: TBD per axis-wave (PRD §3.1)	owner=vertical-logistics; issue=PLACEHOLDER-DEBT-DOCS-TEAMS-VERTICAL-LOGISTICS-CHARTER-MD; captured_at=2026-05-10; action=burn down tracked placeholder or replace with concrete doc owner before removing registry row
TBD	docs/teams/vertical-public-sector/CHARTER.md	1	- **ADRs:** TBD; data residency + FedRAMP/CSAP compliance ADR at activation	owner=vertical-public-sector; issue=PLACEHOLDER-DEBT-DOCS-TEAMS-VERTICAL-PUBLIC-SECTOR-CHARTER-MD; captured_at=2026-05-10; action=burn down tracked placeholder or replace with concrete doc owner before removing registry row
TBD	docs/teams/vertical-public-sector/CHARTER.md	1	- **Runbooks:** TBD at W-Vertical-Fan-Out	owner=vertical-public-sector; issue=PLACEHOLDER-DEBT-DOCS-TEAMS-VERTICAL-PUBLIC-SECTOR-CHARTER-MD; captured_at=2026-05-10; action=burn down tracked placeholder or replace with concrete doc owner before removing registry row
TBD	docs/teams/vertical-public-sector/CHARTER.md	1	- Target FTE: TBD per axis-wave	owner=vertical-public-sector; issue=PLACEHOLDER-DEBT-DOCS-TEAMS-VERTICAL-PUBLIC-SECTOR-CHARTER-MD; captured_at=2026-05-10; action=burn down tracked placeholder or replace with concrete doc owner before removing registry row
TBD	docs/teams/vertical-real-estate/CHARTER.md	1	- **ADRs:** TBD at activation; KR 임대차보호법 compliance ADR	owner=vertical-real-estate; issue=PLACEHOLDER-DEBT-DOCS-TEAMS-VERTICAL-REAL-ESTATE-CHARTER-MD; captured_at=2026-05-10; action=burn down tracked placeholder or replace with concrete doc owner before removing registry row
TBD	docs/teams/vertical-real-estate/CHARTER.md	1	- **Runbooks:** TBD at W-Vertical-Fan-Out	owner=vertical-real-estate; issue=PLACEHOLDER-DEBT-DOCS-TEAMS-VERTICAL-REAL-ESTATE-CHARTER-MD; captured_at=2026-05-10; action=burn down tracked placeholder or replace with concrete doc owner before removing registry row
TBD	docs/teams/vertical-real-estate/CHARTER.md	1	- Target FTE: TBD per axis-wave	owner=vertical-real-estate; issue=PLACEHOLDER-DEBT-DOCS-TEAMS-VERTICAL-REAL-ESTATE-CHARTER-MD; captured_at=2026-05-10; action=burn down tracked placeholder or replace with concrete doc owner before removing registry row
TBD	docs/teams/vertical-retail/CHARTER.md	1	- **ADRs:** TBD at W-Vertical-Fan-Out	owner=vertical-retail; issue=PLACEHOLDER-DEBT-DOCS-TEAMS-VERTICAL-RETAIL-CHARTER-MD; captured_at=2026-05-10; action=burn down tracked placeholder or replace with concrete doc owner before removing registry row
TBD	docs/teams/vertical-retail/CHARTER.md	1	- **Runbooks:** TBD at W-Vertical-Fan-Out	owner=vertical-retail; issue=PLACEHOLDER-DEBT-DOCS-TEAMS-VERTICAL-RETAIL-CHARTER-MD; captured_at=2026-05-10; action=burn down tracked placeholder or replace with concrete doc owner before removing registry row
TBD	docs/teams/vertical-retail/CHARTER.md	1	- Current FTE: 0 (skeleton — TBD at W-Vertical-Fan-Out)	owner=vertical-retail; issue=PLACEHOLDER-DEBT-DOCS-TEAMS-VERTICAL-RETAIL-CHARTER-MD; captured_at=2026-05-10; action=burn down tracked placeholder or replace with concrete doc owner before removing registry row
TBD	docs/teams/vertical-retail/CHARTER.md	1	- Target FTE: TBD per axis-wave (PRD §3.1)	owner=vertical-retail; issue=PLACEHOLDER-DEBT-DOCS-TEAMS-VERTICAL-RETAIL-CHARTER-MD; captured_at=2026-05-10; action=burn down tracked placeholder or replace with concrete doc owner before removing registry row
TBD	docs/templates/team-charter-template.md	1	- Current FTE: TBD	owner=council-architecture; issue=PLACEHOLDER-DEBT-DOCS-TEMPLATES-TEAM-CHARTER-TEMPLATE-MD; captured_at=2026-05-10; action=burn down tracked placeholder or replace with concrete doc owner before removing registry row
TODO	docs/COMPLIANCE-MATRIX.md	1	> **TODO v0.2** — fill the remaining regulators with the same control × evidence × cadence shape. Pattern is repeatable; the matrix expands as packs onboard.	owner=council-architecture; issue=PLACEHOLDER-DEBT-DOCS-COMPLIANCE-MATRIX-MD; captured_at=2026-05-10; action=burn down tracked placeholder or replace with concrete doc owner before removing registry row
TODO	docs/COMPLIANCE-MATRIX.md	1	> **TODO v0.2** — full A.5 ... A.18 mapping per ISO 27001:2022 Annex A; cross-reference to existing controls. Same pattern for 27017 (cloud), 27018 (PII in cloud), 27701 (PIMS).	owner=council-architecture; issue=PLACEHOLDER-DEBT-DOCS-COMPLIANCE-MATRIX-MD; captured_at=2026-05-10; action=burn down tracked placeholder or replace with concrete doc owner before removing registry row
TODO	docs/ROADMAP.md	1	> **TODO v0.2** — Filled in alongside §6.	owner=council-architecture; issue=PLACEHOLDER-DEBT-DOCS-ROADMAP-MD; captured_at=2026-05-10; action=burn down tracked placeholder or replace with concrete doc owner before removing registry row
TODO	docs/ROADMAP.md	1	> **TODO v0.2** — Filled in when the synthesis agent completes. Will be 1500-2500 leaves with full per-leaf metadata: axis, band, cost-of-deferral, batch-tag, fanout-class, SHARED-WRITES, BLOCKS / BLOCKED-BY, structural-req, source, description.	owner=council-architecture; issue=PLACEHOLDER-DEBT-DOCS-ROADMAP-MD; captured_at=2026-05-10; action=burn down tracked placeholder or replace with concrete doc owner before removing registry row
TODO	docs/ROADMAP.md	1	> **TODO v0.2** — fill from synthesis output. Each axis gets its own decomposed batch list: capability-by-capability with dependencies + Foundry fanout target.	owner=council-architecture; issue=PLACEHOLDER-DEBT-DOCS-ROADMAP-MD; captured_at=2026-05-10; action=burn down tracked placeholder or replace with concrete doc owner before removing registry row
TODO	docs/checklists/adr-promotion.md	1	1. (TODO — full procedure landed at W-Foundation gate)	owner=council-architecture; issue=PLACEHOLDER-DEBT-DOCS-CHECKLISTS-ADR-PROMOTION-MD; captured_at=2026-05-10; action=burn down tracked placeholder or replace with concrete doc owner before removing registry row
TODO	docs/checklists/brand-rename-batch.md	1	1. (TODO — full procedure landed at W-Foundation gate)	owner=council-architecture; issue=PLACEHOLDER-DEBT-DOCS-CHECKLISTS-BRAND-RENAME-BATCH-MD; captured_at=2026-05-10; action=burn down tracked placeholder or replace with concrete doc owner before removing registry row
TODO	docs/checklists/cross-axis-contract-change.md	1	1. (TODO — full procedure landed at W-Foundation gate)	owner=council-architecture; issue=PLACEHOLDER-DEBT-DOCS-CHECKLISTS-CROSS-AXIS-CONTRACT-CHANGE-MD; captured_at=2026-05-10; action=burn down tracked placeholder or replace with concrete doc owner before removing registry row
TODO	docs/checklists/license-tier-review.md	1	1. (TODO — full procedure landed at W-Foundation gate)	owner=council-architecture; issue=PLACEHOLDER-DEBT-DOCS-CHECKLISTS-LICENSE-TIER-REVIEW-MD; captured_at=2026-05-10; action=burn down tracked placeholder or replace with concrete doc owner before removing registry row
TODO	docs/checklists/new-team-onboarding.md	1	1. (TODO — full procedure landed at W-Foundation gate)	owner=council-architecture; issue=PLACEHOLDER-DEBT-DOCS-CHECKLISTS-NEW-TEAM-ONBOARDING-MD; captured_at=2026-05-10; action=burn down tracked placeholder or replace with concrete doc owner before removing registry row
TODO	docs/checklists/tenant-onboarding.md	1	1. (TODO — full procedure landed at W-Foundation gate)	owner=council-architecture; issue=PLACEHOLDER-DEBT-DOCS-CHECKLISTS-TENANT-ONBOARDING-MD; captured_at=2026-05-10; action=burn down tracked placeholder or replace with concrete doc owner before removing registry row
TODO	docs/checklists/trust-portal-publish.md	1	1. (TODO — full procedure landed at W-Foundation gate)	owner=council-architecture; issue=PLACEHOLDER-DEBT-DOCS-CHECKLISTS-TRUST-PORTAL-PUBLISH-MD; captured_at=2026-05-10; action=burn down tracked placeholder or replace with concrete doc owner before removing registry row
TODO	docs/runbooks/ad-auction-latency-incident.md	4	TODO — fill at W-Foundation authoring pass.	owner=ops-sre-reliability; issue=PLACEHOLDER-DEBT-DOCS-RUNBOOKS-AD-AUCTION-LATENCY-INCIDENT-MD; captured_at=2026-05-10; action=burn down tracked placeholder or replace with concrete doc owner before removing registry row
TODO	docs/runbooks/ad-auction-latency-incident.md	1	TODO — fill at W-Foundation authoring pass. Source signals + paging policy per [INCIDENT-MANAGEMENT.md](../INCIDENT-MANAGEMENT.md).	owner=ops-sre-reliability; issue=PLACEHOLDER-DEBT-DOCS-RUNBOOKS-AD-AUCTION-LATENCY-INCIDENT-MD; captured_at=2026-05-10; action=burn down tracked placeholder or replace with concrete doc owner before removing registry row
TODO	docs/runbooks/adr-promotion-triage.md	4	TODO — fill at W-Foundation authoring pass.	owner=ops-sre-reliability; issue=PLACEHOLDER-DEBT-DOCS-RUNBOOKS-ADR-PROMOTION-TRIAGE-MD; captured_at=2026-05-10; action=burn down tracked placeholder or replace with concrete doc owner before removing registry row
TODO	docs/runbooks/adr-promotion-triage.md	1	TODO — fill at W-Foundation authoring pass. Source signals + paging policy per [INCIDENT-MANAGEMENT.md](../INCIDENT-MANAGEMENT.md).	owner=ops-sre-reliability; issue=PLACEHOLDER-DEBT-DOCS-RUNBOOKS-ADR-PROMOTION-TRIAGE-MD; captured_at=2026-05-10; action=burn down tracked placeholder or replace with concrete doc owner before removing registry row
TODO	docs/runbooks/adr-supersession-graph-update.md	4	TODO — fill at W-Foundation authoring pass.	owner=ops-sre-reliability; issue=PLACEHOLDER-DEBT-DOCS-RUNBOOKS-ADR-SUPERSESSION-GRAPH-UPDATE-MD; captured_at=2026-05-10; action=burn down tracked placeholder or replace with concrete doc owner before removing registry row
TODO	docs/runbooks/adr-supersession-graph-update.md	1	TODO — fill at W-Foundation authoring pass. Source signals + paging policy per [INCIDENT-MANAGEMENT.md](../INCIDENT-MANAGEMENT.md).	owner=ops-sre-reliability; issue=PLACEHOLDER-DEBT-DOCS-RUNBOOKS-ADR-SUPERSESSION-GRAPH-UPDATE-MD; captured_at=2026-05-10; action=burn down tracked placeholder or replace with concrete doc owner before removing registry row
TODO	docs/runbooks/agent-authoring-evidence-attach.md	4	TODO — fill at W-Foundation authoring pass.	owner=ops-sre-reliability; issue=PLACEHOLDER-DEBT-DOCS-RUNBOOKS-AGENT-AUTHORING-EVIDENCE-ATTACH-MD; captured_at=2026-05-10; action=burn down tracked placeholder or replace with concrete doc owner before removing registry row
TODO	docs/runbooks/agent-authoring-evidence-attach.md	1	TODO — fill at W-Foundation authoring pass. Source signals + paging policy per [INCIDENT-MANAGEMENT.md](../INCIDENT-MANAGEMENT.md).	owner=ops-sre-reliability; issue=PLACEHOLDER-DEBT-DOCS-RUNBOOKS-AGENT-AUTHORING-EVIDENCE-ATTACH-MD; captured_at=2026-05-10; action=burn down tracked placeholder or replace with concrete doc owner before removing registry row
TODO	docs/runbooks/alias-sunset-promotion.md	4	TODO — fill at W-Foundation authoring pass.	owner=ops-sre-reliability; issue=PLACEHOLDER-DEBT-DOCS-RUNBOOKS-ALIAS-SUNSET-PROMOTION-MD; captured_at=2026-05-10; action=burn down tracked placeholder or replace with concrete doc owner before removing registry row
TODO	docs/runbooks/alias-sunset-promotion.md	1	TODO — fill at W-Foundation authoring pass. Source signals + paging policy per [INCIDENT-MANAGEMENT.md](../INCIDENT-MANAGEMENT.md).	owner=ops-sre-reliability; issue=PLACEHOLDER-DEBT-DOCS-RUNBOOKS-ALIAS-SUNSET-PROMOTION-MD; captured_at=2026-05-10; action=burn down tracked placeholder or replace with concrete doc owner before removing registry row
TODO	docs/runbooks/aml-alert-escalation.md	4	TODO — fill at W-Foundation authoring pass.	owner=ops-sre-reliability; issue=PLACEHOLDER-DEBT-DOCS-RUNBOOKS-AML-ALERT-ESCALATION-MD; captured_at=2026-05-10; action=burn down tracked placeholder or replace with concrete doc owner before removing registry row
TODO	docs/runbooks/aml-alert-escalation.md	1	TODO — fill at W-Foundation authoring pass. Source signals + paging policy per [INCIDENT-MANAGEMENT.md](../INCIDENT-MANAGEMENT.md).	owner=ops-sre-reliability; issue=PLACEHOLDER-DEBT-DOCS-RUNBOOKS-AML-ALERT-ESCALATION-MD; captured_at=2026-05-10; action=burn down tracked placeholder or replace with concrete doc owner before removing registry row
TODO	docs/runbooks/analytics-warehouse-reconciliation.md	4	TODO — fill at W-Foundation authoring pass.	owner=ops-sre-reliability; issue=PLACEHOLDER-DEBT-DOCS-RUNBOOKS-ANALYTICS-WAREHOUSE-RECONCILIATION-MD; captured_at=2026-05-10; action=burn down tracked placeholder or replace with concrete doc owner before removing registry row
TODO	docs/runbooks/analytics-warehouse-reconciliation.md	1	TODO — fill at W-Foundation authoring pass. Source signals + paging policy per [INCIDENT-MANAGEMENT.md](../INCIDENT-MANAGEMENT.md).	owner=ops-sre-reliability; issue=PLACEHOLDER-DEBT-DOCS-RUNBOOKS-ANALYTICS-WAREHOUSE-RECONCILIATION-MD; captured_at=2026-05-10; action=burn down tracked placeholder or replace with concrete doc owner before removing registry row
TODO	docs/runbooks/api-gateway-rate-limit-incident.md	4	TODO — fill at W-Foundation authoring pass.	owner=ops-sre-reliability; issue=PLACEHOLDER-DEBT-DOCS-RUNBOOKS-API-GATEWAY-RATE-LIMIT-INCIDENT-MD; captured_at=2026-05-10; action=burn down tracked placeholder or replace with concrete doc owner before removing registry row
TODO	docs/runbooks/api-gateway-rate-limit-incident.md	1	TODO — fill at W-Foundation authoring pass. Source signals + paging policy per [INCIDENT-MANAGEMENT.md](../INCIDENT-MANAGEMENT.md).	owner=ops-sre-reliability; issue=PLACEHOLDER-DEBT-DOCS-RUNBOOKS-API-GATEWAY-RATE-LIMIT-INCIDENT-MD; captured_at=2026-05-10; action=burn down tracked placeholder or replace with concrete doc owner before removing registry row
TODO	docs/runbooks/attribution-pipeline-lag.md	4	TODO — fill at W-Foundation authoring pass.	owner=ops-sre-reliability; issue=PLACEHOLDER-DEBT-DOCS-RUNBOOKS-ATTRIBUTION-PIPELINE-LAG-MD; captured_at=2026-05-10; action=burn down tracked placeholder or replace with concrete doc owner before removing registry row
TODO	docs/runbooks/attribution-pipeline-lag.md	1	TODO — fill at W-Foundation authoring pass. Source signals + paging policy per [INCIDENT-MANAGEMENT.md](../INCIDENT-MANAGEMENT.md).	owner=ops-sre-reliability; issue=PLACEHOLDER-DEBT-DOCS-RUNBOOKS-ATTRIBUTION-PIPELINE-LAG-MD; captured_at=2026-05-10; action=burn down tracked placeholder or replace with concrete doc owner before removing registry row
TODO	docs/runbooks/audit-chain-integrity-check.md	4	TODO — fill at W-Foundation authoring pass.	owner=ops-sre-reliability; issue=PLACEHOLDER-DEBT-DOCS-RUNBOOKS-AUDIT-CHAIN-INTEGRITY-CHECK-MD; captured_at=2026-05-10; action=burn down tracked placeholder or replace with concrete doc owner before removing registry row
TODO	docs/runbooks/audit-chain-integrity-check.md	1	TODO — fill at W-Foundation authoring pass. Source signals + paging policy per [INCIDENT-MANAGEMENT.md](../INCIDENT-MANAGEMENT.md).	owner=ops-sre-reliability; issue=PLACEHOLDER-DEBT-DOCS-RUNBOOKS-AUDIT-CHAIN-INTEGRITY-CHECK-MD; captured_at=2026-05-10; action=burn down tracked placeholder or replace with concrete doc owner before removing registry row
TODO	docs/runbooks/audit-chain-integrity-recovery.md	4	TODO — fill at W-Foundation authoring pass.	owner=ops-sre-reliability; issue=PLACEHOLDER-DEBT-DOCS-RUNBOOKS-AUDIT-CHAIN-INTEGRITY-RECOVERY-MD; captured_at=2026-05-10; action=burn down tracked placeholder or replace with concrete doc owner before removing registry row
TODO	docs/runbooks/audit-chain-integrity-recovery.md	1	TODO — fill at W-Foundation authoring pass. Source signals + paging policy per [INCIDENT-MANAGEMENT.md](../INCIDENT-MANAGEMENT.md).	owner=ops-sre-reliability; issue=PLACEHOLDER-DEBT-DOCS-RUNBOOKS-AUDIT-CHAIN-INTEGRITY-RECOVERY-MD; captured_at=2026-05-10; action=burn down tracked placeholder or replace with concrete doc owner before removing registry row
TODO	docs/runbooks/autonomy-ceiling-breach-response.md	4	TODO — fill at W-Foundation authoring pass.	owner=ops-security; issue=PLACEHOLDER-DEBT-DOCS-RUNBOOKS-AUTONOMY-CEILING-BREACH-RESPONSE-MD; captured_at=2026-05-10; action=burn down tracked placeholder or replace with concrete doc owner before removing registry row
TODO	docs/runbooks/autonomy-ceiling-breach-response.md	1	TODO — fill at W-Foundation authoring pass. Source signals + paging policy per [INCIDENT-MANAGEMENT.md](../INCIDENT-MANAGEMENT.md).	owner=ops-security; issue=PLACEHOLDER-DEBT-DOCS-RUNBOOKS-AUTONOMY-CEILING-BREACH-RESPONSE-MD; captured_at=2026-05-10; action=burn down tracked placeholder or replace with concrete doc owner before removing registry row
TODO	docs/runbooks/autonomy-tier-uplift.md	4	TODO — fill at W-Foundation authoring pass.	owner=ops-sre-reliability; issue=PLACEHOLDER-DEBT-DOCS-RUNBOOKS-AUTONOMY-TIER-UPLIFT-MD; captured_at=2026-05-10; action=burn down tracked placeholder or replace with concrete doc owner before removing registry row
TODO	docs/runbooks/autonomy-tier-uplift.md	1	TODO — fill at W-Foundation authoring pass. Source signals + paging policy per [INCIDENT-MANAGEMENT.md](../INCIDENT-MANAGEMENT.md).	owner=ops-sre-reliability; issue=PLACEHOLDER-DEBT-DOCS-RUNBOOKS-AUTONOMY-TIER-UPLIFT-MD; captured_at=2026-05-10; action=burn down tracked placeholder or replace with concrete doc owner before removing registry row
TODO	docs/runbooks/axis-admission-proposal.md	4	TODO — fill at W-Foundation authoring pass.	owner=ops-sre-reliability; issue=PLACEHOLDER-DEBT-DOCS-RUNBOOKS-AXIS-ADMISSION-PROPOSAL-MD; captured_at=2026-05-10; action=burn down tracked placeholder or replace with concrete doc owner before removing registry row
TODO	docs/runbooks/axis-admission-proposal.md	1	TODO — fill at W-Foundation authoring pass. Source signals + paging policy per [INCIDENT-MANAGEMENT.md](../INCIDENT-MANAGEMENT.md).	owner=ops-sre-reliability; issue=PLACEHOLDER-DEBT-DOCS-RUNBOOKS-AXIS-ADMISSION-PROPOSAL-MD; captured_at=2026-05-10; action=burn down tracked placeholder or replace with concrete doc owner before removing registry row
TODO	docs/runbooks/axis-retire-consolidate.md	4	TODO — fill at W-Foundation authoring pass.	owner=ops-sre-reliability; issue=PLACEHOLDER-DEBT-DOCS-RUNBOOKS-AXIS-RETIRE-CONSOLIDATE-MD; captured_at=2026-05-10; action=burn down tracked placeholder or replace with concrete doc owner before removing registry row
TODO	docs/runbooks/axis-retire-consolidate.md	1	TODO — fill at W-Foundation authoring pass. Source signals + paging policy per [INCIDENT-MANAGEMENT.md](../INCIDENT-MANAGEMENT.md).	owner=ops-sre-reliability; issue=PLACEHOLDER-DEBT-DOCS-RUNBOOKS-AXIS-RETIRE-CONSOLIDATE-MD; captured_at=2026-05-10; action=burn down tracked placeholder or replace with concrete doc owner before removing registry row
TODO	docs/runbooks/brand-rename-batch-execute.md	4	TODO — fill at W-Foundation authoring pass.	owner=ops-sre-reliability; issue=PLACEHOLDER-DEBT-DOCS-RUNBOOKS-BRAND-RENAME-BATCH-EXECUTE-MD; captured_at=2026-05-10; action=burn down tracked placeholder or replace with concrete doc owner before removing registry row
TODO	docs/runbooks/brand-rename-batch-execute.md	1	TODO — fill at W-Foundation authoring pass. Source signals + paging policy per [INCIDENT-MANAGEMENT.md](../INCIDENT-MANAGEMENT.md).	owner=ops-sre-reliability; issue=PLACEHOLDER-DEBT-DOCS-RUNBOOKS-BRAND-RENAME-BATCH-EXECUTE-MD; captured_at=2026-05-10; action=burn down tracked placeholder or replace with concrete doc owner before removing registry row
TODO	docs/runbooks/brand-rename-rollback.md	4	TODO — fill at W-Foundation authoring pass.	owner=ops-sre-reliability; issue=PLACEHOLDER-DEBT-DOCS-RUNBOOKS-BRAND-RENAME-ROLLBACK-MD; captured_at=2026-05-10; action=burn down tracked placeholder or replace with concrete doc owner before removing registry row
TODO	docs/runbooks/brand-rename-rollback.md	1	TODO — fill at W-Foundation authoring pass. Source signals + paging policy per [INCIDENT-MANAGEMENT.md](../INCIDENT-MANAGEMENT.md).	owner=ops-sre-reliability; issue=PLACEHOLDER-DEBT-DOCS-RUNBOOKS-BRAND-RENAME-ROLLBACK-MD; captured_at=2026-05-10; action=burn down tracked placeholder or replace with concrete doc owner before removing registry row
TODO	docs/runbooks/breach-notification-council-escalation.md	4	TODO — fill at W-Foundation authoring pass.	owner=ops-security; issue=PLACEHOLDER-DEBT-DOCS-RUNBOOKS-BREACH-NOTIFICATION-COUNCIL-ESCALATION-MD; captured_at=2026-05-10; action=burn down tracked placeholder or replace with concrete doc owner before removing registry row
TODO	docs/runbooks/breach-notification-council-escalation.md	1	TODO — fill at W-Foundation authoring pass. Source signals + paging policy per [INCIDENT-MANAGEMENT.md](../INCIDENT-MANAGEMENT.md).	owner=ops-security; issue=PLACEHOLDER-DEBT-DOCS-RUNBOOKS-BREACH-NOTIFICATION-COUNCIL-ESCALATION-MD; captured_at=2026-05-10; action=burn down tracked placeholder or replace with concrete doc owner before removing registry row
TODO	docs/runbooks/breach-notification.md	4	TODO — fill at W-Foundation authoring pass.	owner=ops-security; issue=PLACEHOLDER-DEBT-DOCS-RUNBOOKS-BREACH-NOTIFICATION-MD; captured_at=2026-05-10; action=burn down tracked placeholder or replace with concrete doc owner before removing registry row
TODO	docs/runbooks/breach-notification.md	1	TODO — fill at W-Foundation authoring pass. Source signals + paging policy per [INCIDENT-MANAGEMENT.md](../INCIDENT-MANAGEMENT.md).	owner=ops-security; issue=PLACEHOLDER-DEBT-DOCS-RUNBOOKS-BREACH-NOTIFICATION-MD; captured_at=2026-05-10; action=burn down tracked placeholder or replace with concrete doc owner before removing registry row
TODO	docs/runbooks/break-glass-with-evidence.md	4	TODO — fill at W-Foundation authoring pass.	owner=ops-sre-reliability; issue=PLACEHOLDER-DEBT-DOCS-RUNBOOKS-BREAK-GLASS-WITH-EVIDENCE-MD; captured_at=2026-05-10; action=burn down tracked placeholder or replace with concrete doc owner before removing registry row
TODO	docs/runbooks/break-glass-with-evidence.md	1	TODO — fill at W-Foundation authoring pass. Source signals + paging policy per [INCIDENT-MANAGEMENT.md](../INCIDENT-MANAGEMENT.md).	owner=ops-sre-reliability; issue=PLACEHOLDER-DEBT-DOCS-RUNBOOKS-BREAK-GLASS-WITH-EVIDENCE-MD; captured_at=2026-05-10; action=burn down tracked placeholder or replace with concrete doc owner before removing registry row
TODO	docs/runbooks/capability-rollback.md	4	TODO — fill at W-Foundation authoring pass.	owner=ops-sre-reliability; issue=PLACEHOLDER-DEBT-DOCS-RUNBOOKS-CAPABILITY-ROLLBACK-MD; captured_at=2026-05-10; action=burn down tracked placeholder or replace with concrete doc owner before removing registry row
TODO	docs/runbooks/capability-rollback.md	1	TODO — fill at W-Foundation authoring pass. Source signals + paging policy per [INCIDENT-MANAGEMENT.md](../INCIDENT-MANAGEMENT.md).	owner=ops-sre-reliability; issue=PLACEHOLDER-DEBT-DOCS-RUNBOOKS-CAPABILITY-ROLLBACK-MD; captured_at=2026-05-10; action=burn down tracked placeholder or replace with concrete doc owner before removing registry row
TODO	docs/runbooks/capacity-scaling-emergency.md	4	TODO — fill at W-Foundation authoring pass.	owner=ops-sre-reliability; issue=PLACEHOLDER-DEBT-DOCS-RUNBOOKS-CAPACITY-SCALING-EMERGENCY-MD; captured_at=2026-05-10; action=burn down tracked placeholder or replace with concrete doc owner before removing registry row
TODO	docs/runbooks/capacity-scaling-emergency.md	1	TODO — fill at W-Foundation authoring pass. Source signals + paging policy per [INCIDENT-MANAGEMENT.md](../INCIDENT-MANAGEMENT.md).	owner=ops-sre-reliability; issue=PLACEHOLDER-DEBT-DOCS-RUNBOOKS-CAPACITY-SCALING-EMERGENCY-MD; captured_at=2026-05-10; action=burn down tracked placeholder or replace with concrete doc owner before removing registry row
TODO	docs/runbooks/cedar-policy-breach.md	4	TODO — fill at W-Foundation authoring pass.	owner=ops-security; issue=PLACEHOLDER-DEBT-DOCS-RUNBOOKS-CEDAR-POLICY-BREACH-MD; captured_at=2026-05-10; action=burn down tracked placeholder or replace with concrete doc owner before removing registry row
TODO	docs/runbooks/cedar-policy-breach.md	1	TODO — fill at W-Foundation authoring pass. Source signals + paging policy per [INCIDENT-MANAGEMENT.md](../INCIDENT-MANAGEMENT.md).	owner=ops-security; issue=PLACEHOLDER-DEBT-DOCS-RUNBOOKS-CEDAR-POLICY-BREACH-MD; captured_at=2026-05-10; action=burn down tracked placeholder or replace with concrete doc owner before removing registry row
TODO	docs/runbooks/cedar-policy-rollback.md	4	TODO — fill at W-Foundation authoring pass.	owner=ops-sre-reliability; issue=PLACEHOLDER-DEBT-DOCS-RUNBOOKS-CEDAR-POLICY-ROLLBACK-MD; captured_at=2026-05-10; action=burn down tracked placeholder or replace with concrete doc owner before removing registry row
TODO	docs/runbooks/cedar-policy-rollback.md	1	TODO — fill at W-Foundation authoring pass. Source signals + paging policy per [INCIDENT-MANAGEMENT.md](../INCIDENT-MANAGEMENT.md).	owner=ops-sre-reliability; issue=PLACEHOLDER-DEBT-DOCS-RUNBOOKS-CEDAR-POLICY-ROLLBACK-MD; captured_at=2026-05-10; action=burn down tracked placeholder or replace with concrete doc owner before removing registry row
TODO	docs/runbooks/cell-failover-intra-region.md	4	TODO — fill at W-Foundation authoring pass.	owner=ops-sre-reliability; issue=PLACEHOLDER-DEBT-DOCS-RUNBOOKS-CELL-FAILOVER-INTRA-REGION-MD; captured_at=2026-05-10; action=burn down tracked placeholder or replace with concrete doc owner before removing registry row
TODO	docs/runbooks/cell-failover-intra-region.md	1	TODO — fill at W-Foundation authoring pass. Source signals + paging policy per [INCIDENT-MANAGEMENT.md](../INCIDENT-MANAGEMENT.md).	owner=ops-sre-reliability; issue=PLACEHOLDER-DEBT-DOCS-RUNBOOKS-CELL-FAILOVER-INTRA-REGION-MD; captured_at=2026-05-10; action=burn down tracked placeholder or replace with concrete doc owner before removing registry row
TODO	docs/runbooks/cell-isolation-breach.md	4	TODO — fill at W-Foundation authoring pass.	owner=ops-security; issue=PLACEHOLDER-DEBT-DOCS-RUNBOOKS-CELL-ISOLATION-BREACH-MD; captured_at=2026-05-10; action=burn down tracked placeholder or replace with concrete doc owner before removing registry row
TODO	docs/runbooks/cell-isolation-breach.md	1	TODO — fill at W-Foundation authoring pass. Source signals + paging policy per [INCIDENT-MANAGEMENT.md](../INCIDENT-MANAGEMENT.md).	owner=ops-security; issue=PLACEHOLDER-DEBT-DOCS-RUNBOOKS-CELL-ISOLATION-BREACH-MD; captured_at=2026-05-10; action=burn down tracked placeholder or replace with concrete doc owner before removing registry row
TODO	docs/runbooks/cell-isolation-evidence-quarterly.md	4	TODO — fill at W-Foundation authoring pass.	owner=ops-sre-reliability; issue=PLACEHOLDER-DEBT-DOCS-RUNBOOKS-CELL-ISOLATION-EVIDENCE-QUARTERLY-MD; captured_at=2026-05-10; action=burn down tracked placeholder or replace with concrete doc owner before removing registry row
TODO	docs/runbooks/cell-isolation-evidence-quarterly.md	1	TODO — fill at W-Foundation authoring pass. Source signals + paging policy per [INCIDENT-MANAGEMENT.md](../INCIDENT-MANAGEMENT.md).	owner=ops-sre-reliability; issue=PLACEHOLDER-DEBT-DOCS-RUNBOOKS-CELL-ISOLATION-EVIDENCE-QUARTERLY-MD; captured_at=2026-05-10; action=burn down tracked placeholder or replace with concrete doc owner before removing registry row
TODO	docs/runbooks/cell-provision.md	4	TODO — fill at W-Foundation authoring pass.	owner=ops-sre-reliability; issue=PLACEHOLDER-DEBT-DOCS-RUNBOOKS-CELL-PROVISION-MD; captured_at=2026-05-10; action=burn down tracked placeholder or replace with concrete doc owner before removing registry row
TODO	docs/runbooks/cell-provision.md	1	TODO — fill at W-Foundation authoring pass. Source signals + paging policy per [INCIDENT-MANAGEMENT.md](../INCIDENT-MANAGEMENT.md).	owner=ops-sre-reliability; issue=PLACEHOLDER-DEBT-DOCS-RUNBOOKS-CELL-PROVISION-MD; captured_at=2026-05-10; action=burn down tracked placeholder or replace with concrete doc owner before removing registry row
TODO	docs/runbooks/cell-tier-promotion.md	4	TODO — fill at W-Foundation authoring pass.	owner=ops-sre-reliability; issue=PLACEHOLDER-DEBT-DOCS-RUNBOOKS-CELL-TIER-PROMOTION-MD; captured_at=2026-05-10; action=burn down tracked placeholder or replace with concrete doc owner before removing registry row
TODO	docs/runbooks/cell-tier-promotion.md	1	TODO — fill at W-Foundation authoring pass. Source signals + paging policy per [INCIDENT-MANAGEMENT.md](../INCIDENT-MANAGEMENT.md).	owner=ops-sre-reliability; issue=PLACEHOLDER-DEBT-DOCS-RUNBOOKS-CELL-TIER-PROMOTION-MD; captured_at=2026-05-10; action=burn down tracked placeholder or replace with concrete doc owner before removing registry row
TODO	docs/runbooks/claim-ceiling-bypass-expiry.md	4	TODO — fill at W-Foundation authoring pass.	owner=ops-sre-reliability; issue=PLACEHOLDER-DEBT-DOCS-RUNBOOKS-CLAIM-CEILING-BYPASS-EXPIRY-MD; captured_at=2026-05-10; action=burn down tracked placeholder or replace with concrete doc owner before removing registry row
TODO	docs/runbooks/claim-ceiling-bypass-expiry.md	1	TODO — fill at W-Foundation authoring pass. Source signals + paging policy per [INCIDENT-MANAGEMENT.md](../INCIDENT-MANAGEMENT.md).	owner=ops-sre-reliability; issue=PLACEHOLDER-DEBT-DOCS-RUNBOOKS-CLAIM-CEILING-BYPASS-EXPIRY-MD; captured_at=2026-05-10; action=burn down tracked placeholder or replace with concrete doc owner before removing registry row
TODO	docs/runbooks/clinical-audit-replay.md	4	TODO — fill at W-Foundation authoring pass.	owner=ops-sre-reliability; issue=PLACEHOLDER-DEBT-DOCS-RUNBOOKS-CLINICAL-AUDIT-REPLAY-MD; captured_at=2026-05-10; action=burn down tracked placeholder or replace with concrete doc owner before removing registry row
TODO	docs/runbooks/clinical-audit-replay.md	1	TODO — fill at W-Foundation authoring pass. Source signals + paging policy per [INCIDENT-MANAGEMENT.md](../INCIDENT-MANAGEMENT.md).	owner=ops-sre-reliability; issue=PLACEHOLDER-DEBT-DOCS-RUNBOOKS-CLINICAL-AUDIT-REPLAY-MD; captured_at=2026-05-10; action=burn down tracked placeholder or replace with concrete doc owner before removing registry row
TODO	docs/runbooks/cold-chain-breach-alert.md	4	TODO — fill at W-Foundation authoring pass.	owner=ops-security; issue=PLACEHOLDER-DEBT-DOCS-RUNBOOKS-COLD-CHAIN-BREACH-ALERT-MD; captured_at=2026-05-10; action=burn down tracked placeholder or replace with concrete doc owner before removing registry row
TODO	docs/runbooks/cold-chain-breach-alert.md	1	TODO — fill at W-Foundation authoring pass. Source signals + paging policy per [INCIDENT-MANAGEMENT.md](../INCIDENT-MANAGEMENT.md).	owner=ops-security; issue=PLACEHOLDER-DEBT-DOCS-RUNBOOKS-COLD-CHAIN-BREACH-ALERT-MD; captured_at=2026-05-10; action=burn down tracked placeholder or replace with concrete doc owner before removing registry row
TODO	docs/runbooks/consent-withdrawal-cascade.md	4	TODO — fill at W-Foundation authoring pass.	owner=council-privacy; issue=PLACEHOLDER-DEBT-DOCS-RUNBOOKS-CONSENT-WITHDRAWAL-CASCADE-MD; captured_at=2026-05-10; action=burn down tracked placeholder or replace with concrete doc owner before removing registry row
TODO	docs/runbooks/consent-withdrawal-cascade.md	1	TODO — fill at W-Foundation authoring pass. Source signals + paging policy per [INCIDENT-MANAGEMENT.md](../INCIDENT-MANAGEMENT.md).	owner=council-privacy; issue=PLACEHOLDER-DEBT-DOCS-RUNBOOKS-CONSENT-WITHDRAWAL-CASCADE-MD; captured_at=2026-05-10; action=burn down tracked placeholder or replace with concrete doc owner before removing registry row
TODO	docs/runbooks/contract-breaking-change.md	4	TODO — fill at W-Foundation authoring pass.	owner=ops-sre-reliability; issue=PLACEHOLDER-DEBT-DOCS-RUNBOOKS-CONTRACT-BREAKING-CHANGE-MD; captured_at=2026-05-10; action=burn down tracked placeholder or replace with concrete doc owner before removing registry row
TODO	docs/runbooks/contract-breaking-change.md	1	TODO — fill at W-Foundation authoring pass. Source signals + paging policy per [INCIDENT-MANAGEMENT.md](../INCIDENT-MANAGEMENT.md).	owner=ops-sre-reliability; issue=PLACEHOLDER-DEBT-DOCS-RUNBOOKS-CONTRACT-BREAKING-CHANGE-MD; captured_at=2026-05-10; action=burn down tracked placeholder or replace with concrete doc owner before removing registry row
TODO	docs/runbooks/contract-introduction.md	4	TODO — fill at W-Foundation authoring pass.	owner=ops-sre-reliability; issue=PLACEHOLDER-DEBT-DOCS-RUNBOOKS-CONTRACT-INTRODUCTION-MD; captured_at=2026-05-10; action=burn down tracked placeholder or replace with concrete doc owner before removing registry row
TODO	docs/runbooks/contract-introduction.md	1	TODO — fill at W-Foundation authoring pass. Source signals + paging policy per [INCIDENT-MANAGEMENT.md](../INCIDENT-MANAGEMENT.md).	owner=ops-sre-reliability; issue=PLACEHOLDER-DEBT-DOCS-RUNBOOKS-CONTRACT-INTRODUCTION-MD; captured_at=2026-05-10; action=burn down tracked placeholder or replace with concrete doc owner before removing registry row
TODO	docs/runbooks/cost-anomaly-response.md	4	TODO — fill at W-Foundation authoring pass.	owner=ops-finops; issue=PLACEHOLDER-DEBT-DOCS-RUNBOOKS-COST-ANOMALY-RESPONSE-MD; captured_at=2026-05-10; action=burn down tracked placeholder or replace with concrete doc owner before removing registry row
TODO	docs/runbooks/cost-anomaly-response.md	1	TODO — fill at W-Foundation authoring pass. Source signals + paging policy per [INCIDENT-MANAGEMENT.md](../INCIDENT-MANAGEMENT.md).	owner=ops-finops; issue=PLACEHOLDER-DEBT-DOCS-RUNBOOKS-COST-ANOMALY-RESPONSE-MD; captured_at=2026-05-10; action=burn down tracked placeholder or replace with concrete doc owner before removing registry row
TODO	docs/runbooks/crawler-politeness-incident.md	4	TODO — fill at W-Foundation authoring pass.	owner=ops-sre-reliability; issue=PLACEHOLDER-DEBT-DOCS-RUNBOOKS-CRAWLER-POLITENESS-INCIDENT-MD; captured_at=2026-05-10; action=burn down tracked placeholder or replace with concrete doc owner before removing registry row
TODO	docs/runbooks/crawler-politeness-incident.md	1	TODO — fill at W-Foundation authoring pass. Source signals + paging policy per [INCIDENT-MANAGEMENT.md](../INCIDENT-MANAGEMENT.md).	owner=ops-sre-reliability; issue=PLACEHOLDER-DEBT-DOCS-RUNBOOKS-CRAWLER-POLITENESS-INCIDENT-MD; captured_at=2026-05-10; action=burn down tracked placeholder or replace with concrete doc owner before removing registry row
TODO	docs/runbooks/cross-axis-contradiction-audit.md	4	TODO — fill at W-Foundation authoring pass.	owner=ops-sre-reliability; issue=PLACEHOLDER-DEBT-DOCS-RUNBOOKS-CROSS-AXIS-CONTRADICTION-AUDIT-MD; captured_at=2026-05-10; action=burn down tracked placeholder or replace with concrete doc owner before removing registry row
TODO	docs/runbooks/cross-axis-contradiction-audit.md	1	TODO — fill at W-Foundation authoring pass. Source signals + paging policy per [INCIDENT-MANAGEMENT.md](../INCIDENT-MANAGEMENT.md).	owner=ops-sre-reliability; issue=PLACEHOLDER-DEBT-DOCS-RUNBOOKS-CROSS-AXIS-CONTRADICTION-AUDIT-MD; captured_at=2026-05-10; action=burn down tracked placeholder or replace with concrete doc owner before removing registry row
TODO	docs/runbooks/cross-doc-impact-analysis.md	4	TODO — fill at W-Foundation authoring pass.	owner=ops-sre-reliability; issue=PLACEHOLDER-DEBT-DOCS-RUNBOOKS-CROSS-DOC-IMPACT-ANALYSIS-MD; captured_at=2026-05-10; action=burn down tracked placeholder or replace with concrete doc owner before removing registry row
TODO	docs/runbooks/cross-doc-impact-analysis.md	1	TODO — fill at W-Foundation authoring pass. Source signals + paging policy per [INCIDENT-MANAGEMENT.md](../INCIDENT-MANAGEMENT.md).	owner=ops-sre-reliability; issue=PLACEHOLDER-DEBT-DOCS-RUNBOOKS-CROSS-DOC-IMPACT-ANALYSIS-MD; captured_at=2026-05-10; action=burn down tracked placeholder or replace with concrete doc owner before removing registry row
TODO	docs/runbooks/cross-pack-tenant-residency.md	4	TODO — fill at W-Foundation authoring pass.	owner=ops-sre-reliability; issue=PLACEHOLDER-DEBT-DOCS-RUNBOOKS-CROSS-PACK-TENANT-RESIDENCY-MD; captured_at=2026-05-10; action=burn down tracked placeholder or replace with concrete doc owner before removing registry row
TODO	docs/runbooks/cross-pack-tenant-residency.md	1	TODO — fill at W-Foundation authoring pass. Source signals + paging policy per [INCIDENT-MANAGEMENT.md](../INCIDENT-MANAGEMENT.md).	owner=ops-sre-reliability; issue=PLACEHOLDER-DEBT-DOCS-RUNBOOKS-CROSS-PACK-TENANT-RESIDENCY-MD; captured_at=2026-05-10; action=burn down tracked placeholder or replace with concrete doc owner before removing registry row
TODO	docs/runbooks/cross-plane-call-introduction.md	4	TODO — fill at W-Foundation authoring pass.	owner=ops-sre-reliability; issue=PLACEHOLDER-DEBT-DOCS-RUNBOOKS-CROSS-PLANE-CALL-INTRODUCTION-MD; captured_at=2026-05-10; action=burn down tracked placeholder or replace with concrete doc owner before removing registry row
TODO	docs/runbooks/cross-plane-call-introduction.md	1	TODO — fill at W-Foundation authoring pass. Source signals + paging policy per [INCIDENT-MANAGEMENT.md](../INCIDENT-MANAGEMENT.md).	owner=ops-sre-reliability; issue=PLACEHOLDER-DEBT-DOCS-RUNBOOKS-CROSS-PLANE-CALL-INTRODUCTION-MD; captured_at=2026-05-10; action=burn down tracked placeholder or replace with concrete doc owner before removing registry row
TODO	docs/runbooks/cve-critical-patch.md	4	TODO — fill at W-Foundation authoring pass.	owner=ops-security; issue=PLACEHOLDER-DEBT-DOCS-RUNBOOKS-CVE-CRITICAL-PATCH-MD; captured_at=2026-05-10; action=burn down tracked placeholder or replace with concrete doc owner before removing registry row
TODO	docs/runbooks/cve-critical-patch.md	1	TODO — fill at W-Foundation authoring pass. Source signals + paging policy per [INCIDENT-MANAGEMENT.md](../INCIDENT-MANAGEMENT.md).	owner=ops-security; issue=PLACEHOLDER-DEBT-DOCS-RUNBOOKS-CVE-CRITICAL-PATCH-MD; captured_at=2026-05-10; action=burn down tracked placeholder or replace with concrete doc owner before removing registry row
TODO	docs/runbooks/data-class-transition-approval.md	4	TODO — fill at W-Foundation authoring pass.	owner=ops-sre-reliability; issue=PLACEHOLDER-DEBT-DOCS-RUNBOOKS-DATA-CLASS-TRANSITION-APPROVAL-MD; captured_at=2026-05-10; action=burn down tracked placeholder or replace with concrete doc owner before removing registry row
TODO	docs/runbooks/data-class-transition-approval.md	1	TODO — fill at W-Foundation authoring pass. Source signals + paging policy per [INCIDENT-MANAGEMENT.md](../INCIDENT-MANAGEMENT.md).	owner=ops-sre-reliability; issue=PLACEHOLDER-DEBT-DOCS-RUNBOOKS-DATA-CLASS-TRANSITION-APPROVAL-MD; captured_at=2026-05-10; action=burn down tracked placeholder or replace with concrete doc owner before removing registry row
TODO	docs/runbooks/demo-environment-reset.md	4	TODO — fill at W-Foundation authoring pass.	owner=ops-sre-reliability; issue=PLACEHOLDER-DEBT-DOCS-RUNBOOKS-DEMO-ENVIRONMENT-RESET-MD; captured_at=2026-05-10; action=burn down tracked placeholder or replace with concrete doc owner before removing registry row
TODO	docs/runbooks/demo-environment-reset.md	1	TODO — fill at W-Foundation authoring pass. Source signals + paging policy per [INCIDENT-MANAGEMENT.md](../INCIDENT-MANAGEMENT.md).	owner=ops-sre-reliability; issue=PLACEHOLDER-DEBT-DOCS-RUNBOOKS-DEMO-ENVIRONMENT-RESET-MD; captured_at=2026-05-10; action=burn down tracked placeholder or replace with concrete doc owner before removing registry row
TODO	docs/runbooks/dep-replacement-execution.md	4	TODO — fill at W-Foundation authoring pass.	owner=ops-sre-reliability; issue=PLACEHOLDER-DEBT-DOCS-RUNBOOKS-DEP-REPLACEMENT-EXECUTION-MD; captured_at=2026-05-10; action=burn down tracked placeholder or replace with concrete doc owner before removing registry row
TODO	docs/runbooks/dep-replacement-execution.md	1	TODO — fill at W-Foundation authoring pass. Source signals + paging policy per [INCIDENT-MANAGEMENT.md](../INCIDENT-MANAGEMENT.md).	owner=ops-sre-reliability; issue=PLACEHOLDER-DEBT-DOCS-RUNBOOKS-DEP-REPLACEMENT-EXECUTION-MD; captured_at=2026-05-10; action=burn down tracked placeholder or replace with concrete doc owner before removing registry row
TODO	docs/runbooks/design-partner-feedback-session.md	4	TODO — fill at W-Foundation authoring pass.	owner=ops-sre-reliability; issue=PLACEHOLDER-DEBT-DOCS-RUNBOOKS-DESIGN-PARTNER-FEEDBACK-SESSION-MD; captured_at=2026-05-10; action=burn down tracked placeholder or replace with concrete doc owner before removing registry row
TODO	docs/runbooks/design-partner-feedback-session.md	1	TODO — fill at W-Foundation authoring pass. Source signals + paging policy per [INCIDENT-MANAGEMENT.md](../INCIDENT-MANAGEMENT.md).	owner=ops-sre-reliability; issue=PLACEHOLDER-DEBT-DOCS-RUNBOOKS-DESIGN-PARTNER-FEEDBACK-SESSION-MD; captured_at=2026-05-10; action=burn down tracked placeholder or replace with concrete doc owner before removing registry row
TODO	docs/runbooks/design-partner-onboarding.md	4	TODO — fill at W-Foundation authoring pass.	owner=ops-sre-reliability; issue=PLACEHOLDER-DEBT-DOCS-RUNBOOKS-DESIGN-PARTNER-ONBOARDING-MD; captured_at=2026-05-10; action=burn down tracked placeholder or replace with concrete doc owner before removing registry row
TODO	docs/runbooks/design-partner-onboarding.md	1	TODO — fill at W-Foundation authoring pass. Source signals + paging policy per [INCIDENT-MANAGEMENT.md](../INCIDENT-MANAGEMENT.md).	owner=ops-sre-reliability; issue=PLACEHOLDER-DEBT-DOCS-RUNBOOKS-DESIGN-PARTNER-ONBOARDING-MD; captured_at=2026-05-10; action=burn down tracked placeholder or replace with concrete doc owner before removing registry row
TODO	docs/runbooks/doc-update-pr.md	4	TODO — fill at W-Foundation authoring pass.	owner=ops-sre-reliability; issue=PLACEHOLDER-DEBT-DOCS-RUNBOOKS-DOC-UPDATE-PR-MD; captured_at=2026-05-10; action=burn down tracked placeholder or replace with concrete doc owner before removing registry row
TODO	docs/runbooks/doc-update-pr.md	1	TODO — fill at W-Foundation authoring pass. Source signals + paging policy per [INCIDENT-MANAGEMENT.md](../INCIDENT-MANAGEMENT.md).	owner=ops-sre-reliability; issue=PLACEHOLDER-DEBT-DOCS-RUNBOOKS-DOC-UPDATE-PR-MD; captured_at=2026-05-10; action=burn down tracked placeholder or replace with concrete doc owner before removing registry row
TODO	docs/runbooks/dr-drill-playbook.md	4	TODO — fill at W-Foundation authoring pass.	owner=ops-sre-reliability; issue=PLACEHOLDER-DEBT-DOCS-RUNBOOKS-DR-DRILL-PLAYBOOK-MD; captured_at=2026-05-10; action=burn down tracked placeholder or replace with concrete doc owner before removing registry row
TODO	docs/runbooks/dr-drill-playbook.md	1	TODO — fill at W-Foundation authoring pass. Source signals + paging policy per [INCIDENT-MANAGEMENT.md](../INCIDENT-MANAGEMENT.md).	owner=ops-sre-reliability; issue=PLACEHOLDER-DEBT-DOCS-RUNBOOKS-DR-DRILL-PLAYBOOK-MD; captured_at=2026-05-10; action=burn down tracked placeholder or replace with concrete doc owner before removing registry row
TODO	docs/runbooks/dsr-cascade-orchestration.md	4	TODO — fill at W-Foundation authoring pass.	owner=council-privacy; issue=PLACEHOLDER-DEBT-DOCS-RUNBOOKS-DSR-CASCADE-ORCHESTRATION-MD; captured_at=2026-05-10; action=burn down tracked placeholder or replace with concrete doc owner before removing registry row
TODO	docs/runbooks/dsr-cascade-orchestration.md	1	TODO — fill at W-Foundation authoring pass. Source signals + paging policy per [INCIDENT-MANAGEMENT.md](../INCIDENT-MANAGEMENT.md).	owner=council-privacy; issue=PLACEHOLDER-DEBT-DOCS-RUNBOOKS-DSR-CASCADE-ORCHESTRATION-MD; captured_at=2026-05-10; action=burn down tracked placeholder or replace with concrete doc owner before removing registry row
TODO	docs/runbooks/dsr-cascade-proof-of-erasure.md	4	TODO — fill at W-Foundation authoring pass.	owner=council-privacy; issue=PLACEHOLDER-DEBT-DOCS-RUNBOOKS-DSR-CASCADE-PROOF-OF-ERASURE-MD; captured_at=2026-05-10; action=burn down tracked placeholder or replace with concrete doc owner before removing registry row
TODO	docs/runbooks/dsr-cascade-proof-of-erasure.md	1	TODO — fill at W-Foundation authoring pass. Source signals + paging policy per [INCIDENT-MANAGEMENT.md](../INCIDENT-MANAGEMENT.md).	owner=council-privacy; issue=PLACEHOLDER-DEBT-DOCS-RUNBOOKS-DSR-CASCADE-PROOF-OF-ERASURE-MD; captured_at=2026-05-10; action=burn down tracked placeholder or replace with concrete doc owner before removing registry row
TODO	docs/runbooks/dsr-cascade-with-evidence.md	4	TODO — fill at W-Foundation authoring pass.	owner=council-privacy; issue=PLACEHOLDER-DEBT-DOCS-RUNBOOKS-DSR-CASCADE-WITH-EVIDENCE-MD; captured_at=2026-05-10; action=burn down tracked placeholder or replace with concrete doc owner before removing registry row
TODO	docs/runbooks/dsr-cascade-with-evidence.md	1	TODO — fill at W-Foundation authoring pass. Source signals + paging policy per [INCIDENT-MANAGEMENT.md](../INCIDENT-MANAGEMENT.md).	owner=council-privacy; issue=PLACEHOLDER-DEBT-DOCS-RUNBOOKS-DSR-CASCADE-WITH-EVIDENCE-MD; captured_at=2026-05-10; action=burn down tracked placeholder or replace with concrete doc owner before removing registry row
TODO	docs/runbooks/dsr-compliance-report.md	4	TODO — fill at W-Foundation authoring pass.	owner=council-privacy; issue=PLACEHOLDER-DEBT-DOCS-RUNBOOKS-DSR-COMPLIANCE-REPORT-MD; captured_at=2026-05-10; action=burn down tracked placeholder or replace with concrete doc owner before removing registry row
TODO	docs/runbooks/dsr-compliance-report.md	1	TODO — fill at W-Foundation authoring pass. Source signals + paging policy per [INCIDENT-MANAGEMENT.md](../INCIDENT-MANAGEMENT.md).	owner=council-privacy; issue=PLACEHOLDER-DEBT-DOCS-RUNBOOKS-DSR-COMPLIANCE-REPORT-MD; captured_at=2026-05-10; action=burn down tracked placeholder or replace with concrete doc owner before removing registry row
TODO	docs/runbooks/employee-dsr-cascade.md	4	TODO — fill at W-Foundation authoring pass.	owner=council-privacy; issue=PLACEHOLDER-DEBT-DOCS-RUNBOOKS-EMPLOYEE-DSR-CASCADE-MD; captured_at=2026-05-10; action=burn down tracked placeholder or replace with concrete doc owner before removing registry row
TODO	docs/runbooks/employee-dsr-cascade.md	1	TODO — fill at W-Foundation authoring pass. Source signals + paging policy per [INCIDENT-MANAGEMENT.md](../INCIDENT-MANAGEMENT.md).	owner=council-privacy; issue=PLACEHOLDER-DEBT-DOCS-RUNBOOKS-EMPLOYEE-DSR-CASCADE-MD; captured_at=2026-05-10; action=burn down tracked placeholder or replace with concrete doc owner before removing registry row
TODO	docs/runbooks/error-budget-exhaustion.md	4	TODO — fill at W-Foundation authoring pass.	owner=ops-sre-reliability; issue=PLACEHOLDER-DEBT-DOCS-RUNBOOKS-ERROR-BUDGET-EXHAUSTION-MD; captured_at=2026-05-10; action=burn down tracked placeholder or replace with concrete doc owner before removing registry row
TODO	docs/runbooks/error-budget-exhaustion.md	1	TODO — fill at W-Foundation authoring pass. Source signals + paging policy per [INCIDENT-MANAGEMENT.md](../INCIDENT-MANAGEMENT.md).	owner=ops-sre-reliability; issue=PLACEHOLDER-DEBT-DOCS-RUNBOOKS-ERROR-BUDGET-EXHAUSTION-MD; captured_at=2026-05-10; action=burn down tracked placeholder or replace with concrete doc owner before removing registry row
TODO	docs/runbooks/esign-failure.md	4	TODO — fill at W-Foundation authoring pass.	owner=ops-sre-reliability; issue=PLACEHOLDER-DEBT-DOCS-RUNBOOKS-ESIGN-FAILURE-MD; captured_at=2026-05-10; action=burn down tracked placeholder or replace with concrete doc owner before removing registry row
TODO	docs/runbooks/esign-failure.md	1	TODO — fill at W-Foundation authoring pass. Source signals + paging policy per [INCIDENT-MANAGEMENT.md](../INCIDENT-MANAGEMENT.md).	owner=ops-sre-reliability; issue=PLACEHOLDER-DEBT-DOCS-RUNBOOKS-ESIGN-FAILURE-MD; captured_at=2026-05-10; action=burn down tracked placeholder or replace with concrete doc owner before removing registry row
TODO	docs/runbooks/evidence-pack-generation.md	4	TODO — fill at W-Foundation authoring pass.	owner=ops-sre-reliability; issue=PLACEHOLDER-DEBT-DOCS-RUNBOOKS-EVIDENCE-PACK-GENERATION-MD; captured_at=2026-05-10; action=burn down tracked placeholder or replace with concrete doc owner before removing registry row
TODO	docs/runbooks/evidence-pack-generation.md	1	TODO — fill at W-Foundation authoring pass. Source signals + paging policy per [INCIDENT-MANAGEMENT.md](../INCIDENT-MANAGEMENT.md).	owner=ops-sre-reliability; issue=PLACEHOLDER-DEBT-DOCS-RUNBOOKS-EVIDENCE-PACK-GENERATION-MD; captured_at=2026-05-10; action=burn down tracked placeholder or replace with concrete doc owner before removing registry row
TODO	docs/runbooks/external-dep-onboarding.md	4	TODO — fill at W-Foundation authoring pass.	owner=ops-sre-reliability; issue=PLACEHOLDER-DEBT-DOCS-RUNBOOKS-EXTERNAL-DEP-ONBOARDING-MD; captured_at=2026-05-10; action=burn down tracked placeholder or replace with concrete doc owner before removing registry row
TODO	docs/runbooks/external-dep-onboarding.md	1	TODO — fill at W-Foundation authoring pass. Source signals + paging policy per [INCIDENT-MANAGEMENT.md](../INCIDENT-MANAGEMENT.md).	owner=ops-sre-reliability; issue=PLACEHOLDER-DEBT-DOCS-RUNBOOKS-EXTERNAL-DEP-ONBOARDING-MD; captured_at=2026-05-10; action=burn down tracked placeholder or replace with concrete doc owner before removing registry row
TODO	docs/runbooks/fhir-resource-dsr.md	4	TODO — fill at W-Foundation authoring pass.	owner=council-privacy; issue=PLACEHOLDER-DEBT-DOCS-RUNBOOKS-FHIR-RESOURCE-DSR-MD; captured_at=2026-05-10; action=burn down tracked placeholder or replace with concrete doc owner before removing registry row
TODO	docs/runbooks/fhir-resource-dsr.md	1	TODO — fill at W-Foundation authoring pass. Source signals + paging policy per [INCIDENT-MANAGEMENT.md](../INCIDENT-MANAGEMENT.md).	owner=council-privacy; issue=PLACEHOLDER-DEBT-DOCS-RUNBOOKS-FHIR-RESOURCE-DSR-MD; captured_at=2026-05-10; action=burn down tracked placeholder or replace with concrete doc owner before removing registry row
TODO	docs/runbooks/finops-monthly-close.md	4	TODO — fill at W-Foundation authoring pass.	owner=ops-finops; issue=PLACEHOLDER-DEBT-DOCS-RUNBOOKS-FINOPS-MONTHLY-CLOSE-MD; captured_at=2026-05-10; action=burn down tracked placeholder or replace with concrete doc owner before removing registry row
TODO	docs/runbooks/finops-monthly-close.md	1	TODO — fill at W-Foundation authoring pass. Source signals + paging policy per [INCIDENT-MANAGEMENT.md](../INCIDENT-MANAGEMENT.md).	owner=ops-finops; issue=PLACEHOLDER-DEBT-DOCS-RUNBOOKS-FINOPS-MONTHLY-CLOSE-MD; captured_at=2026-05-10; action=burn down tracked placeholder or replace with concrete doc owner before removing registry row
TODO	docs/runbooks/fintech-payment-failure.md	4	TODO — fill at W-Foundation authoring pass.	owner=ops-sre-reliability; issue=PLACEHOLDER-DEBT-DOCS-RUNBOOKS-FINTECH-PAYMENT-FAILURE-MD; captured_at=2026-05-10; action=burn down tracked placeholder or replace with concrete doc owner before removing registry row
TODO	docs/runbooks/fintech-payment-failure.md	1	TODO — fill at W-Foundation authoring pass. Source signals + paging policy per [INCIDENT-MANAGEMENT.md](../INCIDENT-MANAGEMENT.md).	owner=ops-sre-reliability; issue=PLACEHOLDER-DEBT-DOCS-RUNBOOKS-FINTECH-PAYMENT-FAILURE-MD; captured_at=2026-05-10; action=burn down tracked placeholder or replace with concrete doc owner before removing registry row
TODO	docs/runbooks/forbidden-license-rollback.md	4	TODO — fill at W-Foundation authoring pass.	owner=ops-security; issue=PLACEHOLDER-DEBT-DOCS-RUNBOOKS-FORBIDDEN-LICENSE-ROLLBACK-MD; captured_at=2026-05-10; action=burn down tracked placeholder or replace with concrete doc owner before removing registry row
TODO	docs/runbooks/forbidden-license-rollback.md	1	TODO — fill at W-Foundation authoring pass. Source signals + paging policy per [INCIDENT-MANAGEMENT.md](../INCIDENT-MANAGEMENT.md).	owner=ops-security; issue=PLACEHOLDER-DEBT-DOCS-RUNBOOKS-FORBIDDEN-LICENSE-ROLLBACK-MD; captured_at=2026-05-10; action=burn down tracked placeholder or replace with concrete doc owner before removing registry row
TODO	docs/runbooks/foundry-agent-daemon.md	4	TODO — fill at W-Foundation authoring pass.	owner=ops-sre-reliability; issue=PLACEHOLDER-DEBT-DOCS-RUNBOOKS-FOUNDRY-AGENT-DAEMON-MD; captured_at=2026-05-10; action=burn down tracked placeholder or replace with concrete doc owner before removing registry row
TODO	docs/runbooks/foundry-agent-daemon.md	1	TODO — fill at W-Foundation authoring pass. Source signals + paging policy per [INCIDENT-MANAGEMENT.md](../INCIDENT-MANAGEMENT.md).	owner=ops-sre-reliability; issue=PLACEHOLDER-DEBT-DOCS-RUNBOOKS-FOUNDRY-AGENT-DAEMON-MD; captured_at=2026-05-10; action=burn down tracked placeholder or replace with concrete doc owner before removing registry row
TODO	docs/runbooks/foundry-autonomy-policy-rollback.md	4	TODO — fill at W-Foundation authoring pass.	owner=ops-sre-reliability; issue=PLACEHOLDER-DEBT-DOCS-RUNBOOKS-FOUNDRY-AUTONOMY-POLICY-ROLLBACK-MD; captured_at=2026-05-10; action=burn down tracked placeholder or replace with concrete doc owner before removing registry row
TODO	docs/runbooks/foundry-autonomy-policy-rollback.md	1	TODO — fill at W-Foundation authoring pass. Source signals + paging policy per [INCIDENT-MANAGEMENT.md](../INCIDENT-MANAGEMENT.md).	owner=ops-sre-reliability; issue=PLACEHOLDER-DEBT-DOCS-RUNBOOKS-FOUNDRY-AUTONOMY-POLICY-ROLLBACK-MD; captured_at=2026-05-10; action=burn down tracked placeholder or replace with concrete doc owner before removing registry row
TODO	docs/runbooks/foundry-bypass-expiry-monitor.md	4	TODO — fill at W-Foundation authoring pass.	owner=ops-sre-reliability; issue=PLACEHOLDER-DEBT-DOCS-RUNBOOKS-FOUNDRY-BYPASS-EXPIRY-MONITOR-MD; captured_at=2026-05-10; action=burn down tracked placeholder or replace with concrete doc owner before removing registry row
TODO	docs/runbooks/foundry-bypass-expiry-monitor.md	1	TODO — fill at W-Foundation authoring pass. Source signals + paging policy per [INCIDENT-MANAGEMENT.md](../INCIDENT-MANAGEMENT.md).	owner=ops-sre-reliability; issue=PLACEHOLDER-DEBT-DOCS-RUNBOOKS-FOUNDRY-BYPASS-EXPIRY-MONITOR-MD; captured_at=2026-05-10; action=burn down tracked placeholder or replace with concrete doc owner before removing registry row
TODO	docs/runbooks/foundry-capability-publish.md	4	TODO — fill at W-Foundation authoring pass.	owner=ops-sre-reliability; issue=PLACEHOLDER-DEBT-DOCS-RUNBOOKS-FOUNDRY-CAPABILITY-PUBLISH-MD; captured_at=2026-05-10; action=burn down tracked placeholder or replace with concrete doc owner before removing registry row
TODO	docs/runbooks/foundry-capability-publish.md	1	TODO — fill at W-Foundation authoring pass. Source signals + paging policy per [INCIDENT-MANAGEMENT.md](../INCIDENT-MANAGEMENT.md).	owner=ops-sre-reliability; issue=PLACEHOLDER-DEBT-DOCS-RUNBOOKS-FOUNDRY-CAPABILITY-PUBLISH-MD; captured_at=2026-05-10; action=burn down tracked placeholder or replace with concrete doc owner before removing registry row
TODO	docs/runbooks/foundry-fitness-rollback.md	4	TODO — fill at W-Foundation authoring pass.	owner=ops-sre-reliability; issue=PLACEHOLDER-DEBT-DOCS-RUNBOOKS-FOUNDRY-FITNESS-ROLLBACK-MD; captured_at=2026-05-10; action=burn down tracked placeholder or replace with concrete doc owner before removing registry row
TODO	docs/runbooks/foundry-fitness-rollback.md	1	TODO — fill at W-Foundation authoring pass. Source signals + paging policy per [INCIDENT-MANAGEMENT.md](../INCIDENT-MANAGEMENT.md).	owner=ops-sre-reliability; issue=PLACEHOLDER-DEBT-DOCS-RUNBOOKS-FOUNDRY-FITNESS-ROLLBACK-MD; captured_at=2026-05-10; action=burn down tracked placeholder or replace with concrete doc owner before removing registry row
TODO	docs/runbooks/foundry-mcp-gateway-incident.md	4	TODO — fill at W-Foundation authoring pass.	owner=ops-sre-reliability; issue=PLACEHOLDER-DEBT-DOCS-RUNBOOKS-FOUNDRY-MCP-GATEWAY-INCIDENT-MD; captured_at=2026-05-10; action=burn down tracked placeholder or replace with concrete doc owner before removing registry row
TODO	docs/runbooks/foundry-mcp-gateway-incident.md	1	TODO — fill at W-Foundation authoring pass. Source signals + paging policy per [INCIDENT-MANAGEMENT.md](../INCIDENT-MANAGEMENT.md).	owner=ops-sre-reliability; issue=PLACEHOLDER-DEBT-DOCS-RUNBOOKS-FOUNDRY-MCP-GATEWAY-INCIDENT-MD; captured_at=2026-05-10; action=burn down tracked placeholder or replace with concrete doc owner before removing registry row
TODO	docs/runbooks/foundry-model-cutover.md	4	TODO — fill at W-Foundation authoring pass.	owner=ops-sre-reliability; issue=PLACEHOLDER-DEBT-DOCS-RUNBOOKS-FOUNDRY-MODEL-CUTOVER-MD; captured_at=2026-05-10; action=burn down tracked placeholder or replace with concrete doc owner before removing registry row
TODO	docs/runbooks/foundry-model-cutover.md	1	TODO — fill at W-Foundation authoring pass. Source signals + paging policy per [INCIDENT-MANAGEMENT.md](../INCIDENT-MANAGEMENT.md).	owner=ops-sre-reliability; issue=PLACEHOLDER-DEBT-DOCS-RUNBOOKS-FOUNDRY-MODEL-CUTOVER-MD; captured_at=2026-05-10; action=burn down tracked placeholder or replace with concrete doc owner before removing registry row
TODO	docs/runbooks/foundry-model-lora-adapter-rollback.md	4	TODO — fill at W-Foundation authoring pass.	owner=ops-sre-reliability; issue=PLACEHOLDER-DEBT-DOCS-RUNBOOKS-FOUNDRY-MODEL-LORA-ADAPTER-ROLLBACK-MD; captured_at=2026-05-10; action=burn down tracked placeholder or replace with concrete doc owner before removing registry row
TODO	docs/runbooks/foundry-model-lora-adapter-rollback.md	1	TODO — fill at W-Foundation authoring pass. Source signals + paging policy per [INCIDENT-MANAGEMENT.md](../INCIDENT-MANAGEMENT.md).	owner=ops-sre-reliability; issue=PLACEHOLDER-DEBT-DOCS-RUNBOOKS-FOUNDRY-MODEL-LORA-ADAPTER-ROLLBACK-MD; captured_at=2026-05-10; action=burn down tracked placeholder or replace with concrete doc owner before removing registry row
TODO	docs/runbooks/foundry-model-training-incident.md	4	TODO — fill at W-Foundation authoring pass.	owner=ops-sre-reliability; issue=PLACEHOLDER-DEBT-DOCS-RUNBOOKS-FOUNDRY-MODEL-TRAINING-INCIDENT-MD; captured_at=2026-05-10; action=burn down tracked placeholder or replace with concrete doc owner before removing registry row
TODO	docs/runbooks/foundry-model-training-incident.md	1	TODO — fill at W-Foundation authoring pass. Source signals + paging policy per [INCIDENT-MANAGEMENT.md](../INCIDENT-MANAGEMENT.md).	owner=ops-sre-reliability; issue=PLACEHOLDER-DEBT-DOCS-RUNBOOKS-FOUNDRY-MODEL-TRAINING-INCIDENT-MD; captured_at=2026-05-10; action=burn down tracked placeholder or replace with concrete doc owner before removing registry row
TODO	docs/runbooks/foundry-platform-incident.md	4	TODO — fill at W-Foundation authoring pass.	owner=ops-sre-reliability; issue=PLACEHOLDER-DEBT-DOCS-RUNBOOKS-FOUNDRY-PLATFORM-INCIDENT-MD; captured_at=2026-05-10; action=burn down tracked placeholder or replace with concrete doc owner before removing registry row
TODO	docs/runbooks/foundry-platform-incident.md	1	TODO — fill at W-Foundation authoring pass. Source signals + paging policy per [INCIDENT-MANAGEMENT.md](../INCIDENT-MANAGEMENT.md).	owner=ops-sre-reliability; issue=PLACEHOLDER-DEBT-DOCS-RUNBOOKS-FOUNDRY-PLATFORM-INCIDENT-MD; captured_at=2026-05-10; action=burn down tracked placeholder or replace with concrete doc owner before removing registry row
TODO	docs/runbooks/foundry-robotics-anti-scope-review.md	4	TODO — fill at W-Foundation authoring pass.	owner=ops-sre-reliability; issue=PLACEHOLDER-DEBT-DOCS-RUNBOOKS-FOUNDRY-ROBOTICS-ANTI-SCOPE-REVIEW-MD; captured_at=2026-05-10; action=burn down tracked placeholder or replace with concrete doc owner before removing registry row
TODO	docs/runbooks/foundry-robotics-anti-scope-review.md	1	TODO — fill at W-Foundation authoring pass. Source signals + paging policy per [INCIDENT-MANAGEMENT.md](../INCIDENT-MANAGEMENT.md).	owner=ops-sre-reliability; issue=PLACEHOLDER-DEBT-DOCS-RUNBOOKS-FOUNDRY-ROBOTICS-ANTI-SCOPE-REVIEW-MD; captured_at=2026-05-10; action=burn down tracked placeholder or replace with concrete doc owner before removing registry row
TODO	docs/runbooks/foundry-robotics-safe-stop.md	4	TODO — fill at W-Foundation authoring pass.	owner=ops-sre-reliability; issue=PLACEHOLDER-DEBT-DOCS-RUNBOOKS-FOUNDRY-ROBOTICS-SAFE-STOP-MD; captured_at=2026-05-10; action=burn down tracked placeholder or replace with concrete doc owner before removing registry row
TODO	docs/runbooks/foundry-robotics-safe-stop.md	1	TODO — fill at W-Foundation authoring pass. Source signals + paging policy per [INCIDENT-MANAGEMENT.md](../INCIDENT-MANAGEMENT.md).	owner=ops-sre-reliability; issue=PLACEHOLDER-DEBT-DOCS-RUNBOOKS-FOUNDRY-ROBOTICS-SAFE-STOP-MD; captured_at=2026-05-10; action=burn down tracked placeholder or replace with concrete doc owner before removing registry row
TODO	docs/runbooks/foundry-sandbox-escape.md	4	TODO — fill at W-Foundation authoring pass.	owner=ops-sre-reliability; issue=PLACEHOLDER-DEBT-DOCS-RUNBOOKS-FOUNDRY-SANDBOX-ESCAPE-MD; captured_at=2026-05-10; action=burn down tracked placeholder or replace with concrete doc owner before removing registry row
TODO	docs/runbooks/foundry-sandbox-escape.md	1	TODO — fill at W-Foundation authoring pass. Source signals + paging policy per [INCIDENT-MANAGEMENT.md](../INCIDENT-MANAGEMENT.md).	owner=ops-sre-reliability; issue=PLACEHOLDER-DEBT-DOCS-RUNBOOKS-FOUNDRY-SANDBOX-ESCAPE-MD; captured_at=2026-05-10; action=burn down tracked placeholder or replace with concrete doc owner before removing registry row
TODO	docs/runbooks/foundry-sandbox-warm-pool.md	4	TODO — fill at W-Foundation authoring pass.	owner=ops-sre-reliability; issue=PLACEHOLDER-DEBT-DOCS-RUNBOOKS-FOUNDRY-SANDBOX-WARM-POOL-MD; captured_at=2026-05-10; action=burn down tracked placeholder or replace with concrete doc owner before removing registry row
TODO	docs/runbooks/foundry-sandbox-warm-pool.md	1	TODO — fill at W-Foundation authoring pass. Source signals + paging policy per [INCIDENT-MANAGEMENT.md](../INCIDENT-MANAGEMENT.md).	owner=ops-sre-reliability; issue=PLACEHOLDER-DEBT-DOCS-RUNBOOKS-FOUNDRY-SANDBOX-WARM-POOL-MD; captured_at=2026-05-10; action=burn down tracked placeholder or replace with concrete doc owner before removing registry row
TODO	docs/runbooks/foundry-vision-lawful-basis-incident.md	4	TODO — fill at W-Foundation authoring pass.	owner=ops-sre-reliability; issue=PLACEHOLDER-DEBT-DOCS-RUNBOOKS-FOUNDRY-VISION-LAWFUL-BASIS-INCIDENT-MD; captured_at=2026-05-10; action=burn down tracked placeholder or replace with concrete doc owner before removing registry row
TODO	docs/runbooks/foundry-vision-lawful-basis-incident.md	1	TODO — fill at W-Foundation authoring pass. Source signals + paging policy per [INCIDENT-MANAGEMENT.md](../INCIDENT-MANAGEMENT.md).	owner=ops-sre-reliability; issue=PLACEHOLDER-DEBT-DOCS-RUNBOOKS-FOUNDRY-VISION-LAWFUL-BASIS-INCIDENT-MD; captured_at=2026-05-10; action=burn down tracked placeholder or replace with concrete doc owner before removing registry row
TODO	docs/runbooks/gl-reconciliation.md	4	TODO — fill at W-Foundation authoring pass.	owner=ops-sre-reliability; issue=PLACEHOLDER-DEBT-DOCS-RUNBOOKS-GL-RECONCILIATION-MD; captured_at=2026-05-10; action=burn down tracked placeholder or replace with concrete doc owner before removing registry row
TODO	docs/runbooks/gl-reconciliation.md	1	TODO — fill at W-Foundation authoring pass. Source signals + paging policy per [INCIDENT-MANAGEMENT.md](../INCIDENT-MANAGEMENT.md).	owner=ops-sre-reliability; issue=PLACEHOLDER-DEBT-DOCS-RUNBOOKS-GL-RECONCILIATION-MD; captured_at=2026-05-10; action=burn down tracked placeholder or replace with concrete doc owner before removing registry row
TODO	docs/runbooks/glossary-amendment-pr.md	4	TODO — fill at W-Foundation authoring pass.	owner=ops-sre-reliability; issue=PLACEHOLDER-DEBT-DOCS-RUNBOOKS-GLOSSARY-AMENDMENT-PR-MD; captured_at=2026-05-10; action=burn down tracked placeholder or replace with concrete doc owner before removing registry row
TODO	docs/runbooks/glossary-amendment-pr.md	1	TODO — fill at W-Foundation authoring pass. Source signals + paging policy per [INCIDENT-MANAGEMENT.md](../INCIDENT-MANAGEMENT.md).	owner=ops-sre-reliability; issue=PLACEHOLDER-DEBT-DOCS-RUNBOOKS-GLOSSARY-AMENDMENT-PR-MD; captured_at=2026-05-10; action=burn down tracked placeholder or replace with concrete doc owner before removing registry row
TODO	docs/runbooks/healthcare-break-glass.md	4	TODO — fill at W-Foundation authoring pass.	owner=ops-sre-reliability; issue=PLACEHOLDER-DEBT-DOCS-RUNBOOKS-HEALTHCARE-BREAK-GLASS-MD; captured_at=2026-05-10; action=burn down tracked placeholder or replace with concrete doc owner before removing registry row
TODO	docs/runbooks/healthcare-break-glass.md	1	TODO — fill at W-Foundation authoring pass. Source signals + paging policy per [INCIDENT-MANAGEMENT.md](../INCIDENT-MANAGEMENT.md).	owner=ops-sre-reliability; issue=PLACEHOLDER-DEBT-DOCS-RUNBOOKS-HEALTHCARE-BREAK-GLASS-MD; captured_at=2026-05-10; action=burn down tracked placeholder or replace with concrete doc owner before removing registry row
TODO	docs/runbooks/iam-key-rotation.md	4	TODO — fill at W-Foundation authoring pass.	owner=ops-sre-reliability; issue=PLACEHOLDER-DEBT-DOCS-RUNBOOKS-IAM-KEY-ROTATION-MD; captured_at=2026-05-10; action=burn down tracked placeholder or replace with concrete doc owner before removing registry row
TODO	docs/runbooks/iam-key-rotation.md	1	TODO — fill at W-Foundation authoring pass. Source signals + paging policy per [INCIDENT-MANAGEMENT.md](../INCIDENT-MANAGEMENT.md).	owner=ops-sre-reliability; issue=PLACEHOLDER-DEBT-DOCS-RUNBOOKS-IAM-KEY-ROTATION-MD; captured_at=2026-05-10; action=burn down tracked placeholder or replace with concrete doc owner before removing registry row
TODO	docs/runbooks/identity-provider-federation.md	4	TODO — fill at W-Foundation authoring pass.	owner=ops-sre-reliability; issue=PLACEHOLDER-DEBT-DOCS-RUNBOOKS-IDENTITY-PROVIDER-FEDERATION-MD; captured_at=2026-05-10; action=burn down tracked placeholder or replace with concrete doc owner before removing registry row
TODO	docs/runbooks/identity-provider-federation.md	1	TODO — fill at W-Foundation authoring pass. Source signals + paging policy per [INCIDENT-MANAGEMENT.md](../INCIDENT-MANAGEMENT.md).	owner=ops-sre-reliability; issue=PLACEHOLDER-DEBT-DOCS-RUNBOOKS-IDENTITY-PROVIDER-FEDERATION-MD; captured_at=2026-05-10; action=burn down tracked placeholder or replace with concrete doc owner before removing registry row
TODO	docs/runbooks/in-house-replacement-trigger.md	4	TODO — fill at W-Foundation authoring pass.	owner=ops-sre-reliability; issue=PLACEHOLDER-DEBT-DOCS-RUNBOOKS-IN-HOUSE-REPLACEMENT-TRIGGER-MD; captured_at=2026-05-10; action=burn down tracked placeholder or replace with concrete doc owner before removing registry row
TODO	docs/runbooks/in-house-replacement-trigger.md	1	TODO — fill at W-Foundation authoring pass. Source signals + paging policy per [INCIDENT-MANAGEMENT.md](../INCIDENT-MANAGEMENT.md).	owner=ops-sre-reliability; issue=PLACEHOLDER-DEBT-DOCS-RUNBOOKS-IN-HOUSE-REPLACEMENT-TRIGGER-MD; captured_at=2026-05-10; action=burn down tracked placeholder or replace with concrete doc owner before removing registry row
TODO	docs/runbooks/industrial-ot-write-emergency-stop.md	4	TODO — fill at W-Foundation authoring pass.	owner=ops-sre-reliability; issue=PLACEHOLDER-DEBT-DOCS-RUNBOOKS-INDUSTRIAL-OT-WRITE-EMERGENCY-STOP-MD; captured_at=2026-05-10; action=burn down tracked placeholder or replace with concrete doc owner before removing registry row
TODO	docs/runbooks/industrial-ot-write-emergency-stop.md	1	TODO — fill at W-Foundation authoring pass. Source signals + paging policy per [INCIDENT-MANAGEMENT.md](../INCIDENT-MANAGEMENT.md).	owner=ops-sre-reliability; issue=PLACEHOLDER-DEBT-DOCS-RUNBOOKS-INDUSTRIAL-OT-WRITE-EMERGENCY-STOP-MD; captured_at=2026-05-10; action=burn down tracked placeholder or replace with concrete doc owner before removing registry row
TODO	docs/runbooks/kafka-topic-provisioning.md	4	TODO — fill at W-Foundation authoring pass.	owner=ops-sre-reliability; issue=PLACEHOLDER-DEBT-DOCS-RUNBOOKS-KAFKA-TOPIC-PROVISIONING-MD; captured_at=2026-05-10; action=burn down tracked placeholder or replace with concrete doc owner before removing registry row
TODO	docs/runbooks/kafka-topic-provisioning.md	1	TODO — fill at W-Foundation authoring pass. Source signals + paging policy per [INCIDENT-MANAGEMENT.md](../INCIDENT-MANAGEMENT.md).	owner=ops-sre-reliability; issue=PLACEHOLDER-DEBT-DOCS-RUNBOOKS-KAFKA-TOPIC-PROVISIONING-MD; captured_at=2026-05-10; action=burn down tracked placeholder or replace with concrete doc owner before removing registry row
TODO	docs/runbooks/kcmvp-hsm-incident.md	4	TODO — fill at W-Foundation authoring pass.	owner=ops-sre-reliability; issue=PLACEHOLDER-DEBT-DOCS-RUNBOOKS-KCMVP-HSM-INCIDENT-MD; captured_at=2026-05-10; action=burn down tracked placeholder or replace with concrete doc owner before removing registry row
TODO	docs/runbooks/kcmvp-hsm-incident.md	1	TODO — fill at W-Foundation authoring pass. Source signals + paging policy per [INCIDENT-MANAGEMENT.md](../INCIDENT-MANAGEMENT.md).	owner=ops-sre-reliability; issue=PLACEHOLDER-DEBT-DOCS-RUNBOOKS-KCMVP-HSM-INCIDENT-MD; captured_at=2026-05-10; action=burn down tracked placeholder or replace with concrete doc owner before removing registry row
TODO	docs/runbooks/kyc-review-queue.md	4	TODO — fill at W-Foundation authoring pass.	owner=ops-sre-reliability; issue=PLACEHOLDER-DEBT-DOCS-RUNBOOKS-KYC-REVIEW-QUEUE-MD; captured_at=2026-05-10; action=burn down tracked placeholder or replace with concrete doc owner before removing registry row
TODO	docs/runbooks/kyc-review-queue.md	1	TODO — fill at W-Foundation authoring pass. Source signals + paging policy per [INCIDENT-MANAGEMENT.md](../INCIDENT-MANAGEMENT.md).	owner=ops-sre-reliability; issue=PLACEHOLDER-DEBT-DOCS-RUNBOOKS-KYC-REVIEW-QUEUE-MD; captured_at=2026-05-10; action=burn down tracked placeholder or replace with concrete doc owner before removing registry row
TODO	docs/runbooks/legal-corpus-update.md	4	TODO — fill at W-Foundation authoring pass.	owner=ops-sre-reliability; issue=PLACEHOLDER-DEBT-DOCS-RUNBOOKS-LEGAL-CORPUS-UPDATE-MD; captured_at=2026-05-10; action=burn down tracked placeholder or replace with concrete doc owner before removing registry row
TODO	docs/runbooks/legal-corpus-update.md	1	TODO — fill at W-Foundation authoring pass. Source signals + paging policy per [INCIDENT-MANAGEMENT.md](../INCIDENT-MANAGEMENT.md).	owner=ops-sre-reliability; issue=PLACEHOLDER-DEBT-DOCS-RUNBOOKS-LEGAL-CORPUS-UPDATE-MD; captured_at=2026-05-10; action=burn down tracked placeholder or replace with concrete doc owner before removing registry row
TODO	docs/runbooks/license-tier-3-review.md	4	TODO — fill at W-Foundation authoring pass.	owner=ops-security; issue=PLACEHOLDER-DEBT-DOCS-RUNBOOKS-LICENSE-TIER-3-REVIEW-MD; captured_at=2026-05-10; action=burn down tracked placeholder or replace with concrete doc owner before removing registry row
TODO	docs/runbooks/license-tier-3-review.md	1	TODO — fill at W-Foundation authoring pass. Source signals + paging policy per [INCIDENT-MANAGEMENT.md](../INCIDENT-MANAGEMENT.md).	owner=ops-security; issue=PLACEHOLDER-DEBT-DOCS-RUNBOOKS-LICENSE-TIER-3-REVIEW-MD; captured_at=2026-05-10; action=burn down tracked placeholder or replace with concrete doc owner before removing registry row
TODO	docs/runbooks/logistics-edi-failure.md	4	TODO — fill at W-Foundation authoring pass.	owner=ops-sre-reliability; issue=PLACEHOLDER-DEBT-DOCS-RUNBOOKS-LOGISTICS-EDI-FAILURE-MD; captured_at=2026-05-10; action=burn down tracked placeholder or replace with concrete doc owner before removing registry row
TODO	docs/runbooks/logistics-edi-failure.md	1	TODO — fill at W-Foundation authoring pass. Source signals + paging policy per [INCIDENT-MANAGEMENT.md](../INCIDENT-MANAGEMENT.md).	owner=ops-sre-reliability; issue=PLACEHOLDER-DEBT-DOCS-RUNBOOKS-LOGISTICS-EDI-FAILURE-MD; captured_at=2026-05-10; action=burn down tracked placeholder or replace with concrete doc owner before removing registry row
TODO	docs/runbooks/machine-readable-mirror-regenerate.md	4	TODO — fill at W-Foundation authoring pass.	owner=ops-sre-reliability; issue=PLACEHOLDER-DEBT-DOCS-RUNBOOKS-MACHINE-READABLE-MIRROR-REGENERATE-MD; captured_at=2026-05-10; action=burn down tracked placeholder or replace with concrete doc owner before removing registry row
TODO	docs/runbooks/machine-readable-mirror-regenerate.md	1	TODO — fill at W-Foundation authoring pass. Source signals + paging policy per [INCIDENT-MANAGEMENT.md](../INCIDENT-MANAGEMENT.md).	owner=ops-sre-reliability; issue=PLACEHOLDER-DEBT-DOCS-RUNBOOKS-MACHINE-READABLE-MIRROR-REGENERATE-MD; captured_at=2026-05-10; action=burn down tracked placeholder or replace with concrete doc owner before removing registry row
TODO	docs/runbooks/marketplace-listing-takedown.md	4	TODO — fill at W-Foundation authoring pass.	owner=ops-sre-reliability; issue=PLACEHOLDER-DEBT-DOCS-RUNBOOKS-MARKETPLACE-LISTING-TAKEDOWN-MD; captured_at=2026-05-10; action=burn down tracked placeholder or replace with concrete doc owner before removing registry row
TODO	docs/runbooks/marketplace-listing-takedown.md	1	TODO — fill at W-Foundation authoring pass. Source signals + paging policy per [INCIDENT-MANAGEMENT.md](../INCIDENT-MANAGEMENT.md).	owner=ops-sre-reliability; issue=PLACEHOLDER-DEBT-DOCS-RUNBOOKS-MARKETPLACE-LISTING-TAKEDOWN-MD; captured_at=2026-05-10; action=burn down tracked placeholder or replace with concrete doc owner before removing registry row
TODO	docs/runbooks/og-ciphertext-key-shred.md	4	TODO — fill at W-Foundation authoring pass.	owner=ops-sre-reliability; issue=PLACEHOLDER-DEBT-DOCS-RUNBOOKS-OG-CIPHERTEXT-KEY-SHRED-MD; captured_at=2026-05-10; action=burn down tracked placeholder or replace with concrete doc owner before removing registry row
TODO	docs/runbooks/og-ciphertext-key-shred.md	1	TODO — fill at W-Foundation authoring pass. Source signals + paging policy per [INCIDENT-MANAGEMENT.md](../INCIDENT-MANAGEMENT.md).	owner=ops-sre-reliability; issue=PLACEHOLDER-DEBT-DOCS-RUNBOOKS-OG-CIPHERTEXT-KEY-SHRED-MD; captured_at=2026-05-10; action=burn down tracked placeholder or replace with concrete doc owner before removing registry row
TODO	docs/runbooks/og-property-tier-migration.md	4	TODO — fill at W-Foundation authoring pass.	owner=ops-sre-reliability; issue=PLACEHOLDER-DEBT-DOCS-RUNBOOKS-OG-PROPERTY-TIER-MIGRATION-MD; captured_at=2026-05-10; action=burn down tracked placeholder or replace with concrete doc owner before removing registry row
TODO	docs/runbooks/og-property-tier-migration.md	1	TODO — fill at W-Foundation authoring pass. Source signals + paging policy per [INCIDENT-MANAGEMENT.md](../INCIDENT-MANAGEMENT.md).	owner=ops-sre-reliability; issue=PLACEHOLDER-DEBT-DOCS-RUNBOOKS-OG-PROPERTY-TIER-MIGRATION-MD; captured_at=2026-05-10; action=burn down tracked placeholder or replace with concrete doc owner before removing registry row
TODO	docs/runbooks/og-rls-policy-regenerate.md	4	TODO — fill at W-Foundation authoring pass.	owner=ops-sre-reliability; issue=PLACEHOLDER-DEBT-DOCS-RUNBOOKS-OG-RLS-POLICY-REGENERATE-MD; captured_at=2026-05-10; action=burn down tracked placeholder or replace with concrete doc owner before removing registry row
TODO	docs/runbooks/og-rls-policy-regenerate.md	1	TODO — fill at W-Foundation authoring pass. Source signals + paging policy per [INCIDENT-MANAGEMENT.md](../INCIDENT-MANAGEMENT.md).	owner=ops-sre-reliability; issue=PLACEHOLDER-DEBT-DOCS-RUNBOOKS-OG-RLS-POLICY-REGENERATE-MD; captured_at=2026-05-10; action=burn down tracked placeholder or replace with concrete doc owner before removing registry row
TODO	docs/runbooks/og-schema-rollback.md	4	TODO — fill at W-Foundation authoring pass.	owner=ops-sre-reliability; issue=PLACEHOLDER-DEBT-DOCS-RUNBOOKS-OG-SCHEMA-ROLLBACK-MD; captured_at=2026-05-10; action=burn down tracked placeholder or replace with concrete doc owner before removing registry row
TODO	docs/runbooks/og-schema-rollback.md	1	TODO — fill at W-Foundation authoring pass. Source signals + paging policy per [INCIDENT-MANAGEMENT.md](../INCIDENT-MANAGEMENT.md).	owner=ops-sre-reliability; issue=PLACEHOLDER-DEBT-DOCS-RUNBOOKS-OG-SCHEMA-ROLLBACK-MD; captured_at=2026-05-10; action=burn down tracked placeholder or replace with concrete doc owner before removing registry row
TODO	docs/runbooks/on-call-handover.md	4	TODO — fill at W-Foundation authoring pass.	owner=ops-sre-reliability; issue=PLACEHOLDER-DEBT-DOCS-RUNBOOKS-ON-CALL-HANDOVER-MD; captured_at=2026-05-10; action=burn down tracked placeholder or replace with concrete doc owner before removing registry row
TODO	docs/runbooks/on-call-handover.md	1	TODO — fill at W-Foundation authoring pass. Source signals + paging policy per [INCIDENT-MANAGEMENT.md](../INCIDENT-MANAGEMENT.md).	owner=ops-sre-reliability; issue=PLACEHOLDER-DEBT-DOCS-RUNBOOKS-ON-CALL-HANDOVER-MD; captured_at=2026-05-10; action=burn down tracked placeholder or replace with concrete doc owner before removing registry row
TODO	docs/runbooks/opcua-adapter-disconnect.md	4	TODO — fill at W-Foundation authoring pass.	owner=ops-sre-reliability; issue=PLACEHOLDER-DEBT-DOCS-RUNBOOKS-OPCUA-ADAPTER-DISCONNECT-MD; captured_at=2026-05-10; action=burn down tracked placeholder or replace with concrete doc owner before removing registry row
TODO	docs/runbooks/opcua-adapter-disconnect.md	1	TODO — fill at W-Foundation authoring pass. Source signals + paging policy per [INCIDENT-MANAGEMENT.md](../INCIDENT-MANAGEMENT.md).	owner=ops-sre-reliability; issue=PLACEHOLDER-DEBT-DOCS-RUNBOOKS-OPCUA-ADAPTER-DISCONNECT-MD; captured_at=2026-05-10; action=burn down tracked placeholder or replace with concrete doc owner before removing registry row
TODO	docs/runbooks/outbox-poller-recovery.md	4	TODO — fill at W-Foundation authoring pass.	owner=ops-sre-reliability; issue=PLACEHOLDER-DEBT-DOCS-RUNBOOKS-OUTBOX-POLLER-RECOVERY-MD; captured_at=2026-05-10; action=burn down tracked placeholder or replace with concrete doc owner before removing registry row
TODO	docs/runbooks/outbox-poller-recovery.md	1	TODO — fill at W-Foundation authoring pass. Source signals + paging policy per [INCIDENT-MANAGEMENT.md](../INCIDENT-MANAGEMENT.md).	owner=ops-sre-reliability; issue=PLACEHOLDER-DEBT-DOCS-RUNBOOKS-OUTBOX-POLLER-RECOVERY-MD; captured_at=2026-05-10; action=burn down tracked placeholder or replace with concrete doc owner before removing registry row
TODO	docs/runbooks/outbox-relay-lag.md	4	TODO — fill at W-Foundation authoring pass.	owner=ops-sre-reliability; issue=PLACEHOLDER-DEBT-DOCS-RUNBOOKS-OUTBOX-RELAY-LAG-MD; captured_at=2026-05-10; action=burn down tracked placeholder or replace with concrete doc owner before removing registry row
TODO	docs/runbooks/outbox-relay-lag.md	1	TODO — fill at W-Foundation authoring pass. Source signals + paging policy per [INCIDENT-MANAGEMENT.md](../INCIDENT-MANAGEMENT.md).	owner=ops-sre-reliability; issue=PLACEHOLDER-DEBT-DOCS-RUNBOOKS-OUTBOX-RELAY-LAG-MD; captured_at=2026-05-10; action=burn down tracked placeholder or replace with concrete doc owner before removing registry row
TODO	docs/runbooks/pack-onboarding.md	4	TODO — fill at W-Foundation authoring pass.	owner=ops-sre-reliability; issue=PLACEHOLDER-DEBT-DOCS-RUNBOOKS-PACK-ONBOARDING-MD; captured_at=2026-05-10; action=burn down tracked placeholder or replace with concrete doc owner before removing registry row
TODO	docs/runbooks/pack-onboarding.md	1	TODO — fill at W-Foundation authoring pass. Source signals + paging policy per [INCIDENT-MANAGEMENT.md](../INCIDENT-MANAGEMENT.md).	owner=ops-sre-reliability; issue=PLACEHOLDER-DEBT-DOCS-RUNBOOKS-PACK-ONBOARDING-MD; captured_at=2026-05-10; action=burn down tracked placeholder or replace with concrete doc owner before removing registry row
TODO	docs/runbooks/pack-version-upgrade.md	4	TODO — fill at W-Foundation authoring pass.	owner=ops-sre-reliability; issue=PLACEHOLDER-DEBT-DOCS-RUNBOOKS-PACK-VERSION-UPGRADE-MD; captured_at=2026-05-10; action=burn down tracked placeholder or replace with concrete doc owner before removing registry row
TODO	docs/runbooks/pack-version-upgrade.md	1	TODO — fill at W-Foundation authoring pass. Source signals + paging policy per [INCIDENT-MANAGEMENT.md](../INCIDENT-MANAGEMENT.md).	owner=ops-sre-reliability; issue=PLACEHOLDER-DEBT-DOCS-RUNBOOKS-PACK-VERSION-UPGRADE-MD; captured_at=2026-05-10; action=burn down tracked placeholder or replace with concrete doc owner before removing registry row
TODO	docs/runbooks/partner-contract-renewal.md	4	TODO — fill at W-Foundation authoring pass.	owner=ops-sre-reliability; issue=PLACEHOLDER-DEBT-DOCS-RUNBOOKS-PARTNER-CONTRACT-RENEWAL-MD; captured_at=2026-05-10; action=burn down tracked placeholder or replace with concrete doc owner before removing registry row
TODO	docs/runbooks/partner-contract-renewal.md	1	TODO — fill at W-Foundation authoring pass. Source signals + paging policy per [INCIDENT-MANAGEMENT.md](../INCIDENT-MANAGEMENT.md).	owner=ops-sre-reliability; issue=PLACEHOLDER-DEBT-DOCS-RUNBOOKS-PARTNER-CONTRACT-RENEWAL-MD; captured_at=2026-05-10; action=burn down tracked placeholder or replace with concrete doc owner before removing registry row
TODO	docs/runbooks/payroll-run-failure.md	4	TODO — fill at W-Foundation authoring pass.	owner=ops-sre-reliability; issue=PLACEHOLDER-DEBT-DOCS-RUNBOOKS-PAYROLL-RUN-FAILURE-MD; captured_at=2026-05-10; action=burn down tracked placeholder or replace with concrete doc owner before removing registry row
TODO	docs/runbooks/payroll-run-failure.md	1	TODO — fill at W-Foundation authoring pass. Source signals + paging policy per [INCIDENT-MANAGEMENT.md](../INCIDENT-MANAGEMENT.md).	owner=ops-sre-reliability; issue=PLACEHOLDER-DEBT-DOCS-RUNBOOKS-PAYROLL-RUN-FAILURE-MD; captured_at=2026-05-10; action=burn down tracked placeholder or replace with concrete doc owner before removing registry row
TODO	docs/runbooks/per-cell-broker-failover.md	4	TODO — fill at W-Foundation authoring pass.	owner=ops-sre-reliability; issue=PLACEHOLDER-DEBT-DOCS-RUNBOOKS-PER-CELL-BROKER-FAILOVER-MD; captured_at=2026-05-10; action=burn down tracked placeholder or replace with concrete doc owner before removing registry row
TODO	docs/runbooks/per-cell-broker-failover.md	1	TODO — fill at W-Foundation authoring pass. Source signals + paging policy per [INCIDENT-MANAGEMENT.md](../INCIDENT-MANAGEMENT.md).	owner=ops-sre-reliability; issue=PLACEHOLDER-DEBT-DOCS-RUNBOOKS-PER-CELL-BROKER-FAILOVER-MD; captured_at=2026-05-10; action=burn down tracked placeholder or replace with concrete doc owner before removing registry row
TODO	docs/runbooks/per-cell-hsm-rotation.md	4	TODO — fill at W-Foundation authoring pass.	owner=ops-sre-reliability; issue=PLACEHOLDER-DEBT-DOCS-RUNBOOKS-PER-CELL-HSM-ROTATION-MD; captured_at=2026-05-10; action=burn down tracked placeholder or replace with concrete doc owner before removing registry row
TODO	docs/runbooks/per-cell-hsm-rotation.md	1	TODO — fill at W-Foundation authoring pass. Source signals + paging policy per [INCIDENT-MANAGEMENT.md](../INCIDENT-MANAGEMENT.md).	owner=ops-sre-reliability; issue=PLACEHOLDER-DEBT-DOCS-RUNBOOKS-PER-CELL-HSM-ROTATION-MD; captured_at=2026-05-10; action=burn down tracked placeholder or replace with concrete doc owner before removing registry row
TODO	docs/runbooks/plane-class-correction.md	4	TODO — fill at W-Foundation authoring pass.	owner=ops-sre-reliability; issue=PLACEHOLDER-DEBT-DOCS-RUNBOOKS-PLANE-CLASS-CORRECTION-MD; captured_at=2026-05-10; action=burn down tracked placeholder or replace with concrete doc owner before removing registry row
TODO	docs/runbooks/plane-class-correction.md	1	TODO — fill at W-Foundation authoring pass. Source signals + paging policy per [INCIDENT-MANAGEMENT.md](../INCIDENT-MANAGEMENT.md).	owner=ops-sre-reliability; issue=PLACEHOLDER-DEBT-DOCS-RUNBOOKS-PLANE-CLASS-CORRECTION-MD; captured_at=2026-05-10; action=burn down tracked placeholder or replace with concrete doc owner before removing registry row
TODO	docs/runbooks/plugin-sandbox-escape.md	4	TODO — fill at W-Foundation authoring pass.	owner=ops-sre-reliability; issue=PLACEHOLDER-DEBT-DOCS-RUNBOOKS-PLUGIN-SANDBOX-ESCAPE-MD; captured_at=2026-05-10; action=burn down tracked placeholder or replace with concrete doc owner before removing registry row
TODO	docs/runbooks/plugin-sandbox-escape.md	1	TODO — fill at W-Foundation authoring pass. Source signals + paging policy per [INCIDENT-MANAGEMENT.md](../INCIDENT-MANAGEMENT.md).	owner=ops-sre-reliability; issue=PLACEHOLDER-DEBT-DOCS-RUNBOOKS-PLUGIN-SANDBOX-ESCAPE-MD; captured_at=2026-05-10; action=burn down tracked placeholder or replace with concrete doc owner before removing registry row
TODO	docs/runbooks/preview-to-stable-promotion.md	4	TODO — fill at W-Foundation authoring pass.	owner=ops-sre-reliability; issue=PLACEHOLDER-DEBT-DOCS-RUNBOOKS-PREVIEW-TO-STABLE-PROMOTION-MD; captured_at=2026-05-10; action=burn down tracked placeholder or replace with concrete doc owner before removing registry row
TODO	docs/runbooks/preview-to-stable-promotion.md	1	TODO — fill at W-Foundation authoring pass. Source signals + paging policy per [INCIDENT-MANAGEMENT.md](../INCIDENT-MANAGEMENT.md).	owner=ops-sre-reliability; issue=PLACEHOLDER-DEBT-DOCS-RUNBOOKS-PREVIEW-TO-STABLE-PROMOTION-MD; captured_at=2026-05-10; action=burn down tracked placeholder or replace with concrete doc owner before removing registry row
TODO	docs/runbooks/privacy-council-data-class-review.md	4	TODO — fill at W-Foundation authoring pass.	owner=council-privacy; issue=PLACEHOLDER-DEBT-DOCS-RUNBOOKS-PRIVACY-COUNCIL-DATA-CLASS-REVIEW-MD; captured_at=2026-05-10; action=burn down tracked placeholder or replace with concrete doc owner before removing registry row
TODO	docs/runbooks/privacy-council-data-class-review.md	1	TODO — fill at W-Foundation authoring pass. Source signals + paging policy per [INCIDENT-MANAGEMENT.md](../INCIDENT-MANAGEMENT.md).	owner=council-privacy; issue=PLACEHOLDER-DEBT-DOCS-RUNBOOKS-PRIVACY-COUNCIL-DATA-CLASS-REVIEW-MD; captured_at=2026-05-10; action=burn down tracked placeholder or replace with concrete doc owner before removing registry row
TODO	docs/runbooks/region-failover.md	4	TODO — fill at W-Foundation authoring pass.	owner=ops-sre-reliability; issue=PLACEHOLDER-DEBT-DOCS-RUNBOOKS-REGION-FAILOVER-MD; captured_at=2026-05-10; action=burn down tracked placeholder or replace with concrete doc owner before removing registry row
TODO	docs/runbooks/region-failover.md	1	TODO — fill at W-Foundation authoring pass. Source signals + paging policy per [INCIDENT-MANAGEMENT.md](../INCIDENT-MANAGEMENT.md).	owner=ops-sre-reliability; issue=PLACEHOLDER-DEBT-DOCS-RUNBOOKS-REGION-FAILOVER-MD; captured_at=2026-05-10; action=burn down tracked placeholder or replace with concrete doc owner before removing registry row
TODO	docs/runbooks/regulator-evidence-pack-regen.md	4	TODO — fill at W-Foundation authoring pass.	owner=ops-sre-reliability; issue=PLACEHOLDER-DEBT-DOCS-RUNBOOKS-REGULATOR-EVIDENCE-PACK-REGEN-MD; captured_at=2026-05-10; action=burn down tracked placeholder or replace with concrete doc owner before removing registry row
TODO	docs/runbooks/regulator-evidence-pack-regen.md	1	TODO — fill at W-Foundation authoring pass. Source signals + paging policy per [INCIDENT-MANAGEMENT.md](../INCIDENT-MANAGEMENT.md).	owner=ops-sre-reliability; issue=PLACEHOLDER-DEBT-DOCS-RUNBOOKS-REGULATOR-EVIDENCE-PACK-REGEN-MD; captured_at=2026-05-10; action=burn down tracked placeholder or replace with concrete doc owner before removing registry row
TODO	docs/runbooks/regulator-publication-feed-health.md	4	TODO — fill at W-Foundation authoring pass.	owner=ops-sre-reliability; issue=PLACEHOLDER-DEBT-DOCS-RUNBOOKS-REGULATOR-PUBLICATION-FEED-HEALTH-MD; captured_at=2026-05-10; action=burn down tracked placeholder or replace with concrete doc owner before removing registry row
TODO	docs/runbooks/regulator-publication-feed-health.md	1	TODO — fill at W-Foundation authoring pass. Source signals + paging policy per [INCIDENT-MANAGEMENT.md](../INCIDENT-MANAGEMENT.md).	owner=ops-sre-reliability; issue=PLACEHOLDER-DEBT-DOCS-RUNBOOKS-REGULATOR-PUBLICATION-FEED-HEALTH-MD; captured_at=2026-05-10; action=burn down tracked placeholder or replace with concrete doc owner before removing registry row
TODO	docs/runbooks/regulatory-change-response.md	4	TODO — fill at W-Foundation authoring pass.	owner=ops-sre-reliability; issue=PLACEHOLDER-DEBT-DOCS-RUNBOOKS-REGULATORY-CHANGE-RESPONSE-MD; captured_at=2026-05-10; action=burn down tracked placeholder or replace with concrete doc owner before removing registry row
TODO	docs/runbooks/regulatory-change-response.md	1	TODO — fill at W-Foundation authoring pass. Source signals + paging policy per [INCIDENT-MANAGEMENT.md](../INCIDENT-MANAGEMENT.md).	owner=ops-sre-reliability; issue=PLACEHOLDER-DEBT-DOCS-RUNBOOKS-REGULATORY-CHANGE-RESPONSE-MD; captured_at=2026-05-10; action=burn down tracked placeholder or replace with concrete doc owner before removing registry row
TODO	docs/runbooks/regulatory-relationship-escalation.md	4	TODO — fill at W-Foundation authoring pass.	owner=ops-sre-reliability; issue=PLACEHOLDER-DEBT-DOCS-RUNBOOKS-REGULATORY-RELATIONSHIP-ESCALATION-MD; captured_at=2026-05-10; action=burn down tracked placeholder or replace with concrete doc owner before removing registry row
TODO	docs/runbooks/regulatory-relationship-escalation.md	1	TODO — fill at W-Foundation authoring pass. Source signals + paging policy per [INCIDENT-MANAGEMENT.md](../INCIDENT-MANAGEMENT.md).	owner=ops-sre-reliability; issue=PLACEHOLDER-DEBT-DOCS-RUNBOOKS-REGULATORY-RELATIONSHIP-ESCALATION-MD; captured_at=2026-05-10; action=burn down tracked placeholder or replace with concrete doc owner before removing registry row
TODO	docs/runbooks/regulatory-replay.md	4	TODO — fill at W-Foundation authoring pass.	owner=ops-sre-reliability; issue=PLACEHOLDER-DEBT-DOCS-RUNBOOKS-REGULATORY-REPLAY-MD; captured_at=2026-05-10; action=burn down tracked placeholder or replace with concrete doc owner before removing registry row
TODO	docs/runbooks/regulatory-replay.md	1	TODO — fill at W-Foundation authoring pass. Source signals + paging policy per [INCIDENT-MANAGEMENT.md](../INCIDENT-MANAGEMENT.md).	owner=ops-sre-reliability; issue=PLACEHOLDER-DEBT-DOCS-RUNBOOKS-REGULATORY-REPLAY-MD; captured_at=2026-05-10; action=burn down tracked placeholder or replace with concrete doc owner before removing registry row
TODO	docs/runbooks/release-rollback.md	4	TODO — fill at W-Foundation authoring pass.	owner=ops-sre-reliability; issue=PLACEHOLDER-DEBT-DOCS-RUNBOOKS-RELEASE-ROLLBACK-MD; captured_at=2026-05-10; action=burn down tracked placeholder or replace with concrete doc owner before removing registry row
TODO	docs/runbooks/release-rollback.md	1	TODO — fill at W-Foundation authoring pass. Source signals + paging policy per [INCIDENT-MANAGEMENT.md](../INCIDENT-MANAGEMENT.md).	owner=ops-sre-reliability; issue=PLACEHOLDER-DEBT-DOCS-RUNBOOKS-RELEASE-ROLLBACK-MD; captured_at=2026-05-10; action=burn down tracked placeholder or replace with concrete doc owner before removing registry row
TODO	docs/runbooks/sbom-regenerate.md	4	TODO — fill at W-Foundation authoring pass.	owner=ops-sre-reliability; issue=PLACEHOLDER-DEBT-DOCS-RUNBOOKS-SBOM-REGENERATE-MD; captured_at=2026-05-10; action=burn down tracked placeholder or replace with concrete doc owner before removing registry row
TODO	docs/runbooks/sbom-regenerate.md	1	TODO — fill at W-Foundation authoring pass. Source signals + paging policy per [INCIDENT-MANAGEMENT.md](../INCIDENT-MANAGEMENT.md).	owner=ops-sre-reliability; issue=PLACEHOLDER-DEBT-DOCS-RUNBOOKS-SBOM-REGENERATE-MD; captured_at=2026-05-10; action=burn down tracked placeholder or replace with concrete doc owner before removing registry row
TODO	docs/runbooks/sdk-regen-failure.md	4	TODO — fill at W-Foundation authoring pass.	owner=ops-sre-reliability; issue=PLACEHOLDER-DEBT-DOCS-RUNBOOKS-SDK-REGEN-FAILURE-MD; captured_at=2026-05-10; action=burn down tracked placeholder or replace with concrete doc owner before removing registry row
TODO	docs/runbooks/sdk-regen-failure.md	1	TODO — fill at W-Foundation authoring pass. Source signals + paging policy per [INCIDENT-MANAGEMENT.md](../INCIDENT-MANAGEMENT.md).	owner=ops-sre-reliability; issue=PLACEHOLDER-DEBT-DOCS-RUNBOOKS-SDK-REGEN-FAILURE-MD; captured_at=2026-05-10; action=burn down tracked placeholder or replace with concrete doc owner before removing registry row
TODO	docs/runbooks/sdk-release.md	4	TODO — fill at W-Foundation authoring pass.	owner=ops-sre-reliability; issue=PLACEHOLDER-DEBT-DOCS-RUNBOOKS-SDK-RELEASE-MD; captured_at=2026-05-10; action=burn down tracked placeholder or replace with concrete doc owner before removing registry row
TODO	docs/runbooks/sdk-release.md	1	TODO — fill at W-Foundation authoring pass. Source signals + paging policy per [INCIDENT-MANAGEMENT.md](../INCIDENT-MANAGEMENT.md).	owner=ops-sre-reliability; issue=PLACEHOLDER-DEBT-DOCS-RUNBOOKS-SDK-RELEASE-MD; captured_at=2026-05-10; action=burn down tracked placeholder or replace with concrete doc owner before removing registry row
TODO	docs/runbooks/search-index-dsr-cascade.md	4	TODO — fill at W-Foundation authoring pass.	owner=council-privacy; issue=PLACEHOLDER-DEBT-DOCS-RUNBOOKS-SEARCH-INDEX-DSR-CASCADE-MD; captured_at=2026-05-10; action=burn down tracked placeholder or replace with concrete doc owner before removing registry row
TODO	docs/runbooks/search-index-dsr-cascade.md	1	TODO — fill at W-Foundation authoring pass. Source signals + paging policy per [INCIDENT-MANAGEMENT.md](../INCIDENT-MANAGEMENT.md).	owner=council-privacy; issue=PLACEHOLDER-DEBT-DOCS-RUNBOOKS-SEARCH-INDEX-DSR-CASCADE-MD; captured_at=2026-05-10; action=burn down tracked placeholder or replace with concrete doc owner before removing registry row
TODO	docs/runbooks/security-incident-response.md	4	TODO — fill at W-Foundation authoring pass.	owner=ops-security; issue=PLACEHOLDER-DEBT-DOCS-RUNBOOKS-SECURITY-INCIDENT-RESPONSE-MD; captured_at=2026-05-10; action=burn down tracked placeholder or replace with concrete doc owner before removing registry row
TODO	docs/runbooks/security-incident-response.md	1	TODO — fill at W-Foundation authoring pass. Source signals + paging policy per [INCIDENT-MANAGEMENT.md](../INCIDENT-MANAGEMENT.md).	owner=ops-security; issue=PLACEHOLDER-DEBT-DOCS-RUNBOOKS-SECURITY-INCIDENT-RESPONSE-MD; captured_at=2026-05-10; action=burn down tracked placeholder or replace with concrete doc owner before removing registry row
TODO	docs/runbooks/serp-sponsored-slot-failure.md	4	TODO — fill at W-Foundation authoring pass.	owner=ops-sre-reliability; issue=PLACEHOLDER-DEBT-DOCS-RUNBOOKS-SERP-SPONSORED-SLOT-FAILURE-MD; captured_at=2026-05-10; action=burn down tracked placeholder or replace with concrete doc owner before removing registry row
TODO	docs/runbooks/serp-sponsored-slot-failure.md	1	TODO — fill at W-Foundation authoring pass. Source signals + paging policy per [INCIDENT-MANAGEMENT.md](../INCIDENT-MANAGEMENT.md).	owner=ops-sre-reliability; issue=PLACEHOLDER-DEBT-DOCS-RUNBOOKS-SERP-SPONSORED-SLOT-FAILURE-MD; captured_at=2026-05-10; action=burn down tracked placeholder or replace with concrete doc owner before removing registry row
TODO	docs/runbooks/sev1-incident-response.md	4	TODO — fill at W-Foundation authoring pass.	owner=ops-sre-reliability; issue=PLACEHOLDER-DEBT-DOCS-RUNBOOKS-SEV1-INCIDENT-RESPONSE-MD; captured_at=2026-05-10; action=burn down tracked placeholder or replace with concrete doc owner before removing registry row
TODO	docs/runbooks/sev1-incident-response.md	1	TODO — fill at W-Foundation authoring pass. Source signals + paging policy per [INCIDENT-MANAGEMENT.md](../INCIDENT-MANAGEMENT.md).	owner=ops-sre-reliability; issue=PLACEHOLDER-DEBT-DOCS-RUNBOOKS-SEV1-INCIDENT-RESPONSE-MD; captured_at=2026-05-10; action=burn down tracked placeholder or replace with concrete doc owner before removing registry row
TODO	docs/runbooks/sub-axis-promotion.md	4	TODO — fill at W-Foundation authoring pass.	owner=ops-sre-reliability; issue=PLACEHOLDER-DEBT-DOCS-RUNBOOKS-SUB-AXIS-PROMOTION-MD; captured_at=2026-05-10; action=burn down tracked placeholder or replace with concrete doc owner before removing registry row
TODO	docs/runbooks/sub-axis-promotion.md	1	TODO — fill at W-Foundation authoring pass. Source signals + paging policy per [INCIDENT-MANAGEMENT.md](../INCIDENT-MANAGEMENT.md).	owner=ops-sre-reliability; issue=PLACEHOLDER-DEBT-DOCS-RUNBOOKS-SUB-AXIS-PROMOTION-MD; captured_at=2026-05-10; action=burn down tracked placeholder or replace with concrete doc owner before removing registry row
TODO	docs/runbooks/supply-chain-compromise.md	4	TODO — fill at W-Foundation authoring pass.	owner=ops-security; issue=PLACEHOLDER-DEBT-DOCS-RUNBOOKS-SUPPLY-CHAIN-COMPROMISE-MD; captured_at=2026-05-10; action=burn down tracked placeholder or replace with concrete doc owner before removing registry row
TODO	docs/runbooks/supply-chain-compromise.md	1	TODO — fill at W-Foundation authoring pass. Source signals + paging policy per [INCIDENT-MANAGEMENT.md](../INCIDENT-MANAGEMENT.md).	owner=ops-security; issue=PLACEHOLDER-DEBT-DOCS-RUNBOOKS-SUPPLY-CHAIN-COMPROMISE-MD; captured_at=2026-05-10; action=burn down tracked placeholder or replace with concrete doc owner before removing registry row
TODO	docs/runbooks/supply-chain-trivy-alert.md	4	TODO — fill at W-Foundation authoring pass.	owner=ops-security; issue=PLACEHOLDER-DEBT-DOCS-RUNBOOKS-SUPPLY-CHAIN-TRIVY-ALERT-MD; captured_at=2026-05-10; action=burn down tracked placeholder or replace with concrete doc owner before removing registry row
TODO	docs/runbooks/supply-chain-trivy-alert.md	1	TODO — fill at W-Foundation authoring pass. Source signals + paging policy per [INCIDENT-MANAGEMENT.md](../INCIDENT-MANAGEMENT.md).	owner=ops-security; issue=PLACEHOLDER-DEBT-DOCS-RUNBOOKS-SUPPLY-CHAIN-TRIVY-ALERT-MD; captured_at=2026-05-10; action=burn down tracked placeholder or replace with concrete doc owner before removing registry row
TODO	docs/runbooks/tenant-escalation-management.md	4	TODO — fill at W-Foundation authoring pass.	owner=ops-sre-reliability; issue=PLACEHOLDER-DEBT-DOCS-RUNBOOKS-TENANT-ESCALATION-MANAGEMENT-MD; captured_at=2026-05-10; action=burn down tracked placeholder or replace with concrete doc owner before removing registry row
TODO	docs/runbooks/tenant-escalation-management.md	1	TODO — fill at W-Foundation authoring pass. Source signals + paging policy per [INCIDENT-MANAGEMENT.md](../INCIDENT-MANAGEMENT.md).	owner=ops-sre-reliability; issue=PLACEHOLDER-DEBT-DOCS-RUNBOOKS-TENANT-ESCALATION-MANAGEMENT-MD; captured_at=2026-05-10; action=burn down tracked placeholder or replace with concrete doc owner before removing registry row
TODO	docs/runbooks/tenant-onboarding.md	4	TODO — fill at W-Foundation authoring pass.	owner=ops-sre-reliability; issue=PLACEHOLDER-DEBT-DOCS-RUNBOOKS-TENANT-ONBOARDING-MD; captured_at=2026-05-10; action=burn down tracked placeholder or replace with concrete doc owner before removing registry row
TODO	docs/runbooks/tenant-onboarding.md	1	TODO — fill at W-Foundation authoring pass. Source signals + paging policy per [INCIDENT-MANAGEMENT.md](../INCIDENT-MANAGEMENT.md).	owner=ops-sre-reliability; issue=PLACEHOLDER-DEBT-DOCS-RUNBOOKS-TENANT-ONBOARDING-MD; captured_at=2026-05-10; action=burn down tracked placeholder or replace with concrete doc owner before removing registry row
TODO	docs/runbooks/term-deprecation-protocol.md	4	TODO — fill at W-Foundation authoring pass.	owner=ops-sre-reliability; issue=PLACEHOLDER-DEBT-DOCS-RUNBOOKS-TERM-DEPRECATION-PROTOCOL-MD; captured_at=2026-05-10; action=burn down tracked placeholder or replace with concrete doc owner before removing registry row
TODO	docs/runbooks/term-deprecation-protocol.md	1	TODO — fill at W-Foundation authoring pass. Source signals + paging policy per [INCIDENT-MANAGEMENT.md](../INCIDENT-MANAGEMENT.md).	owner=ops-sre-reliability; issue=PLACEHOLDER-DEBT-DOCS-RUNBOOKS-TERM-DEPRECATION-PROTOCOL-MD; captured_at=2026-05-10; action=burn down tracked placeholder or replace with concrete doc owner before removing registry row
TODO	docs/runbooks/topic-schema-rollback.md	4	TODO — fill at W-Foundation authoring pass.	owner=ops-sre-reliability; issue=PLACEHOLDER-DEBT-DOCS-RUNBOOKS-TOPIC-SCHEMA-ROLLBACK-MD; captured_at=2026-05-10; action=burn down tracked placeholder or replace with concrete doc owner before removing registry row
TODO	docs/runbooks/topic-schema-rollback.md	1	TODO — fill at W-Foundation authoring pass. Source signals + paging policy per [INCIDENT-MANAGEMENT.md](../INCIDENT-MANAGEMENT.md).	owner=ops-sre-reliability; issue=PLACEHOLDER-DEBT-DOCS-RUNBOOKS-TOPIC-SCHEMA-ROLLBACK-MD; captured_at=2026-05-10; action=burn down tracked placeholder or replace with concrete doc owner before removing registry row
TODO	docs/runbooks/vertical-pilot-wave-gate-readiness.md	4	TODO — fill at W-Foundation authoring pass.	owner=ops-sre-reliability; issue=PLACEHOLDER-DEBT-DOCS-RUNBOOKS-VERTICAL-PILOT-WAVE-GATE-READINESS-MD; captured_at=2026-05-10; action=burn down tracked placeholder or replace with concrete doc owner before removing registry row
TODO	docs/runbooks/vertical-pilot-wave-gate-readiness.md	1	TODO — fill at W-Foundation authoring pass. Source signals + paging policy per [INCIDENT-MANAGEMENT.md](../INCIDENT-MANAGEMENT.md).	owner=ops-sre-reliability; issue=PLACEHOLDER-DEBT-DOCS-RUNBOOKS-VERTICAL-PILOT-WAVE-GATE-READINESS-MD; captured_at=2026-05-10; action=burn down tracked placeholder or replace with concrete doc owner before removing registry row
TODO	docs/runbooks/wave-gate-evaluation.md	4	TODO — fill at W-Foundation authoring pass.	owner=ops-sre-reliability; issue=PLACEHOLDER-DEBT-DOCS-RUNBOOKS-WAVE-GATE-EVALUATION-MD; captured_at=2026-05-10; action=burn down tracked placeholder or replace with concrete doc owner before removing registry row
TODO	docs/runbooks/wave-gate-evaluation.md	1	TODO — fill at W-Foundation authoring pass. Source signals + paging policy per [INCIDENT-MANAGEMENT.md](../INCIDENT-MANAGEMENT.md).	owner=ops-sre-reliability; issue=PLACEHOLDER-DEBT-DOCS-RUNBOOKS-WAVE-GATE-EVALUATION-MD; captured_at=2026-05-10; action=burn down tracked placeholder or replace with concrete doc owner before removing registry row
TODO	docs/runbooks/wave-gate-readiness-check.md	4	TODO — fill at W-Foundation authoring pass.	owner=ops-sre-reliability; issue=PLACEHOLDER-DEBT-DOCS-RUNBOOKS-WAVE-GATE-READINESS-CHECK-MD; captured_at=2026-05-10; action=burn down tracked placeholder or replace with concrete doc owner before removing registry row
TODO	docs/runbooks/wave-gate-readiness-check.md	1	TODO — fill at W-Foundation authoring pass. Source signals + paging policy per [INCIDENT-MANAGEMENT.md](../INCIDENT-MANAGEMENT.md).	owner=ops-sre-reliability; issue=PLACEHOLDER-DEBT-DOCS-RUNBOOKS-WAVE-GATE-READINESS-CHECK-MD; captured_at=2026-05-10; action=burn down tracked placeholder or replace with concrete doc owner before removing registry row
TODO	docs/runbooks/webhook-delivery-failure.md	4	TODO — fill at W-Foundation authoring pass.	owner=ops-sre-reliability; issue=PLACEHOLDER-DEBT-DOCS-RUNBOOKS-WEBHOOK-DELIVERY-FAILURE-MD; captured_at=2026-05-10; action=burn down tracked placeholder or replace with concrete doc owner before removing registry row
TODO	docs/runbooks/webhook-delivery-failure.md	1	TODO — fill at W-Foundation authoring pass. Source signals + paging policy per [INCIDENT-MANAGEMENT.md](../INCIDENT-MANAGEMENT.md).	owner=ops-sre-reliability; issue=PLACEHOLDER-DEBT-DOCS-RUNBOOKS-WEBHOOK-DELIVERY-FAILURE-MD; captured_at=2026-05-10; action=burn down tracked placeholder or replace with concrete doc owner before removing registry row
TODO	docs/runbooks/workflow-engine-restart.md	4	TODO — fill at W-Foundation authoring pass.	owner=ops-sre-reliability; issue=PLACEHOLDER-DEBT-DOCS-RUNBOOKS-WORKFLOW-ENGINE-RESTART-MD; captured_at=2026-05-10; action=burn down tracked placeholder or replace with concrete doc owner before removing registry row
TODO	docs/runbooks/workflow-engine-restart.md	1	TODO — fill at W-Foundation authoring pass. Source signals + paging policy per [INCIDENT-MANAGEMENT.md](../INCIDENT-MANAGEMENT.md).	owner=ops-sre-reliability; issue=PLACEHOLDER-DEBT-DOCS-RUNBOOKS-WORKFLOW-ENGINE-RESTART-MD; captured_at=2026-05-10; action=burn down tracked placeholder or replace with concrete doc owner before removing registry row
TODO	docs/standards/brand-voice.md	1	- (TODO)	owner=council-architecture; issue=PLACEHOLDER-DEBT-DOCS-STANDARDS-BRAND-VOICE-MD; captured_at=2026-05-10; action=burn down tracked placeholder or replace with concrete doc owner before removing registry row
TODO	docs/standards/brand-voice.md	1	1. (TODO — full standard landed at W-Foundation gate)	owner=council-architecture; issue=PLACEHOLDER-DEBT-DOCS-STANDARDS-BRAND-VOICE-MD; captured_at=2026-05-10; action=burn down tracked placeholder or replace with concrete doc owner before removing registry row
TODO	docs/standards/error-handling.md	1	a manual impl with a TODO-free body and a unit test that proves the	owner=council-engineering; issue=PLACEHOLDER-DEBT-DOCS-STANDARDS-ERROR-HANDLING-MD; captured_at=2026-05-14; action=track current TODO placeholder until the owning planning artifact or evidence replaces this row
TODO	docs/standards/incident-severity.md	1	- (TODO)	owner=council-architecture; issue=PLACEHOLDER-DEBT-DOCS-STANDARDS-INCIDENT-SEVERITY-MD; captured_at=2026-05-10; action=burn down tracked placeholder or replace with concrete doc owner before removing registry row
TODO	docs/standards/incident-severity.md	1	1. (TODO — full standard landed at W-Foundation gate)	owner=council-architecture; issue=PLACEHOLDER-DEBT-DOCS-STANDARDS-INCIDENT-SEVERITY-MD; captured_at=2026-05-10; action=burn down tracked placeholder or replace with concrete doc owner before removing registry row
TBD	docs/standards/agentic-dev-team-optimization.md	1	**Verification:** (TBD; queued per ADR-0133 axis-5 enforcement) measures token-count vs information-density and flags below-threshold artifacts.	owner=council-architecture; issue=PLACEHOLDER-DEBT-DOCS-STANDARDS-AGENTIC-DEV-TEAM-OPTIMIZATION-MD; captured_at=2026-05-18; action=remove TBD when smallest-actionable validator lands per ADR-0133 axis-5
TBD	docs/standards/agentic-dev-team-optimization.md	1	**Verification:** (TBD; queued per ADR-0133 axis-5 enforcement) compares per-crate external-framework imports against the Oya-façade catalog.	owner=council-architecture; issue=PLACEHOLDER-DEBT-DOCS-STANDARDS-AGENTIC-DEV-TEAM-OPTIMIZATION-MD; captured_at=2026-05-18; action=remove TBD when no-deeper-hole validator lands per ADR-0133 axis-5
